ACCOUNT NO,PARCEL NO,2026 LAND ACTUAL,2026 IMPROVEMENTS ACTUAL,2026 TOTAL ACTUAL
R000037,370136001001,3804100,501900,4306000
R000367,317724210032,412520,0,412520
R000936,378700000000,10,0,10
R000937,370100000000,10,0,10
R000942,370135102010,204620,401140,605760
R000943,370135102003,217670,235840,453510
R000944,370135103013,217670,339930,557600
R000946,370135105013,204620,313950,518570
R000947,370135105004,213890,340300,554190
R000948,370135106011,204620,253860,458480
R000956,370135110003,320490,1119230,1439720
R000957,370135110007,204620,508210,712830
R000958,370135110011,351390,319450,670840
R000959,370135111001,1300870,401180,1702050
R000960,370135112001,204620,198650,403270
R000963,370135113001,258690,365720,624410
R000964,370135113003,181440,183640,365080
R000965,370135114001,243240,440170,683410
R000966,370135114008,213880,479340,693220
R000970,370135115002,244850,362210,607060
R000971,370135116001,190710,358640,549350
R000972,370135116002,190710,400120,590830
R000973,370135116003,190710,428920,619630
R000974,370135116004,190710,420620,611330
R000975,370135116005,181190,323490,504680
R000976,370135116006,178470,272370,450840
R000977,370135116007,179830,340680,520510
R000978,370135116008,179830,384330,564160
R000979,370135116009,178470,369130,547600
R000980,370135116010,179830,352880,532710
R000981,370135116012,224700,418530,643230
R000982,370135116013,224700,443200,667900
R000983,370135117004,233540,703470,937010
R000984,370135117005,162310,463240,625550
R000985,370135118001,181190,361660,542850
R000986,370135118002,211110,376710,587820
R000987,370135118004,181230,407930,589160
R000988,370135118005,189850,373420,563270
R000989,370135118006,181940,355410,537350
R000990,370135118007,181190,594330,775520
R000991,370135118008,181190,334590,515780
R000992,370135118009,232180,442420,674600
R000993,370135118010,232170,442320,674490
R000994,370135119001,183910,336020,519930
R000995,370135119002,175760,390650,566410
R000996,370135119003,175760,337040,512800
R000997,370135119004,175760,351820,527580
R000998,370135119005,175760,353880,529640
R000999,370135119006,178470,385320,563790
R001000,370135119007,178470,327140,505610
R001001,370135119008,190030,413520,603550
R001002,370135119009,175760,295820,471580
R001003,370135119010,194110,317770,511880
R001004,370135119011,176440,343010,519450
R001005,370135119012,176090,576450,752540
R001006,370135119013,172880,339310,512190
R001007,370135119014,178470,307090,485560
R001008,370135119015,178470,362530,541000
R001009,370135119016,178470,350050,528520
R001010,370135119017,178470,430760,609230
R001011,370135119018,178650,405620,584270
R001012,370135120001,208390,361830,570220
R001013,370135120002,183910,380090,564000
R001014,370135120003,178470,315530,494000
R001016,370135120005,178470,332270,510740
R001017,370135120006,178470,390560,569030
R001018,370135120008,178180,402410,580590
R001019,370135120009,216430,462490,678920
R001020,370135120010,223160,394030,617190
R001021,370135120011,207030,432310,639340
R001022,370135120012,141090,351580,492670
R001023,370135120013,175080,282750,457830
R001024,370135120014,247810,339990,587800
R001025,370135120015,219040,328250,547290
R001026,370135120018,208390,350990,559380
R001027,370135120019,208390,345840,554230
R001028,370135120020,207030,353960,560990
R001029,370135120021,207400,384760,592160
R001030,370135120022,208390,403710,612100
R001031,370135120024,212790,301560,514350
R001032,370135120025,275070,419920,694990
R001033,370135120028,175760,288770,464530
R001034,370135121001,185270,305140,490410
R001035,370135121002,185950,297980,483930
R001036,370135121003,197460,348120,545580
R001037,370135121004,240150,511680,751830
R001039,370135123001,242010,380190,622200
R001040,370135123002,196830,295420,492250
R001041,370135123003,188670,335460,524130
R001042,370135123004,189350,328610,517960
R001043,370135124001,228780,391770,620550
R001044,370135124002,197510,408090,605600
R001045,370135124003,190030,460420,650450
R001046,370135124004,242380,381370,623750
R001047,370135124005,236100,314490,550590
R001048,370135124006,200910,435160,636070
R001049,370135124007,202270,332660,534930
R001050,370135124008,201770,345400,547170
R001051,370135124009,202270,301370,503640
R001052,370135125001,223340,356530,579870
R001053,370135125002,201590,420150,621740
R001054,370135125003,191270,403150,594420
R001055,370135125004,191270,337050,528320
R001056,370135125005,191390,313500,504890
R001057,370135125007,191390,427200,618590
R001058,370135125008,191270,376970,568240
R001059,370135125009,191390,344690,536080
R001060,370135125010,191390,356400,547790
R001061,370135125011,204310,347380,551690
R001062,370135125012,196830,447750,644580
R001063,370135125013,196830,407940,604770
R001064,370135125014,196830,311950,508780
R001065,370135125015,196830,457610,654440
R001066,370135125016,200490,351510,552000
R001068,370135125019,191390,348840,540230
R001069,370135126002,197510,395180,592690
R001070,370135126003,192750,397650,590400
R001071,370135126004,191390,400800,592190
R001072,370135126005,197510,435510,633020
R001074,370135126007,192570,327140,519710
R001075,370135126009,191390,328960,520350
R001076,370135126010,191390,340580,531970
R001077,370135126011,196150,315040,511190
R001078,370135126012,303560,544410,847970
R001079,370135126013,191390,347030,538420
R001080,370135126014,191390,292170,483560
R001081,370135126015,194790,353850,548640
R001082,370135126016,194790,290480,485270
R001083,370135126017,191390,438460,629850
R001084,370135126018,194300,384330,578630
R001085,370135126019,191390,325560,516950
R001086,370135126020,194790,416290,611080
R001087,370135126022,212460,456450,668910
R001088,370135126023,216540,329510,546050
R001089,370135126026,191390,325520,516910
R001090,370135127001,193430,508280,701710
R001093,370135127004,213680,452650,666330
R001094,370135127005,193430,462040,655470
R001095,370135127006,193430,407640,601070
R001096,370135127007,193430,398610,592040
R001097,370135127008,193430,508900,702330
R001098,370135127010,320,0,320
R001099,370135300017,627140,309590,936730
R001101,370134000039,333080,405790,738870
R001102,370135300032,222800,303240,526040
R001103,370135300051,2136670,2678350,4815020
R001105,370134000040,10,0,10
R001111,370135310001,536690,593030,1129720
R001114,370135331012,359120,264200,623320
R001116,370135331003,189940,215940,405880
R001117,370135339001,101050,142710,243760
R001119,370135331010,334710,247310,582020
R001120,370135332001,161360,191930,353290
R001121,370135332002,190710,203620,394330
R001122,370135332003,258690,0,258690
R001123,370135332006,281870,422590,704460
R001124,370135332005,165990,353030,519020
R001125,370135333003,510530,0,510530
R001126,370135336007,417170,377660,794830
R001127,370135336009,445350,373010,818360
R001130,370135337003,198130,395560,593690
R001131,370135337006,271050,376140,647190
R001133,370135401002,237060,211980,449040
R001134,370135401003,162900,475630,638530
R001135,370135401004,155110,262130,417240
R001136,370135402007,165990,288190,454180
R001137,370135402002,195350,447390,642740
R001138,370135402003,204620,368760,573380
R001139,370135402004,204620,613260,817880
R001140,370135402005,243240,481190,724430
R001141,370135403001,189170,264290,453460
R001142,370135403002,158270,363460,521730
R001143,370135403003,158270,400060,558330
R001144,370135403004,243240,523070,766310
R001145,370135403005,281870,666960,948830
R001146,370135404008,204620,346300,550920
R001148,370135404003,165990,252780,418770
R001149,370135404004,165990,301620,467610
R001150,370135404005,165990,307580,473570
R001151,370135404006,204620,517720,722340
R001152,370135404007,204620,319030,523650
R001153,370135405001,204620,321970,526590
R001154,370135405002,165990,343060,509050
R001155,370135405003,165990,343790,509780
R001157,370135405005,173720,200360,374080
R001158,370135405006,204620,417220,621840
R001159,370135405007,243240,503170,746410
R001160,370135405008,165990,334950,500940
R001161,370135405009,204620,417350,621970
R001162,370135406001,204620,656400,861020
R001163,370135406002,243240,546470,789710
R001165,370135406006,165990,434740,600730
R001166,370135406007,165990,312430,478420
R001167,370135406009,204620,271870,476490
R001168,370135406010,165190,229820,395010
R001169,370135406011,166790,613680,780470
R001170,370135406014,165990,371750,537740
R001171,370135407001,243240,335750,578990
R001172,370135407007,281870,570660,852530
R001173,370135407003,176650,487900,664550
R001174,370135407004,185300,605260,790560
R001175,370135407005,243240,904440,1147680
R001176,370135407006,243240,575260,818500
R001177,370135408005,199980,360800,560780
R001178,370135408003,320490,708080,1028570
R001179,370135409001,162900,332420,495320
R001180,370135409003,181440,463890,645330
R001181,370135409004,181440,304550,485990
R001182,370135410001,204620,368830,573450
R001183,370135410012,243240,792210,1035450
R001184,370135410015,185300,325420,510720
R001185,370135410004,204620,457890,662510
R001186,370135410006,204620,714290,918910
R001187,370135410007,204620,294010,498630
R001188,370135410008,204620,557170,761790
R001189,370135411001,204620,347700,552320
R001190,370135411002,204620,468380,673000
R001191,370135411003,165990,414810,580800
R001193,370135411005,165990,177610,343600
R001194,370135411006,243240,258510,501750
R001195,370135411007,204620,410660,615280
R001196,370135412001,165990,285990,451980
R001197,370135412002,165990,266230,432220
R001198,370135412005,185300,438560,623860
R001199,370135412006,165990,272750,438740
R001200,370135412007,243240,742660,985900
R001201,370135412008,204620,552660,757280
R001202,370135412009,185300,363180,548480
R001203,370135412010,243240,389990,633230
R001204,370135412011,165990,628290,794280
R001205,370135413001,243240,306980,550220
R001206,370135413004,185300,358520,543820
R001208,370135414001,204620,395060,599680
R001209,370135414002,165990,235710,401700
R001210,370135414003,185300,477260,662560
R001211,370135414004,185300,327640,512940
R001212,370135414008,204620,391870,596490
R001213,370135414006,204620,430620,635240
R001214,370135414007,204620,477670,682290
R001215,370135415001,173720,313550,487270
R001216,370135415002,204620,395850,600470
R001217,370135415003,204620,472020,676640
R001218,370135415004,204620,374700,579320
R001219,370135415005,204620,370920,575540
R001220,370135415006,204620,330630,535250
R001221,370135415007,158270,401790,560060
R001222,370135416001,162900,345850,508750
R001223,370135416002,162900,286080,448980
R001224,370135416003,162900,302170,465070
R001225,370135416004,162900,210100,373000
R001226,370135416005,162900,491300,654200
R001227,370135417002,243240,551710,794950
R001228,370135417008,227790,1281030,1508820
R001229,370135417009,227790,478340,706130
R001231,370135466001,217960,323820,541780
R001233,370135418007,261780,694760,956540
R001234,370135419007,505780,0,505780
R001235,370135421003,772870,2588390,3361260
R001237,370135423002,165990,0,165990
R001239,370135429001,243240,378950,622190
R001240,370135429004,243240,394120,637360
R001241,370135429005,165990,505650,671640
R001242,370135429006,165990,380930,546920
R001243,370135429007,469240,0,469240
R001244,370135429008,243240,333350,576590
R001245,370135430012,261780,760870,1022650
R001246,370135430004,35390,0,35390
R001247,370135431001,1293260,0,1293260
R001248,370135432001,1264660,0,1264660
R001249,370135433001,218520,302170,520690
R001251,370135433003,218520,686340,904860
R001252,370135433005,175260,548660,723920
R001253,370135433006,175260,168370,343630
R001254,370135433008,175260,732050,907310
R001256,370135434001,165990,240120,406110
R001257,370135434017,243240,354160,597400
R001258,370135434007,165990,311980,477970
R001259,370135434009,216200,438580,654780
R001260,370135434011,179510,509740,689250
R001261,370135434012,361060,388280,749340
R001264,370135435001,807010,2190060,2997070
R001265,370135435002,115940,0,115940
R001266,370135435003,115940,590100,706040
R001267,370135436005,218520,192490,411010
R001269,370135437002,190710,276770,467480
R001270,370135437003,165990,331440,497430
R001271,370135437004,165990,439230,605220
R001272,370135437005,161160,0,161160
R001273,370135437007,1234120,62530,1296650
R001274,370135438001,162900,415440,578340
R001275,370135439001,165990,291060,457050
R001276,370135439002,204620,422760,627380
R001277,370135440001,204620,527140,731760
R001278,370135441001,165990,344670,510660
R001281,370135441004,165990,497360,663350
R001282,370135441005,204620,646430,851050
R001283,370135441006,185300,361460,546760
R001284,370135441007,185300,303200,488500
R001285,370135442001,127370,287240,414610
R001287,370135442008,243240,325660,568900
R001288,370135442004,165990,272660,438650
R001289,370135442005,204620,395240,599860
R001290,370135442006,204620,213900,418520
R001291,370135442012,281870,106470,388340
R001293,370135443002,320490,375630,696120
R001294,370135443004,243390,298560,541950
R001295,370135443005,127490,400750,528240
R001299,370135444001,162900,248350,411250
R001301,370135444003,237060,0,237060
R001302,370135445002,966980,455710,1422690
R001303,370135446002,258690,559490,818180
R001304,370135446003,1015590,0,1015590
R001305,370135446004,285880,253960,539840
R001306,370135447001,165990,373340,539330
R001307,370135447002,165990,470760,636750
R001308,370135447003,243240,474780,718020
R001309,370135447015,148070,522260,670330
R001310,370135447005,164400,295850,460250
R001311,370135447006,185300,293290,478590
R001312,370135447007,179510,462890,642400
R001313,370135447008,179510,520180,699690
R001314,370135447009,177580,307450,485030
R001315,370135447010,204610,419370,623980
R001316,370135448001,204610,555010,759620
R001317,370135448004,197660,258020,455680
R001318,370135448005,161360,363710,525070
R001320,370135448010,177580,988500,1166080
R001321,370135448008,165990,607540,773530
R001322,370135448009,370710,1612550,1983260
R001323,370135449001,270280,448790,719070
R001325,370135449009,258690,121520,380210
R001326,370135449011,243240,179410,422650
R001327,370135449012,204620,72800,277420
R001328,370135449006,148730,342530,491260
R001329,370135449007,165990,483970,649960
R001330,370135449008,138950,268230,407180
R001331,370135463001,193020,368690,561710
R001332,370135450007,115940,352150,468090
R001333,370135450008,165990,383060,549050
R001334,370135450009,43220,114140,157360
R001335,370135450022,254830,366100,620930
R001336,370135450012,32060,243200,275260
R001337,370135450013,100430,374720,475150
R001341,370135450017,161360,278930,440290
R001342,370135450018,177580,292060,469640
R001343,370135451009,161360,212270,373630
R001344,370135451002,183640,244550,428190
R001347,370135451005,148730,401080,549810
R001348,370135451006,216210,420190,636400
R001349,370135452002,549850,582520,1132370
R001350,370135453001,0,216950,216950
R001351,370135453002,0,216950,216950
R001352,370135453003,0,218450,218450
R001353,370135453004,0,218450,218450
R001354,370135453005,0,241180,241180
R001355,370135453006,0,241180,241180
R001356,370135453007,0,235240,235240
R001357,370135453008,0,235240,235240
R001358,370135453009,0,237000,237000
R001359,370135453010,0,241180,241180
R001360,370135453011,0,235240,235240
R001361,370135453012,0,235240,235240
R001362,370135454001,0,400450,400450
R001363,370135454002,0,347930,347930
R001364,370135454003,0,390440,390440
R001365,370135454005,0,391850,391850
R001366,370135454006,0,391850,391850
R001367,370135454007,0,391850,391850
R001368,370135454008,0,401890,401890
R001370,370135454011,0,390440,390440
R001404,370135456001,0,325240,325240
R001405,370135456002,0,361740,361740
R001406,370135456003,0,361360,361360
R001407,370135456004,0,325240,325240
R001408,370135456005,0,323980,323980
R001409,370135456006,0,370440,370440
R001410,370135456007,0,324610,324610
R001411,370135456008,0,361930,361930
R001412,370135456009,0,361930,361930
R001413,370135456010,0,324610,324610
R001414,370135456011,0,322720,322720
R001415,370135456012,0,361740,361740
R001416,370135456013,0,361360,361360
R001417,370135456014,0,322720,322720
R001418,370135456015,0,384380,384380
R001419,370135456016,0,322720,322720
R001420,370135456017,0,372750,372750
R001421,370135456018,0,323560,323560
R001422,370135456019,0,322720,322720
R001423,370135456020,0,362870,362870
R001424,370135456021,0,362870,362870
R001425,370135456022,0,322720,322720
R001426,370135457001,0,188280,188280
R001427,370135457002,0,188280,188280
R001428,370135457003,0,187050,187050
R001429,370135457004,0,187050,187050
R001430,370135457005,0,208600,208600
R001431,370135457006,0,208600,208600
R001432,370135458001,165990,484590,650580
R001433,370135458002,223930,402430,626360
R001435,370135459002,0,307200,307200
R001436,370135459003,0,332250,332250
R001437,370135459004,0,331070,331070
R001438,370135459006,0,366260,366260
R001440,370135459012,0,366260,366260
R001442,370136235046,354640,1291980,1646620
R001444,370136000007,323170,690580,1013750
R001447,370136000024,190540,0,190540
R001449,370136200050,376940,411310,788250
R001451,370136000032,3207400,0,3207400
R001452,370136201002,209870,306070,515940
R001453,370136201003,205540,597860,803400
R001454,370136201004,205540,426970,632510
R001455,370136201005,209870,368330,578200
R001456,370136208001,1236900,3687580,4924480
R001458,370136202001,204620,466350,670970
R001459,370136202002,204620,360130,564750
R001460,370136202003,204620,314990,519610
R001461,370136202004,204620,302200,506820
R001462,370136202005,204620,353640,558260
R001463,370136202006,204620,369140,573760
R001464,370136202007,204620,329370,533990
R001465,370136202008,204620,458770,663390
R001466,370136202010,204620,545690,750310
R001467,370136202011,204620,406240,610860
R001468,370136202012,204620,308910,513530
R001469,370136202013,204620,518270,722890
R001470,370136202014,320490,565710,886200
R001471,370136202015,204620,444340,648960
R001472,370136202016,204620,401540,606160
R001473,370136202017,204620,392390,597010
R001474,370136202020,204620,402050,606670
R001475,370136203019,168460,441080,609540
R001476,370136203020,199980,556040,756020
R001477,370136203022,212030,453660,665690
R001478,370136203021,199980,453370,653350
R001479,370136203009,199980,400530,600510
R001480,370136203015,199980,436220,636200
R001481,370136203017,199980,420690,620670
R001482,370136203018,199980,364240,564220
R001483,370136203014,167140,314110,481250
R001486,370136207001,207770,326090,533860
R001488,370136204013,187930,330780,518710
R001489,370136204011,187930,398860,586790
R001490,370136205001,204620,411910,616530
R001491,370136205002,204620,414190,618810
R001492,370136205003,204620,378670,583290
R001493,370136205004,204620,421870,626490
R001494,370136205005,204620,404540,609160
R001495,370136205007,289590,514400,803990
R001496,370136205008,250970,477500,728470
R001497,370136205009,243240,687670,930910
R001498,370136205010,196580,358880,555460
R001499,370136205011,204620,384870,589490
R001500,370136205012,204620,387390,592010
R001501,370136205015,212340,410050,622390
R001502,370136206001,238850,638980,877830
R001503,370136206002,490620,234170,724790
R001504,370136206003,926000,0,926000
R001505,370136206004,785030,0,785030
R001508,370136206035,223810,868060,1091870
R001509,370136206009,160000,849770,1009770
R001510,370136206010,218520,335420,553940
R001511,370136206011,192570,392330,584900
R001512,370136206013,218520,393560,612080
R001513,370136206014,218520,376400,594920
R001514,370136206015,218520,399730,618250
R001515,370136206016,218520,382610,601130
R001516,370136206017,192570,471520,664090
R001517,370136206028,214860,404740,619600
R001518,370136206029,213890,458060,671950
R001519,370136206020,218520,401630,620150
R001520,370136206021,218520,421320,639840
R001521,370136206023,272340,619200,891540
R001522,370136206024,214280,1045040,1259320
R001523,370136206032,156740,147020,303760
R001525,370136302001,223930,499160,723090
R001526,370136302002,185300,433550,618850
R001527,370136302003,185300,414020,599320
R001528,370136303001,204620,390470,595090
R001529,370136303002,204620,75510,280130
R001530,370136304001,165990,283070,449060
R001531,370136304002,152840,272230,425070
R001532,370136305001,204620,361260,565880
R001533,370136305002,164430,479660,644090
R001534,370136305014,164420,380810,545230
R001535,370136305005,165990,419150,585140
R001536,370136305006,165990,405460,571450
R001537,370136305007,185300,534920,720220
R001538,370136305008,185300,870990,1056290
R001539,370136305018,111890,131340,243230
R001542,370136306002,243240,702840,946080
R001543,370136306003,204620,582510,787130
R001544,370136306005,281870,587600,869470
R001546,370136307001,201530,574460,775990
R001547,370136307002,165990,494660,660650
R001548,370136307003,243240,707090,950330
R001549,370136307004,165990,338740,504730
R001550,370136307005,243240,412070,655310
R001551,370136307009,165990,817110,983100
R001552,370136307007,165990,212230,378220
R001553,370136307008,207710,369690,577400
R001555,370136309014,144360,269680,414040
R001556,370136309002,359120,1154110,1513230
R001557,370136309004,185300,420630,605930
R001558,370136309005,173410,330540,503950
R001560,370136309015,117790,287490,405280
R001561,370136309013,185300,439780,625080
R001562,370136310001,165990,238110,404100
R001563,370136310002,165990,436680,602670
R001564,370136310003,204620,604880,809500
R001565,370136310004,204620,397080,601700
R001566,370136310005,165990,332320,498310
R001567,370136310012,137690,393910,531600
R001568,370136310013,117050,301530,418580
R001569,370136368002,138460,355550,494010
R001570,370136310009,165990,464260,630250
R001571,370136310010,204620,347260,551880
R001572,370136310011,165990,375880,541870
R001573,370136312001,130160,203440,333600
R001574,370136312002,105630,268440,374070
R001575,370136312005,86520,102770,189290
R001576,370136312007,84930,224320,309250
R001577,370136312008,86520,487600,574120
R001578,370136312009,86520,214790,301310
R001579,370136312010,164420,0,164420
R001580,370136312011,118270,193050,311320
R001581,370136312026,183390,707650,891040
R001582,370136312013,151280,367810,519090
R001583,370136312014,215050,313700,528750
R001584,370136312017,115260,366070,481330
R001585,370136312020,91640,278800,370440
R001586,370136312022,207560,1622630,1830190
R001587,370136312023,88130,336410,424540
R001588,370136313022,435490,422150,857640
R001590,370136313015,86520,318330,404850
R001591,370136313004,86520,158180,244700
R001592,370136313005,86520,187550,274070
R001593,370136313006,86520,210700,297220
R001595,370136313008,86520,228380,314900
R001596,370136313009,102440,191020,293460
R001597,370136313010,70360,238030,308390
R001598,370136313011,86520,234790,321310
R001599,370136313012,86520,255230,341750
R001601,370136313017,293130,442860,735990
R001603,370136314001,204620,803080,1007700
R001604,370136314002,447930,293200,741130
R001605,370136314003,199250,211220,410470
R001606,370136365005,135450,349910,485360
R001607,370136314005,360440,1021580,1382020
R001608,370136314006,243240,722190,965430
R001609,370136315001,165990,778370,944360
R001612,370136315005,557070,420220,977290
R001613,370136315006,165990,386750,552740
R001614,370136315007,151370,243030,394400
R001615,370136315008,151370,443150,594520
R001617,370136316002,523510,3200770,3724280
R001618,370136316005,226980,1012160,1239140
R001620,370136317001,231650,653530,885180
R001621,370136317002,150540,391990,542530
R001622,370136318001,243240,507160,750400
R001623,370136318002,204620,240930,445550
R001624,370136319001,204620,499810,704430
R001625,370136319002,243240,356090,599330
R001626,370136320001,185150,412320,597470
R001627,370136321002,359120,2104210,2463330
R001628,370136321003,274140,377120,651260
R001629,370136322001,243240,654800,898040
R001630,370136322002,204610,402580,607190
R001631,370136322003,243240,515350,758590
R001632,370136322004,146680,383050,529730
R001633,370136322006,243240,742420,985660
R001634,370136322007,243240,690780,934020
R001635,370136322008,127370,265830,393200
R001637,370136323003,165990,604780,770770
R001638,370136323004,165990,336940,502930
R001639,370136369001,0,281540,281540
R001640,370136323006,165990,747780,913770
R001642,370136323015,334710,261290,596000
R001643,370136323009,165990,452880,618870
R001644,370136323011,204620,363140,567760
R001645,370136323016,165990,688140,854130
R001648,370136324002,204610,446440,651050
R001649,370136324003,165990,208190,374180
R001651,370136324005,255620,178100,433720
R001652,370136324006,164420,479630,644050
R001653,370136324007,164420,820510,984930
R001655,370136325001,86520,194120,280640
R001657,370136325003,83050,209870,292920
R001658,370136325004,447930,625820,1073750
R001659,370136325005,239370,1090440,1329810
R001660,370136325008,87860,605310,693170
R001661,370136325009,85160,585570,670730
R001662,370136325010,86520,550170,636690
R001663,370136325011,86520,219280,305800
R001664,370136325012,86520,227840,314360
R001665,370136325013,86520,143430,229950
R001666,370136325019,73750,176110,249860
R001667,370136326001,1206370,1561540,2767910
R001668,370136327001,985770,795540,1781310
R001669,370136327002,306230,567280,873510
R001671,370136329001,371750,769050,1140800
R001672,370136330001,310120,192080,502200
R001673,370136330002,165990,264800,430790
R001674,370136330003,215060,323760,538820
R001675,370136330004,492260,359380,851640
R001678,370136331001,281870,0,281870
R001679,370136331002,310120,425670,735790
R001680,370136331013,671810,2531370,3203180
R001681,370136332001,164420,467540,631960
R001682,370136332002,124780,186240,311020
R001683,370136332003,369220,731990,1101210
R001684,370136332004,312460,1167070,1479530
R001685,370136332005,70360,128280,198640
R001686,370136332006,164420,1020760,1185180
R001687,370136332020,164420,474320,638740
R001689,370136332009,133720,416010,549730
R001691,370136332019,118160,381600,499760
R001692,370136332014,111890,534620,646510
R001693,370136332015,60530,248270,308800
R001694,370136333001,126460,0,126460
R001695,370136333002,550540,1667400,2217940
R001697,370136334006,248350,638360,886710
R001698,370136335001,498170,0,498170
R001699,370136336001,264850,832610,1097460
R001700,370136336002,259310,845490,1104800
R001701,370136337020,162900,233900,396800
R001702,370136337002,359500,569340,928840
R001703,370136337017,204620,566220,770840
R001704,370136337004,173720,398170,571890
R001705,370136337005,235520,630540,866060
R001706,370136337008,169080,327210,496290
R001707,370136337009,165990,300150,466140
R001708,370136338004,204620,406640,611260
R001709,370136338005,243240,458190,701430
R001710,370136338006,243240,969550,1212790
R001711,370136338007,165990,410120,576110
R001712,370136338008,243240,472430,715670
R001714,370136338010,185300,397850,583150
R001715,370136338011,185300,508220,693520
R001716,370136339017,204620,492450,697070
R001717,370136339020,204620,325180,529800
R001718,370136339004,165990,567790,733780
R001719,370136339005,150540,375690,526230
R001720,370136339006,181440,557920,739360
R001721,370136339025,204620,506170,710790
R001722,370136339023,165990,283880,449870
R001723,370136339009,165990,379960,545950
R001724,370136339012,165990,327170,493160
R001726,370136340001,806240,2551790,3358030
R001728,370136341002,165990,274800,440790
R001729,370136341003,165990,313270,479260
R001730,370136341004,165990,621140,787130
R001731,370136341005,165990,252370,418360
R001732,370136341006,165990,436280,602270
R001733,370136341007,165990,403730,569720
R001734,370136341008,258070,631150,889220
R001736,370136341015,173410,73840,247250
R001737,370136342001,165990,520630,686620
R001739,370136342003,204620,372840,577460
R001740,370136342004,138180,296590,434770
R001741,370136342005,155180,411650,566830
R001742,370136342006,204620,578870,783490
R001743,370136342007,204620,409380,614000
R001744,370136342008,165990,396270,562260
R001745,370136342009,165990,394660,560650
R001746,370136343001,204620,421430,626050
R001747,370136343002,227790,711140,938930
R001748,370136343003,181440,318230,499670
R001749,370136343008,204620,524050,728670
R001750,370136343005,204620,362900,567520
R001751,370136343006,204620,599740,804360
R001752,370136343007,204620,661660,866280
R001753,370136344001,229030,517470,746500
R001754,370136344002,152840,139140,291980
R001755,370136344003,165990,363900,529890
R001756,370136344004,165990,269680,435670
R001757,370136344005,222510,598950,821460
R001758,370136344006,222510,225880,448390
R001759,370136344007,192260,321010,513270
R001760,370136344008,178350,312760,491110
R001761,370136344009,218830,478190,697020
R001762,370136345001,165990,460490,626480
R001763,370136345002,222510,195830,418340
R001764,370136345011,204620,439100,643720
R001765,370136345004,243240,190170,433410
R001766,370136345005,220070,608380,828450
R001767,370136345006,181440,182410,363850
R001768,370136345007,173720,370040,543760
R001769,370136346001,162120,446720,608840
R001770,370136346002,436370,2243940,2680310
R001771,370136346003,169540,462170,631710
R001772,370136346004,224240,311970,536210
R001773,370136346005,146680,287600,434280
R001774,370136347001,204620,444930,649550
R001775,370136347002,165990,377980,543970
R001776,370136347003,165990,339820,505810
R001777,370136347004,204620,437810,642430
R001778,370136347005,185300,726160,911460
R001779,370136347006,165990,453060,619050
R001781,370136348010,165990,369340,535330
R001789,370136349004,734000,219510,953510
R001790,370136371002,165990,289140,455130
R001791,370136349003,148730,0,148730
R001793,370136350002,227800,485110,712910
R001794,370136350003,243240,311240,554480
R001795,370136350004,185300,294820,480120
R001796,370136351001,266420,331050,597470
R001797,370136351002,189170,358120,547290
R001798,370136351003,266420,568400,834820
R001799,370136351004,204620,358350,562970
R001800,370136352002,237060,469280,706340
R001801,370136353001,199980,609130,809110
R001802,370136353002,199980,318800,518780
R001803,370136353003,218520,246970,465490
R001804,370136353004,181440,486540,667980
R001805,370136354008,166000,655500,821500
R001806,370136354002,281870,605020,886890
R001807,370136354010,243240,651790,895030
R001808,370136354011,204620,343230,547850
R001809,370136354005,185300,437980,623280
R001810,370136354006,185300,434160,619460
R001811,370136354007,204620,350640,555260
R001812,370136355001,165990,683580,849570
R001813,370136355002,204620,400410,605030
R001814,370136355003,204620,412350,616970
R001816,370136355005,158270,353520,511790
R001817,370136355006,173720,327230,500950
R001818,370136355007,204610,737850,942460
R001819,370136355008,204620,1208690,1413310
R001820,370136355018,165990,423800,589790
R001821,370136355015,165990,668050,834040
R001822,370136356001,152840,112400,265240
R001823,370136356002,165990,508680,674670
R001824,370136356005,165990,628630,794620
R001825,370136356006,156720,376660,533380
R001826,370136356007,252510,559970,812480
R001827,370136356010,241680,636160,877840
R001828,370136356011,193800,519600,713400
R001829,370136356012,290450,804040,1094490
R001830,370136356013,165990,263630,429620
R001832,370136357002,165990,370280,536270
R001833,370136357003,204620,656810,861430
R001835,370136357005,165990,279950,445940
R001836,370136357006,165990,271140,437130
R001837,370136357007,243240,615740,858980
R001838,370136357008,165990,309010,475000
R001839,370136357009,165990,347080,513070
R001840,370136358001,204620,602280,806900
R001841,370136358003,181440,452170,633610
R001842,370136358004,173720,282390,456110
R001843,370136358021,185300,428610,613910
R001844,370136358018,281870,354980,636850
R001846,370136358014,181440,293200,474640
R001848,370136359001,552240,970740,1522980
R001849,370136359002,204620,282630,487250
R001850,370136359003,204620,434570,639190
R001851,370136359009,176450,227290,403740
R001853,370136360001,199980,354800,554780
R001854,370136360002,214810,363180,577990
R001855,370136360003,222230,450900,673130
R001856,370136360004,162900,476710,639610
R001857,370136361001,156410,366840,523250
R001858,370136361002,132310,266620,398930
R001859,370136361003,237060,462300,699360
R001860,370136361004,177730,178560,356290
R001861,370136362001,165990,413530,579520
R001864,370136362007,138180,371370,509550
R001865,370136362005,243240,543530,786770
R001866,370136362010,204620,492880,697500
R001867,370136363002,165990,434980,600970
R001868,370136363016,127370,311760,439130
R001869,370136370004,190940,670720,861660
R001870,370136370002,218290,1033010,1251300
R001871,370136363006,165990,624460,790450
R001872,370136363009,165990,787630,953620
R001873,370136363015,165990,400220,566210
R001876,370136363014,165990,294950,460940
R001877,370136364001,152840,127420,280260
R001878,370136364008,243240,638430,881670
R001880,370136364004,258690,415010,673700
R001881,370136364010,250200,361230,611430
R001882,370136364011,170630,434570,605200
R001891,370136407015,186510,500660,687170
R001892,370136407004,305040,952570,1257610
R001894,370136408005,279090,574800,853890
R001895,370136408006,247850,627310,875160
R001898,370136411001,552240,0,552240
R001899,370136412002,1810520,0,1810520
R001900,370136413001,196890,600500,797390
R001901,370136413002,196890,595260,792150
R001902,370136413003,253130,724090,977220
R001903,370136413004,175260,140210,315470
R001904,370136413005,218520,146630,365150
R001905,370136413006,175260,418270,593530
R001907,370136413009,339650,1814760,2154410
R001908,370136414001,261780,711910,973690
R001909,370136414002,209870,350970,560840
R001910,370136414003,175260,393770,569030
R001911,370136414004,175260,308660,483920
R001912,370136414005,169080,390770,559850
R001913,370136414006,181440,361600,543040
R001915,370136414008,218520,658830,877350
R001916,370136415001,159190,548010,707200
R001917,370136415004,243860,1128390,1372250
R001918,370136415003,159190,369350,528540
R001921,370136417001,1015740,0,1015740
R001922,370136418001,1015740,0,1015740
R001923,370136419001,552240,0,552240
R001924,378701000001,375270,1427340,1802610
R001932,378701002008,1601650,0,1601650
R001934,378701102001,1015740,0,1015740
R001935,378701103001,1015740,0,1015740
R001936,378701104001,975730,2117450,3093180
R001939,378701208009,205080,347260,552340
R001940,378701208010,205080,578120,783200
R001941,378701208011,205080,402790,607870
R001942,378701208012,205080,519650,724730
R001943,378701107001,1015740,0,1015740
R001944,378701108001,1015740,0,1015740
R001945,378701109001,1015740,0,1015740
R001946,378701113001,606320,0,606320
R001947,378701114001,1015740,0,1015740
R001952,378701117001,204620,0,204620
R001953,378701201008,386460,1830070,2216530
R001954,378701201002,271080,960760,1231840
R001956,378701202001,293130,394470,687600
R001957,378701202003,165990,252410,418400
R001958,378701202004,165990,196620,362610
R001959,378701202005,165990,357160,523150
R001963,378701202009,224560,373570,598130
R001964,378701202010,310120,329190,639310
R001965,378701203010,557070,0,557070
R001966,378701203002,293130,431800,724930
R001967,378701203003,215050,0,215050
R001968,378701203004,334710,224290,559000
R001971,378701204015,237600,403750,641350
R001972,378701204016,139260,621090,760350
R001973,378701204006,204620,462690,667310
R001974,378701204007,204620,524480,729100
R001975,378701204008,215060,497850,712910
R001978,378701204018,275890,333690,609580
R001979,378701204014,166250,377410,543660
R001980,378701205001,262550,365480,628030
R001981,378701205002,165990,452580,618570
R001983,378701205004,204620,578730,783350
R001984,378701205005,204620,339370,543990
R001985,378701205006,204620,488110,692730
R001986,378701205007,262550,171670,434220
R001987,378701206002,204620,279760,484380
R001988,378701206003,204620,505760,710380
R001989,378701206004,204620,316700,521320
R001990,378701206015,204620,266940,471560
R001991,378701206016,165990,239840,405830
R001992,378701206007,165990,495560,661550
R001993,378701206008,204620,377390,582010
R001994,378701206017,204620,422700,627320
R001996,378701207001,204620,325360,529980
R001997,378701207002,185350,405720,591070
R001998,378701207003,185300,495340,680640
R001999,378701207004,204620,344090,548710
R002000,378701207005,165990,383310,549300
R002001,378701207006,165990,384120,550110
R002002,378701207007,165990,407740,573730
R002003,378701207008,165990,230430,396420
R002004,378701207009,165990,496570,662560
R002005,378701207010,204620,370110,574730
R002007,378701208002,204610,331630,536240
R002008,378701208003,165990,418270,584260
R002009,378701208004,204620,528040,732660
R002010,378701208005,243240,460470,703710
R002014,378701209011,243860,424610,668470
R002015,378701209002,165990,423250,589240
R002016,378701209003,165990,327450,493440
R002017,378701209004,165990,526410,692400
R002018,378701209005,165990,426730,592720
R002019,378701209006,165990,281250,447240
R002020,378701209007,165990,472720,638710
R002021,378701209010,243860,580450,824310
R002022,378701209012,243860,576350,820210
R002023,378701210001,204620,379780,584400
R002024,378701210002,281870,458130,740000
R002025,378701210003,243240,290710,533950
R002026,378701210004,204620,520580,725200
R002027,378701210005,281870,471230,753100
R002028,378701210010,165990,539100,705090
R002029,378701210007,165990,528670,694660
R002030,378701211001,165990,465830,631820
R002034,378701211005,204620,478970,683590
R002035,378701211006,359120,259600,618720
R002036,378701212001,165990,328720,494710
R002037,378701212002,165990,478480,644470
R002038,378701212003,165990,263770,429760
R002039,378701212004,165990,266010,432000
R002040,378701212005,165990,348570,514560
R002041,378701212006,165990,548160,714150
R002042,378701212007,165990,579180,745170
R002058,378701241002,114070,767060,881130
R002059,378701217002,149130,395100,544230
R002060,378701217003,102440,520540,622980
R002061,378701217004,310120,0,310120
R002063,378701217006,109320,374140,483460
R002064,378701217007,146680,483340,630020
R002065,378701217025,243240,713870,957110
R002066,378701217009,255620,658710,914330
R002067,378701217010,121290,570120,691410
R002068,378701217026,50570,189600,240170
R002069,378701218020,119010,529950,648960
R002070,378701218004,156720,553860,710580
R002071,378701218005,190710,371070,561780
R002072,378701218006,176030,334320,510350
R002075,378701218015,164420,935200,1099620
R002076,378701219001,312470,0,312470
R002077,378701219002,630430,2112130,2742560
R002078,378701220001,336610,934180,1270790
R002079,378701221004,485380,206190,691570
R002083,378701223009,165990,470700,636690
R002085,378701223003,165990,372350,538340
R002086,378701223004,204620,450150,654770
R002087,378701223005,185300,299500,484800
R002088,378701223006,185300,1142910,1328210
R002089,378701224001,165990,438660,604650
R002090,378701224002,165990,452030,618020
R002091,378701224003,165990,315500,481490
R002092,378701224006,165990,520880,686870
R002093,378701224007,204620,460650,665270
R002094,378701224008,204620,703410,908030
R002095,378701224009,165990,291850,457840
R002096,378701224010,281870,521540,803410
R002097,378701225001,243240,580130,823370
R002098,378701225002,204620,285650,490270
R002099,378701225003,204620,457110,661730
R002100,378701225013,204620,312100,516720
R002101,378701225005,204620,334300,538920
R002102,378701225006,165990,407130,573120
R002103,378701225007,165990,514430,680420
R002104,378701225008,165990,494840,660830
R002105,378701225009,165990,329910,495900
R002108,378701226006,204620,384750,589370
R002113,378701229016,243240,493530,736770
R002123,378701003001,12007150,0,12007150
R002128,378701236007,990450,676680,1667130
R002130,378701236006,262550,269490,532040
R002131,378701242001,154270,186190,340460
R002138,378701240001,0,354260,354260
R002139,378701240002,0,345400,345400
R002140,378701240003,0,345400,345400
R002141,378701240004,0,345400,345400
R002142,378701240006,0,354260,354260
R002143,378701240007,0,357200,357200
R002144,378701240008,0,348270,348270
R002145,378701240009,0,348270,348270
R002146,378701240010,0,357200,357200
R002147,378701240031,0,354260,354260
R002148,378701240032,0,345400,345400
R002149,378701240033,0,345400,345400
R002150,378701240034,0,354260,354260
R002152,378701240041,0,345400,345400
R002153,378701240037,0,357470,357470
R002154,378701240038,0,348270,348270
R002155,378701240039,0,348270,348270
R002156,378701240040,0,357200,357200
R002158,378702101002,133410,198630,332040
R002160,378702102002,43220,179870,223090
R002162,378702102004,122730,227800,350530
R002163,378702102008,161360,293170,454530
R002164,378702102009,203840,553900,757740
R002166,378702103001,81610,395680,477290
R002167,378702103002,36870,0,36870
R002168,378702103003,155190,491970,647160
R002169,378702103004,230880,198880,429760
R002170,378702103005,161360,422640,584000
R002171,378702103006,144360,416880,561240
R002173,378702103008,204620,327030,531650
R002174,378702103012,165990,325690,491680
R002176,378702104002,81610,234700,316310
R002177,378702104004,190710,294980,485690
R002178,378702104012,140250,155570,295820
R002179,378702104024,199250,329440,528690
R002180,378702104022,203830,362520,566350
R002181,378702104015,132940,207200,340140
R002182,378702104016,326170,212930,539100
R002183,378702105001,190710,275870,466580
R002184,378702105002,156720,612420,769140
R002186,378702105009,165990,0,165990
R002188,378702106002,270280,573590,843870
R002189,378702106003,485110,67590,552700
R002190,378702158001,0,538780,538780
R002191,378702106006,173720,331110,504830
R002192,378702106014,173720,262340,436060
R002193,378702107001,330190,0,330190
R002194,378702107002,204610,457450,662060
R002195,378702107003,165990,415340,581330
R002196,378702107004,165990,246720,412710
R002197,378702107005,165990,241610,407600
R002198,378702107015,204620,215600,420220
R002199,378702107007,247520,0,247520
R002200,378702107017,165990,326070,492060
R002204,378702109015,378340,335240,713580
R002207,378702109014,207580,194000,401580
R002208,378702109012,207580,306910,514490
R002209,378702110001,151370,256990,408360
R002210,378702110002,165990,261050,427040
R002211,378702110003,243240,291590,534830
R002212,378702110004,204620,282190,486810
R002213,378702110005,204620,335250,539870
R002214,378702110010,610040,193460,803500
R002215,378702111007,299320,289470,588790
R002217,378702112007,140250,226540,366790
R002220,378702113001,180440,401940,582380
R002221,378702113002,181260,447870,629130
R002222,378702113003,407410,0,407410
R002223,378702113005,156720,440840,597560
R002226,378702114003,130040,395340,525380
R002228,378702115010,165990,324740,490730
R002229,378702115003,216200,259460,475660
R002230,378702115004,327480,10,327490
R002234,378702116004,577460,0,577460
R002235,378702117001,161360,293860,455220
R002237,378702117004,243240,239500,482740
R002238,378702117005,216200,0,216200
R002239,378702117011,161360,283910,445270
R002240,378702117008,161360,669260,830620
R002242,378702118002,220960,97160,318120
R002243,378702119005,450740,0,450740
R002245,378702119004,590550,1771480,2362030
R002246,378702120001,417990,760600,1178590
R002247,378702120002,350310,309080,659390
R002249,378702120006,973540,1554440,2527980
R002250,378702120005,333380,529200,862580
R002251,378702121004,320490,379700,700190
R002254,378702123001,51620,460550,512170
R002255,378702123002,143330,613380,756710
R002256,378702123003,153690,0,153690
R002257,378702124001,163320,269460,432780
R002258,378702124007,229730,431420,661150
R002260,378702124005,232310,618200,850510
R002263,378702125002,271630,734600,1006230
R002264,378702126009,383640,118760,502400
R002269,378702127001,1388790,0,1388790
R002270,378702128002,479090,324200,803290
R002271,378702129001,443620,215720,659340
R002272,378702129008,364200,73300,437500
R002273,378702165001,197350,177160,374510
R002274,378702129006,197350,185860,383210
R002275,378702129010,282420,225970,508390
R002278,378702131008,538620,1189850,1728470
R002279,378702131005,604650,477140,1081790
R002280,378702131009,244240,209180,453420
R002281,378702132001,364190,26340,390530
R002282,378702132002,364200,180100,544300
R002283,378702132014,282420,112470,394890
R002287,378702133002,283020,0,283020
R002290,378702135001,165990,171410,337400
R002292,378702135003,243240,352540,595780
R002293,378702136001,281870,615030,896900
R002294,378702136012,40600,213790,254390
R002295,378702137011,165990,242950,408940
R002296,378702137003,243240,399810,643050
R002297,378702137004,243250,414420,657670
R002299,378702138002,320490,582950,903440
R002300,378702138008,189170,285130,474300
R002301,378702138009,220070,461320,681390
R002304,378702140002,377580,327410,704990
R002305,378702140005,437670,245350,683020
R002310,378702142003,152500,16980,169480
R002313,378702143003,407770,0,407770
R002314,378702144012,334770,0,334770
R002315,378702160001,0,325020,325020
R002318,378702147010,334770,64740,399510
R002319,378702147015,407770,116090,523860
R002320,378702146006,298910,229810,528720
R002321,378702148003,462670,704400,1167070
R002323,378702148010,432280,191180,623460
R002324,378702149001,0,256440,256440
R002325,378702149002,0,250030,250030
R002326,378702149003,0,250030,250030
R002327,378702149004,0,250030,250030
R002328,378702149005,0,250030,250030
R002329,378702149006,0,250030,250030
R002330,378702149007,0,250030,250030
R002331,378702149008,0,250030,250030
R002332,378702149009,0,256440,256440
R002333,378702149010,0,256440,256440
R002334,378702149011,0,250030,250030
R002335,378702149012,0,250030,250030
R002336,378702149013,0,250030,250030
R002337,378702149014,0,250030,250030
R002338,378702149015,0,250030,250030
R002339,378702149016,0,250030,250030
R002340,378702149017,0,250030,250030
R002341,378702149018,0,256440,256440
R002342,378702150001,187160,208950,396110
R002343,378702151001,201170,188150,389320
R002344,378702151002,166180,366290,532470
R002346,378702151004,166240,250720,416960
R002347,378702151005,207460,412590,620050
R002348,378702152001,0,263450,263450
R002349,378702152002,0,256860,256860
R002350,378702152003,0,256860,256860
R002351,378702152004,0,263450,263450
R002352,378702152005,0,62510,62510
R002353,378702152006,0,101070,101070
R002354,378702200010,10010,0,10010
R002355,378702200012,317030,646770,963800
R002356,378702200013,4200,0,4200
R002357,378702200087,333530,80440,413970
R002359,378702200016,605610,0,605610
R002361,378702233001,566820,403060,969880
R002363,378702200079,823170,0,823170
R002366,378702200083,337600,692270,1029870
R002369,378702200058,1284560,0,1284560
R002370,378702200071,171570,111040,282610
R002371,378702200072,2820,1410,4230
R002372,378702200096,2033940,1516570,3550510
R002375,378702201010,254870,0,254870
R002376,378702201011,216200,53480,269680
R002378,378702201021,323620,0,323620
R002379,378702201020,227790,279660,507450
R002380,378702201019,161360,281350,442710
R002385,378702202008,442860,317190,760050
R002386,378702202009,382290,1857900,2240190
R002387,378702202012,445640,662420,1108060
R002389,378702205016,235210,428350,663560
R002390,378702205017,179430,239140,418570
R002391,378702205015,226250,267870,494120
R002393,378702206010,940490,629020,1569510
R002394,378702207025,280630,397970,678600
R002396,378702207024,923250,771890,1695140
R002401,378702211009,169080,357990,527070
R002402,378702211010,169080,314110,483190
R002403,378702211013,197500,404300,601800
R002404,378702212001,67590,161750,229340
R002405,378702212002,131230,307590,438820
R002406,378702212003,173720,210590,384310
R002407,378702212017,277540,414080,691620
R002408,378702212016,221300,336580,557880
R002409,378702213001,388470,573920,962390
R002410,378702213005,2011140,244610,2255750
R002411,378702213006,628710,108270,736980
R002412,378702226002,187620,292830,480450
R002413,378702226003,240770,246270,487040
R002414,378702227001,0,484700,484700
R002415,378702227002,0,472590,472590
R002416,378702227003,0,472590,472590
R002417,378702227004,0,484700,484700
R002418,378702228001,369700,469720,839420
R002421,378702228006,310,0,310
R002423,378702229006,77980,0,77980
R002424,378702229004,151750,0,151750
R002426,378702230008,232100,0,232100
R002428,378702231008,281690,0,281690
R002429,378702231011,1510,0,1510
R002430,378702232001,0,288030,288030
R002431,378702232002,0,288030,288030
R002432,378702232003,0,288030,288030
R002433,378702232004,0,288030,288030
R002437,378702300008,318800,380720,699520
R002438,378702300009,318800,319740,638540
R002439,378702300010,318800,313660,632460
R002440,378702300011,318800,343750,662550
R002441,378702300012,277200,258600,535800
R002443,378702300014,277200,351640,628840
R002444,378702300015,277200,381860,659060
R002445,378702300016,318800,234760,553560
R002449,378702300052,169170,0,169170
R002454,378702300063,259100,493920,753020
R002455,378702300040,259100,769720,1028820
R002456,378702400022,637820,0,637820
R002457,378700000098,80,0,80
R002459,378702401003,132790,0,132790
R002460,378702401014,383640,174350,557990
R002462,378702401015,948730,367080,1315810
R002463,378702132013,297500,130050,427550
R002465,378702402001,292680,336280,628960
R002466,378702403005,1067120,0,1067120
R002468,378702407004,2415360,476350,2891710
R002469,378900000072,4170,0,4170
R002470,378900000047,202620,0,202620
R002777,325500000000,50,0,50
R002778,325500000000,10,0,10
R002779,325500000000,420,0,420
R002780,325500000000,10,0,10
R002783,325502226005,723940,645820,1369760
R002784,325502226006,804380,2783500,3587880
R002787,325502227001,1447880,0,1447880
R002789,325502227002,723940,868920,1592860
R002792,325502228036,0,676230,676230
R002793,325502228037,0,1027920,1027920
R002795,325502228005,0,732470,732470
R002796,325502228015,143750,749930,893680
R002797,325502228001,333560,2017430,2350990
R002803,325502229008,333560,1128840,1462400
R002804,325502229012,333560,2336060,2669620
R002805,325502229004,474650,2780390,3255040
R002808,325502229001,297620,2148760,2446380
R002809,325502229009,349390,1573760,1923150
R002810,325502229011,333560,1311900,1645460
R002811,325502229002,333560,1394470,1728030
R002812,325502229003,609640,1360900,1970540
R002813,325502229013,0,562420,562420
R002814,325502229014,0,548360,548360
R002815,325502229015,0,548360,548360
R002816,325502229016,0,548360,548360
R002817,325502229017,0,706490,706490
R002818,325502229018,0,548360,548360
R002821,325502229022,0,566890,566890
R002822,325502229023,0,875730,875730
R002823,325502229024,0,710070,710070
R002824,325502230006,1042470,1363710,2406180
R002825,325502230005,2112740,0,2112740
R002826,325502231001,740260,1154210,1894470
R002827,325502231002,304090,1597070,1901160
R002828,325502231003,1999740,189210,2188950
R002829,325502231008,323000,739350,1062350
R002830,325502231009,303560,1012690,1316250
R002831,325502231006,230890,686680,917570
R002832,325502231007,321920,802090,1124010
R002833,325502232002,529260,2914620,3443880
R002834,325502232003,333560,1209590,1543150
R002835,325502232007,321920,1219030,1540950
R002838,325502232008,321920,1401430,1723350
R002841,325502232012,0,1289200,1289200
R002844,325502252009,0,1112880,1112880
R002845,325502252002,389700,2588320,2978020
R002846,325502252003,1013490,904260,1917750
R002847,325502252005,389700,1464350,1854050
R002850,325502252001,389700,997940,1387640
R002852,325502252015,0,1088030,1088030
R002854,325502253002,409580,1165940,1575520
R002855,325502253004,4315210,0,4315210
R002856,325502253005,282670,1411230,1693900
R002857,325502253006,1211360,0,1211360
R002858,325502254001,8831990,0,8831990
R002859,325502255001,403790,1878060,2281850
R002860,325502255004,403790,1212160,1615950
R002861,325502255005,403790,1197190,1600980
R002862,325502255007,403790,1659550,2063340
R002863,325502255009,403790,1750640,2154430
R002864,325502255010,403790,1264950,1668740
R002865,325502255012,403790,4418590,4822380
R002866,325502255008,403790,1570900,1974690
R002867,325502255003,403790,2147780,2551570
R002868,325502255002,403790,1738760,2142550
R002869,325502255016,45330,623690,669020
R002870,325502255017,35170,521730,556900
R002871,325502255018,35170,521730,556900
R002872,325502255019,35170,521730,556900
R002874,325502259001,403790,2911350,3315140
R002875,325502259002,574580,2392550,2967130
R002876,325502259006,574580,1478700,2053280
R002877,325502259005,574580,1897120,2471700
R002878,325502259003,574580,2875630,3450210
R002879,325502259004,403790,1604390,2008180
R002883,325502260001,403790,2005920,2409710
R002884,325502260002,403790,1625450,2029240
R002885,325502260003,403790,2486480,2890270
R002886,325502260004,403790,1369660,1773450
R002887,325502260005,403790,1641750,2045540
R002888,325502260006,403790,1227860,1631650
R002890,325502260008,403790,2471790,2875580
R002891,325502260009,403790,1225560,1629350
R002892,325502260010,403780,1388670,1792450
R002893,325502260012,403790,1700370,2104160
R002894,325502260013,403790,1516860,1920650
R002895,325502260014,403790,1256010,1659800
R002896,325502260015,403790,1654220,2058010
R002898,325502261001,8363440,1058980,9422420
R002899,325502262001,2711350,1291330,4002680
R002900,325502262002,1048110,948650,1996760
R002902,325502263001,403790,1648050,2051840
R002906,325502263005,403790,1697680,2101470
R002908,325502263004,403790,1744780,2148570
R002909,325502263010,0,849840,849840
R002910,325502263011,0,849840,849840
R002911,325502263012,0,849840,849840
R002912,325502263013,0,849840,849840
R002913,325502264007,403790,1770480,2174270
R002914,325502264001,403790,2671330,3075120
R002916,325502264013,282650,1573430,1856080
R002917,325502264012,282650,1295660,1578310
R002918,325502264010,282650,1619070,1901720
R002919,325502264004,403790,1642360,2046150
R002920,325502264016,282650,2450950,2733600
R002921,325502264008,403790,2535310,2939100
R002922,325502264015,282650,1090580,1373230
R002923,325502264011,282650,2281730,2564380
R002924,325502264003,403790,1747080,2150870
R002925,325502264014,282650,1790200,2072850
R002926,325502264009,282650,1316220,1598870
R002928,325502264005,403790,1489190,1892980
R002929,325502264006,403790,1421200,1824990
R002930,325502227012,0,615940,615940
R002931,325502227013,0,615940,615940
R002932,325502227014,0,615940,615940
R002933,325502227015,0,615940,615940
R002934,325502227016,0,646730,646730
R002935,325502227017,0,615940,615940
R002936,325502227018,0,615940,615940
R002937,325502227019,0,615940,615940
R002938,325502227020,0,597360,597360
R002939,325502227021,0,578120,578120
R002940,325502227026,0,723150,723150
R002941,325502227022,0,574510,574510
R002942,325502227023,0,576310,576310
R002943,325502227024,0,627230,627230
R002944,325502227025,0,567250,567250
R002945,325502227036,0,610510,610510
R002946,325502227033,0,610510,610510
R002947,325502227034,0,735040,735040
R002948,325502227035,0,809260,809260
R002949,325502255022,0,799520,799520
R002951,325502255023,0,1130480,1130480
R002952,325502263028,403790,1190250,1594040
R002955,325502227037,0,404080,404080
R002956,325502227038,0,437330,437330
R002957,325502227039,0,478960,478960
R002958,325502227040,0,485040,485040
R002959,325502227041,0,451410,451410
R002960,325502227042,0,475170,475170
R002961,325502227043,0,527730,527730
R002962,325502227044,0,489420,489420
R002963,325502227045,0,510300,510300
R002966,325502227048,0,485040,485040
R002967,325502227046,0,471520,471520
R002968,325502255020,0,967280,967280
R002969,325502255021,0,848840,848840
R002970,325502255013,403790,1424070,1827860
R002972,325502227004,0,434160,434160
R002973,325502227005,0,317480,317480
R002974,325502227006,0,449580,449580
R002975,325502227007,0,461110,461110
R002976,325502227008,0,551630,551630
R002977,325502227009,0,547490,547490
R002978,325502227010,0,529430,529430
R002979,325502227011,0,557790,557790
R002980,325502227027,0,580340,580340
R002981,325502227028,0,464140,464140
R002982,325502227029,0,464140,464140
R002983,325502227030,0,590810,590810
R002984,325502227031,0,434600,434600
R002985,325502227032,0,434600,434600
R002986,325502230015,0,927960,927960
R002987,325502230027,0,168540,168540
R002988,325502230017,0,38600,38600
R002989,325502230018,0,140800,140800
R002990,325502230019,0,370040,370040
R002991,325502230020,0,202120,202120
R002992,325502230021,0,308840,308840
R002993,325502230022,0,252790,252790
R002994,325502230023,0,140850,140850
R002995,325502230024,0,115000,115000
R002996,325502230025,0,273260,273260
R002997,325502230026,0,422720,422720
R002998,325502230007,0,142030,142030
R002999,325502230008,0,138480,138480
R003000,325502230009,0,173230,173230
R003001,325502230010,0,168900,168900
R003002,325502230011,0,168900,168900
R003003,325502230012,0,181250,181250
R003004,325502228021,0,770340,770340
R003005,325502228022,0,770340,770340
R003006,325502228023,0,770340,770340
R003007,325502228024,0,770340,770340
R003008,325502232014,0,529960,529960
R003009,325502232015,0,524730,524730
R003010,325502232016,0,448960,448960
R003011,325502232017,0,576530,576530
R003012,325502232018,0,529960,529960
R003013,325502232019,0,448960,448960
R003016,325502229010,317630,1614960,1932590
R003019,325503125008,421340,813670,1235010
R003020,325503125009,421340,1948960,2370300
R003021,325503125012,421340,1431320,1852660
R003022,325503125015,421340,2497090,2918430
R003023,325503125013,421340,1607300,2028640
R003024,325503125006,421340,1448900,1870240
R003026,325503125001,421340,2789650,3210990
R003027,325503125005,421340,1737700,2159040
R003028,325503125007,421340,1762230,2183570
R003029,325503125004,770070,2022450,2792520
R003030,325503125011,421340,3291760,3713100
R003031,325503125010,421340,1329810,1751150
R003032,325503125003,421340,1736960,2158300
R003033,325503125002,421340,1777990,2199330
R003035,325503126030,210000,504180,714180
R003037,325503126019,210000,494700,704700
R003038,325503127008,421340,3246080,3667420
R003039,325503127009,847080,4207330,5054410
R003040,325503127012,421340,2099370,2520710
R003041,325503127014,421340,1355280,1776620
R003042,325503127010,421340,1385130,1806470
R003043,325503127011,421340,2221550,2642890
R003044,325503127013,421340,3602220,4023560
R003045,325503127015,421340,1632380,2053720
R003046,325503127004,421340,1301660,1723000
R003047,325503127005,421340,1054540,1475880
R003049,325503127003,421340,2844130,3265470
R003050,325503127002,421340,1730950,2152290
R003051,325503127006,421340,1527880,1949220
R003052,325503127007,421340,4451040,4872380
R003053,325503128001,421340,1533640,1954980
R003054,325503128002,421340,2143050,2564390
R003056,325503128004,421340,1636190,2057530
R003057,325503128005,421340,1678870,2100210
R003058,325503128006,421340,1481840,1903180
R003059,325503128008,463480,1652440,2115920
R003060,325503128011,421340,2525500,2946840
R003061,325503128012,421340,1358040,1779380
R003062,325503128014,421340,2300410,2721750
R003063,325503128015,421340,953680,1375020
R003064,325503128016,421340,1699110,2120450
R003065,325503128009,648870,1195450,1844320
R003066,325503128010,421340,2431740,2853080
R003067,325503128007,421340,2215230,2636570
R003068,325503129001,421340,832320,1253660
R003069,325503129002,599560,1340060,1939620
R003070,325503129003,421340,1266070,1687410
R003071,325503129004,421340,1629210,2050550
R003072,325503129005,511590,0,511590
R003073,325503129006,511620,1025180,1536800
R003074,325503129008,421340,875220,1296560
R003075,325503129009,421340,1728170,2149510
R003076,325503129010,421340,1345410,1766750
R003077,325503129011,511590,1290260,1801850
R003078,325503129012,511590,1568970,2080560
R003079,325503129013,511590,2123060,2634650
R003080,325503129014,372020,2340550,2712570
R003081,325503129007,421340,1338930,1760270
R003083,325503130001,493770,1980790,2474560
R003084,325503130002,346990,1245750,1592740
R003085,325503130003,421340,1578650,1999990
R003086,325503130004,421340,2358780,2780120
R003087,325503130005,421340,2400290,2821630
R003088,325503130006,294940,1066960,1361900
R003089,325503130008,421340,1129900,1551240
R003090,325503130011,421340,1677970,2099310
R003093,325503130009,421340,2531400,2952740
R003094,325503130010,421340,1400790,1822130
R003095,325503131001,189860,750400,940260
R003097,325503131002,346990,2237130,2584120
R003098,325503131003,463480,3336180,3799660
R003099,325503131012,421340,1216510,1637850
R003100,325503131008,374730,940360,1315090
R003102,325503131009,179910,783040,962950
R003103,325503131010,230540,869700,1100240
R003104,325503131013,599560,1406430,2005990
R003105,325503131014,421340,1024150,1445490
R003109,325503131011,421340,1057510,1478850
R003110,325503132001,599560,2824860,3424420
R003111,325503132003,421340,1169480,1590820
R003113,325503132005,421340,1508270,1929610
R003115,325503132007,421340,969660,1391000
R003116,325503132008,421340,792970,1214310
R003117,325503132009,421340,820390,1241730
R003118,325503132010,421340,1472580,1893920
R003119,325503132011,421340,2052730,2474070
R003120,325503132012,421340,672010,1093350
R003121,325503132004,421340,836420,1257760
R003124,325503133002,802130,4318480,5120610
R003125,325503133003,421340,2904310,3325650
R003126,325503133005,629530,3293660,3923190
R003129,325503133007,853200,1978190,2831390
R003130,325503133010,421340,2072800,2494140
R003132,325503133008,685610,4017150,4702760
R003133,325503133004,421340,2031470,2452810
R003137,325503200001,39130,0,39130
R003138,325503134006,846610,1512950,2359560
R003140,325503134010,121260,836130,957390
R003141,325503134004,754290,1160560,1914850
R003142,325503135004,421340,1106880,1528220
R003143,325503135005,421340,1822230,2243570
R003144,325503135006,599560,1445790,2045350
R003146,325503135008,328050,2875660,3203710
R003148,325503135013,229610,2516940,2746550
R003149,325503135015,522840,1421580,1944420
R003150,325503135016,1675000,0,1675000
R003155,325503135014,115970,1090110,1206080
R003157,325503135002,270160,1324150,1594310
R003158,325503135007,328140,4197680,4525820
R003160,325503135009,139210,1740570,1879780
R003161,325503135010,221620,1166590,1388210
R003162,325503136030,723940,1767910,2491850
R003163,325503136031,421340,1771210,2192550
R003164,325503136003,361970,164380,526350
R003165,325503136004,361970,823060,1185030
R003166,325503136006,421340,935130,1356470
R003167,325503136007,493770,2233620,2727390
R003168,325503136008,132500,1417620,1550120
R003169,325503136009,802550,970110,1772660
R003170,325503136010,891070,2520870,3411940
R003171,325503136012,483940,2318240,2802180
R003172,325503136014,1152060,270990,1423050
R003174,325503136021,1568530,1841720,3410250
R003175,325503136005,472210,1434430,1906640
R003176,325503150001,635980,2791420,3427400
R003177,325503150002,409710,939900,1349610
R003178,325503150003,522840,2086650,2609490
R003181,325503150009,530420,322500,852920
R003183,325503150012,784180,4281710,5065890
R003184,325503150014,280890,1607820,1888710
R003185,325503150015,280890,1527160,1808050
R003186,325503150017,153690,1345250,1498940
R003187,325503150018,153690,1128720,1282410
R003188,325503150020,341060,3141000,3482060
R003189,325503150021,218680,1149730,1368410
R003190,325503150023,190510,1633540,1824050
R003191,325503150022,405410,1420570,1825980
R003197,325503150004,1045690,4232150,5277840
R003198,325503150019,153690,856650,1010340
R003200,325503150005,522840,1702940,2225780
R003202,325503150016,153690,1188570,1342260
R003203,325503151001,784270,2078970,2863240
R003204,325503151007,4263060,0,4263060
R003205,325503151008,323030,2185100,2508130
R003206,325503151009,199050,1804710,2003760
R003207,325503151010,176740,1342790,1519530
R003208,325503151011,323030,1797500,2120530
R003209,325503151012,280890,1613130,1894020
R003213,325503151015,195680,1801040,1996720
R003215,325503151006,204560,1561000,1765560
R003216,325503151003,889140,395520,1284660
R003217,325503151004,469230,1350700,1819930
R003218,325503151002,1297270,0,1297270
R003219,325503152001,226740,2468200,2694940
R003223,325503152006,280890,2510600,2791490
R003224,325503152007,280890,1488340,1769230
R003228,325503153002,430130,1286700,1716830
R003229,325503153005,341080,1324000,1665080
R003232,325503153007,37500,0,37500
R003233,325503153008,25000,0,25000
R003234,325503153009,225860,3408100,3633960
R003235,325503153012,370540,1553740,1924280
R003236,325503153011,196630,2092120,2288750
R003237,325503153001,373110,1448840,1821950
R003238,325503153004,259220,2231190,2490410
R003239,325503153003,6540,0,6540
R003240,325503153010,113840,1985840,2099680
R003242,325503154001,167510,1285930,1453440
R003243,325503154003,186360,1207010,1393370
R003244,325503154006,153690,701870,855560
R003245,325503154007,280890,1729210,2010100
R003246,325503154008,307690,2433540,2741230
R003247,325503154010,280890,1886580,2167470
R003250,325503154029,107580,1523600,1631180
R003251,325503154015,58850,877010,935860
R003252,325503154017,86070,1863260,1949330
R003253,325503154016,153080,1214110,1367190
R003254,325503154018,446430,1646860,2093290
R003255,325503154032,196270,1440320,1636590
R003257,325503154005,156250,2873780,3030030
R003258,325503154031,167290,2361060,2528350
R003260,325503154004,107580,1206690,1314270
R003261,325503154012,153080,1229510,1382590
R003263,325503155001,280900,1022300,1303200
R003264,325503155002,341060,1911120,2252180
R003265,325503155004,280890,2974370,3255260
R003266,325503155005,280890,1816440,2097330
R003267,325503155006,842680,0,842680
R003268,325503155007,297620,2671440,2969060
R003269,325503155011,279800,1151600,1431400
R003270,325503155012,107580,1016010,1123590
R003271,325503155013,196630,2575310,2771940
R003272,325503155014,196630,1423900,1620530
R003273,325503155015,231330,1680260,1911590
R003274,325503155016,225230,0,225230
R003275,325503155003,220790,1301700,1522490
R003277,325503155009,136980,799040,936020
R003278,325503155008,324430,5393980,5718410
R003279,325503155010,233760,1814780,2048540
R003280,325503156011,196630,3320120,3516750
R003281,325503156004,196630,1233420,1430050
R003282,325503156005,279800,1070250,1350050
R003283,325503156016,168950,1524140,1693090
R003284,325503156013,223730,717470,941200
R003285,325503160006,821430,4060270,4881700
R003288,325503157002,224400,1786510,2010910
R003289,325503157007,230420,1643860,1874280
R003290,325503157008,161930,2311040,2472970
R003291,325503157009,161930,2935130,3097060
R003292,325503157010,231330,1873390,2104720
R003293,325503160005,821430,4814270,5635700
R003294,325503157004,161930,1820310,1982240
R003296,325503157001,179400,1006780,1186180
R003297,325503157013,140160,960960,1101120
R003298,325503157006,230420,1247430,1477850
R003300,325503160003,645100,1716840,2361940
R003301,325503158012,124800,1233260,1358060
R003302,325503158002,824070,0,824070
R003303,325503158011,0,458680,458680
R003304,325503158003,0,473180,473180
R003305,325503158004,0,498920,498920
R003306,325503158005,0,597330,597330
R003307,325503158006,0,659330,659330
R003308,325503158007,0,615370,615370
R003309,325503158008,0,585260,585260
R003310,325503158009,0,1323330,1323330
R003312,325503158010,0,470610,470610
R003313,325503160001,584770,2838390,3423160
R003314,325503160002,584770,3799800,4384570
R003315,325503160004,763350,2625630,3388980
R003316,325503175002,604000,363240,967240
R003317,325503175003,189770,2523430,2713200
R003318,325503175004,280890,1853070,2133960
R003319,325503175005,280890,898240,1179130
R003320,325503175010,379920,633020,1012940
R003321,325503175008,651540,1057810,1709350
R003322,325503175006,292590,1941110,2233700
R003323,325503175007,134810,1117380,1252190
R003326,325503176001,192620,3097180,3289800
R003327,325503176002,189770,4863200,5052970
R003328,325503176003,694980,300960,995940
R003329,325503176005,694980,1358660,2053640
R003330,325503176006,189770,2972880,3162650
R003333,325503176008,1428570,3426240,4854810
R003334,325503176009,399710,1922280,2321990
R003335,325503176011,92800,1216800,1309600
R003336,325503176010,75240,1954560,2029800
R003337,325503177010,370540,1603710,1974250
R003338,325503177011,399710,4704440,5104150
R003340,325503177013,280890,1800710,2081600
R003341,325503177014,280890,2277100,2557990
R003342,325503177003,501930,824510,1326440
R003344,325503177007,1244420,3107090,4351510
R003345,325503177006,363340,241900,605240
R003346,325503177009,933590,0,933590
R003352,325503177001,1590730,707640,2298370
R003353,325503177008,825480,1535020,2360500
R003354,325503177004,900000,1284420,2184420
R003356,325503178001,280890,2270190,2551080
R003357,325503178002,399710,865220,1264930
R003358,325503178003,399710,1448590,1848300
R003359,325503178005,164330,468900,633230
R003360,325503178006,208500,960600,1169100
R003361,325503178007,280890,715420,996310
R003362,325503178008,218680,1008160,1226840
R003363,325503178009,153690,1046940,1200630
R003364,325503178010,153690,1358880,1512570
R003366,325503178013,196630,1878600,2075230
R003367,325503178014,238740,1718270,1957010
R003371,325503178017,196630,2335160,2531790
R003372,325503179001,280890,1431900,1712790
R003373,325503179004,280890,1786210,2067100
R003374,325503179005,280890,1762020,2042910
R003375,325503179006,280890,1998530,2279420
R003376,325503179016,0,995760,995760
R003377,325503179008,279800,1276370,1556170
R003378,325503179009,223840,1049160,1273000
R003379,325503179011,196630,1480980,1677610
R003380,325503179002,280890,1780690,2061580
R003381,325503179003,842680,0,842680
R003382,325503179010,157300,1870690,2027990
R003384,325503179018,0,651950,651950
R003385,325503179019,0,620640,620640
R003386,325503179020,0,624070,624070
R003387,325503179021,0,610720,610720
R003388,325503179022,0,622350,622350
R003390,325503179023,0,663190,663190
R003391,325503180004,280890,2166890,2447780
R003392,325503180005,280890,1802820,2083710
R003396,325503180008,280890,1827110,2108000
R003398,325503181004,402190,1435690,1837880
R003401,325503181002,1210420,821640,2032060
R003402,325503181003,1005470,1552410,2557880
R003407,325503181001,162160,178320,340480
R003408,325503182002,266770,588600,855370
R003409,325503182003,279800,1004040,1283840
R003410,325503182004,196630,1261200,1457830
R003412,325503182005,321750,93350,415100
R003416,325503182018,0,540180,540180
R003417,325503183033,279800,2925880,3205680
R003419,325503183004,218350,1679250,1897600
R003420,325503183005,196630,1702150,1898780
R003422,325503183012,101750,0,101750
R003423,325503183007,109080,992080,1101160
R003424,325503183031,106530,1008270,1114800
R003425,325503160007,773660,3861240,4634900
R003426,325503183002,230420,1942450,2172870
R003432,325503183010,161930,1573810,1735740
R003433,325503183013,386100,1312190,1698290
R003436,325503184004,643500,629770,1273270
R003437,325503184028,321750,963550,1285300
R003439,325503184008,600500,1021370,1621870
R003440,325503184022,0,428960,428960
R003441,325503184003,321750,1532860,1854610
R003442,325503184009,643500,456380,1099880
R003443,325503185005,643500,0,643500
R003444,325503185002,643500,0,643500
R003445,325503185007,320140,1542180,1862320
R003446,325503185008,323360,1128290,1451650
R003447,325503185003,321760,1284060,1605820
R003448,325503185004,2059200,788690,2847890
R003450,325503186019,0,441990,441990
R003452,325503101001,1447880,0,1447880
R003453,325503102001,923330,2976110,3899440
R003456,325503103001,90800,0,90800
R003457,325503103008,421340,3695170,4116510
R003458,325503103009,421340,1738990,2160330
R003459,325503103005,384440,1717890,2102330
R003460,325503103002,1095390,2014720,3110110
R003461,325503103003,770070,1700350,2470420
R003464,325503103007,421340,2625490,3046830
R003465,325503103010,457340,0,457340
R003466,325503103011,526870,2632290,3159160
R003468,325503104010,421340,1251990,1673330
R003469,325503104005,518130,2787160,3305290
R003470,325503104006,421340,1890890,2312230
R003471,325503104007,421340,1876950,2298290
R003472,325503104008,1064280,1104770,2169050
R003474,325503105002,421340,4487450,4908790
R003476,325503107001,14414400,1412410,15826810
R003477,325503108001,362040,902630,1264670
R003478,325503108005,421580,2341520,2763100
R003479,325503108007,770070,1897050,2667120
R003480,325503108008,372020,421570,793590
R003481,325503108009,685580,969660,1655240
R003482,325503108011,421340,1062400,1483740
R003486,325503108012,421340,2946830,3368170
R003488,325503108016,161380,1486830,1648210
R003489,325503108014,420680,1249810,1670490
R003490,325503109003,599560,1135400,1734960
R003492,325503109007,981170,1234940,2216110
R003493,325503109008,599540,3698530,4298070
R003494,325503109010,230540,1064940,1295480
R003495,325503109011,421340,1181450,1602790
R003497,325503109009,511590,1500450,2012040
R003498,325503109002,421340,1032030,1453370
R003499,325503109001,421340,1285900,1707240
R003500,325503109005,322400,1587620,1910020
R003502,325503110020,421340,1057910,1479250
R003503,325503110004,511590,0,511590
R003504,325503110005,1608750,1148960,2757710
R003505,325503110007,501930,1125400,1627330
R003506,325503110013,0,873700,873700
R003507,325503110008,501930,1012910,1514840
R003508,325503110009,155740,1065530,1221270
R003509,325503110010,1440000,1700280,3140280
R003510,325503110011,501930,1251830,1753760
R003512,325503110003,511590,1860260,2371850
R003514,325503110006,1505790,3814150,5319940
R003515,325503110018,421340,0,421340
R003516,325503110012,1003860,3106610,4110470
R003517,325503111001,140450,471290,611740
R003518,325503111003,421340,1963240,2384580
R003519,325503111004,421340,929160,1350500
R003520,325503111005,511590,1158290,1669880
R003521,325503111006,511590,2014330,2525920
R003522,325503111007,372000,1988180,2360180
R003523,325503111009,694980,1485940,2180920
R003524,325503111010,284650,3265340,3549990
R003525,325503111011,284650,2306050,2590700
R003526,325503111012,284650,1651650,1936300
R003528,325503111014,694980,508720,1203700
R003530,325503111016,389770,897540,1287310
R003532,325503111008,875960,740030,1615990
R003533,325503112003,3273360,0,3273360
R003534,325503112007,872890,503260,1376150
R003535,325503112008,289570,791860,1081430
R003538,325503112001,454600,804270,1258870
R003539,325503112006,1216220,1026760,2242980
R003541,325503132015,0,226340,226340
R003542,325503132016,0,505370,505370
R003543,325503132017,0,509110,509110
R003544,325503132018,0,489390,489390
R003545,325503132019,0,695940,695940
R003546,325503136016,0,215170,215170
R003547,325503136017,0,132250,132250
R003548,325503136018,0,71540,71540
R003549,325503136019,0,265630,265630
R003550,325503136024,0,189270,189270
R003551,325503136023,0,711730,711730
R003552,325503130015,0,917760,917760
R003553,325503130016,0,894910,894910
R003554,325503155017,0,547560,547560
R003555,325503155018,0,536140,536140
R003556,325503155019,0,802070,802070
R003557,325503179012,0,545160,545160
R003558,325503179013,0,545160,545160
R003559,325503181006,0,676730,676730
R003561,325503181007,0,703270,703270
R003562,325503181008,0,677150,677150
R003563,325503181009,0,736250,736250
R003564,325503181010,0,736250,736250
R003566,325503181011,0,736250,736250
R003567,325503181012,0,676310,676310
R003568,325503181013,0,659000,659000
R003570,325503181016,0,659400,659400
R003572,325503154021,0,575640,575640
R003573,325503154022,0,575640,575640
R003574,325503154023,0,575640,575640
R003575,325503154024,0,575640,575640
R003580,325503154019,0,981720,981720
R003581,325503154020,0,993100,993100
R003582,325503132013,0,709810,709810
R003583,325503132014,0,1086700,1086700
R003584,325503135022,0,260120,260120
R003585,325503135023,0,299490,299490
R003586,325503135024,0,266280,266280
R003587,325503135025,0,1009930,1009930
R003588,325503135026,0,246900,246900
R003595,325503183037,0,191870,191870
R003596,325503183018,0,500330,500330
R003597,325503183020,0,740760,740760
R003598,325503183016,0,474260,474260
R003599,325503183017,0,262480,262480
R003600,325503183039,0,503840,503840
R003603,325503151016,0,606840,606840
R003604,325503151017,0,220960,220960
R003606,325503183021,0,513870,513870
R003607,325503183022,0,513870,513870
R003608,325503183023,0,279620,279620
R003609,325503183024,0,225590,225590
R003610,325503183025,0,110160,110160
R003611,325503183026,0,212770,212770
R003613,325503176012,0,953980,953980
R003614,325503176013,0,982790,982790
R003646,369109136005,124690,0,124690
R003647,369110205003,131270,640580,771850
R003648,369109141004,58500,206130,264630
R003649,369109138005,87750,360950,448700
R003652,369110212004,97130,243510,340640
R003653,369109412002,42750,187450,230200
R003654,369110220003,117000,529020,646020
R003655,369110210004,102380,0,102380
R003656,369109404001,93520,0,93520
R003657,369109142001,58500,273360,331860
R003658,369110225001,69540,185330,254870
R003660,369110221005,40000,0,40000
R003661,369109409002,117000,215390,332390
R003662,369109146003,187030,0,187030
R003663,369109407008,62340,0,62340
R003667,369109405003,6250,0,6250
R003669,369110214002,117000,179140,296140
R003670,369109404005,237380,242800,480180
R003671,369109410010,87750,463390,551140
R003672,369110215001,1910,0,1910
R003674,369110203007,73130,73700,146830
R003676,369110222003,30000,0,30000
R003680,369110207009,155860,0,155860
R003681,369110210012,106010,605900,711910
R003682,369110209001,72940,0,72940
R003683,369109407004,10750,0,10750
R003684,369110207006,117000,757550,874550
R003688,369109404006,99750,0,99750
R003689,369109140002,88390,657420,745810
R003690,369109144009,43860,103560,147420
R003693,369109408002,87750,1095830,1183580
R003695,369110213004,227550,0,227550
R003696,369109412005,99750,275240,374990
R003697,369110205002,60400,0,60400
R003698,369110204002,8310,0,8310
R003699,369110205001,63410,202870,266280
R003702,369109143015,58500,14450,72950
R003703,369109144012,117000,114910,231910
R003704,369109413011,50600,0,50600
R003705,369109144010,117000,494990,611990
R003706,369109146006,42660,21480,64140
R003707,369109417001,1630,0,1630
R003709,369109412001,57000,102450,159450
R003711,369110203001,64220,271460,335680
R003712,369109404003,2190,0,2190
R003714,369109138007,199500,233820,433320
R003715,369109404010,117000,209060,326060
R003716,369109143005,87750,120490,208240
R003717,369109138006,58500,487000,545500
R003720,369109408004,58500,99000,157500
R003721,369109142011,87750,395480,483230
R003724,369109404008,117000,210670,327670
R003725,369110206001,263250,431960,695210
R003727,369109145002,87750,127600,215350
R003728,369109139003,49500,377840,427340
R003729,369110207001,146250,123110,269360
R003730,369109141001,87750,374610,462360
R003731,369109141008,117000,283330,400330
R003732,369109142008,87750,281060,368810
R003733,369109136002,175500,580600,756100
R003735,369109412008,30000,0,30000
R003736,369109403001,59340,223540,282880
R003737,369109407005,118680,19400,138080
R003738,369109405006,234000,238140,472140
R003739,369109138004,87750,307530,395280
R003742,369109411003,85500,562790,648290
R003743,369110207008,87750,153330,241080
R003744,369110210001,87750,0,87750
R003746,369109143004,117000,244070,361070
R003748,369110208001,87750,480760,568510
R003750,369109143001,58500,55530,114030
R003752,369109137003,105300,190430,295730
R003753,369110222004,99750,396120,495870
R003754,369110206004,175500,306630,482130
R003755,369109146001,12500,0,12500
R003756,369109140004,14080,0,14080
R003757,369110219010,347980,315460,663440
R003758,369109140001,5690,0,5690
R003760,369110220004,117000,340550,457550
R003761,369110207005,58500,72920,131420
R003762,369109410006,30400,446770,477170
R003764,369109136007,117000,186900,303900
R003765,369110207007,48750,120380,169130
R003766,369109408001,87750,384850,472600
R003767,369110214003,87750,326310,414060
R003768,369109140003,48310,230630,278940
R003769,369110221008,57000,389080,446080
R003772,369109404004,117000,385540,502540
R003775,369110209002,146250,406360,552610
R003776,369110209009,43880,203850,247730
R003777,369109405001,234000,502030,736030
R003778,369109141003,58500,313160,371660
R003784,369109143013,58500,205400,263900
R003786,369110207004,117000,333060,450060
R003789,369109146005,190130,399210,589340
R003790,369109144001,187030,0,187030
R003791,369110207002,58500,267350,325850
R003792,369109410008,87750,785400,873150
R003793,369109408009,117000,949720,1066720
R003794,369109407003,58500,0,58500
R003795,369109139001,1270,0,1270
R003796,369110204001,3410,15530,18940
R003797,369109145011,175500,77340,252840
R003801,369109144011,87750,237110,324860
R003802,369109410003,117000,348560,465560
R003804,369109137010,105080,59750,164830
R003805,369109401001,42660,0,42660
R003809,369109141005,9380,0,9380
R003810,369109141007,93520,0,93520
R003811,369110211002,87750,361000,448750
R003813,369109411001,87750,251970,339720
R003814,369109143009,146250,336630,482880
R003816,369109410002,117000,586570,703570
R003817,369110224001,121600,0,121600
R003818,369109408003,117000,451700,568700
R003820,369109141006,87750,279010,366760
R003821,369109410007,31590,0,31590
R003822,369109416001,52350,0,52350
R003823,369110213002,117000,348150,465150
R003826,369110216005,2500,0,2500
R003827,369109407001,87750,363980,451730
R003829,369109403003,182530,1138670,1321200
R003831,369110214005,204750,277770,482520
R003833,369110211005,117000,218250,335250
R003834,369110209003,48750,0,48750
R003835,369109408005,41560,0,41560
R003837,369110208004,175500,173940,349440
R003838,369109415001,71380,0,71380
R003842,369109136004,36560,76880,113440
R003843,369110203003,117000,251740,368740
R003844,369109406001,164880,334820,499700
R003845,369110209014,219380,298830,518210
R003846,369110210006,58500,6550,65050
R003847,369109141002,149630,0,149630
R003849,369109142007,87750,245470,333220
R003850,369109142010,87750,233840,321590
R003851,369109140005,39890,248200,288090
R003853,369110220008,57000,505360,562360
R003854,369109404007,87750,306650,394400
R003855,369109142009,87750,305240,392990
R003856,369109409003,146410,1794890,1941300
R003857,369109146004,175500,1088710,1264210
R003858,369109138001,4380,0,4380
R003860,369109144015,87750,330490,418240
R003861,369110222001,175500,195100,370600
R003862,369110213006,146250,317910,464160
R003863,369110220006,12500,0,12500
R003864,369109136001,117000,142550,259550
R003865,369110220001,117000,548130,665130
R003866,369110221002,117000,320550,437550
R003868,369109142004,87750,383640,471390
R003869,369109145007,24380,196270,220650
R003870,369110220007,57000,247570,304570
R003872,369109406004,15630,0,15630
R003873,369109142002,29250,175220,204470
R003874,369110206003,87750,348470,436220
R003875,369110213003,87750,419850,507600
R003876,369110222002,117000,601970,718970
R003878,369109412004,42750,119820,162570
R003880,369109143010,117000,367520,484520
R003881,369109139002,81490,395960,477450
R003884,369110209005,58500,289210,347710
R003886,369109406003,9380,0,9380
R003887,369110211004,117000,120840,237840
R003888,369109405004,117000,331370,448370
R003889,369110210005,97320,198640,295960
R003890,369110221001,117000,458780,575780
R003891,369110214004,87750,387880,475630
R003892,369109145005,58500,173940,232440
R003893,369109146002,9380,0,9380
R003894,369109412003,42750,37340,80090
R003895,369109408010,117000,161750,278750
R003898,369109144016,146250,642960,789210
R003899,369109135003,146250,616410,762660
R003900,369109144008,43880,217600,261480
R003902,369109145006,24380,0,24380
R003903,369110221009,114000,535210,649210
R003904,369109408006,41560,0,41560
R003905,369109136006,87750,0,87750
R003906,369109144007,24380,61920,86300
R003907,369110203006,204750,377900,582650
R003909,369109406002,9550,0,9550
R003911,369109142005,117000,121760,238760
R003912,369110211001,249380,0,249380
R003913,369110214006,87750,521950,609700
R003914,369109145001,87750,109450,197200
R003915,369109137008,117010,1805030,1922040
R003916,369110209004,83130,0,83130
R003917,369109143007,117000,174910,291910
R003918,369109407006,87750,334750,422500
R003919,369109407007,62340,0,62340
R003920,369109408008,117000,314620,431620
R003922,369109411002,87750,256320,344070
R003923,369110220005,57000,342620,399620
R003924,369110207003,87750,419270,507020
R003926,369109412006,99750,252880,352630
R003928,369110206002,234000,937240,1171240
R003929,369109139004,131630,113800,245430
R003930,369109142003,204750,172920,377670
R003931,369109137009,98280,570560,668840
R003932,369109408007,117000,644040,761040
R003934,369110220002,117000,590520,707520
R003935,369109136003,299250,534230,833480
R003936,369109410001,93520,0,93520
R003937,369110225002,41330,99220,140550
R003938,369110213001,117000,352480,469480
R003943,369110211006,87750,183430,271180
R003955,291726100006,0,26160,26160
R003956,291726105001,69800,199620,269420
R003959,291726105007,69800,221940,291740
R003960,291726105017,11630,11810,23440
R003962,291726106001,69800,503680,573480
R003963,291726106002,20830,0,20830
R003964,291726106003,41650,0,41650
R003965,291726106009,35470,0,35470
R003966,291726106005,19530,0,19530
R003967,291726106006,3330,0,3330
R003968,291726107009,69800,225010,294810
R003971,291726109001,69800,785960,855760
R003972,291726110001,69800,227110,296910
R003973,291726110007,69800,285960,355760
R003981,291726112016,30430,0,30430
R003983,291726113006,69800,289440,359240
R003986,291726113004,134000,0,134000
R003987,291726114001,69800,102320,172120
R003988,291726114002,40050,0,40050
R003989,291726114003,69800,967980,1037780
R003990,291726115001,201000,0,201000
R003992,291726117001,69800,1077400,1147200
R003993,291726117004,26700,0,26700
R003994,291726117007,134000,0,134000
R003997,291726118003,69800,372260,442060
R003998,291726118004,134000,0,134000
R004000,291726118009,69800,431710,501510
R004001,291726118011,69800,160150,229950
R004003,291726119001,36300,0,36300
R004004,291726119002,24030,0,24030
R004009,291726119016,3200,0,3200
R004011,291726120010,20030,0,20030
R004012,291726120003,13350,0,13350
R004013,291726120004,13350,0,13350
R004014,291726120011,69800,134150,203950
R004018,291726121002,69800,793040,862840
R004019,291726122009,69800,490970,560770
R004022,291726124001,40050,0,40050
R004023,291726124006,52070,0,52070
R004024,291726125001,69800,193040,262840
R004025,291726125002,69800,157230,227030
R004026,291726126009,6680,0,6680
R004027,291726126011,251250,0,251250
R004028,291726126012,69800,275850,345650
R004029,291726127013,46730,0,46730
R004035,291726127015,69800,494240,564040
R004036,291726127008,3200,0,3200
R004040,291726127012,13350,0,13350
R004041,291726128002,69800,741500,811300
R004042,291726129006,69800,178420,248220
R004045,291726129005,69800,169320,239120
R004046,291726130001,201000,0,201000
R004047,291726130005,69800,363430,433230
R004049,291726130004,20030,0,20030
R004050,291726131004,69800,469650,539450
R004051,291726131005,69800,291970,361770
R004052,291726131006,40050,0,40050
R004053,291726131007,69800,610310,680110
R004054,291726132001,201000,0,201000
R004055,291726132002,201000,0,201000
R004056,291726133006,20030,0,20030
R004057,291726133005,69800,1118650,1188450
R004059,291726133004,69800,555370,625170
R004060,291726134001,69800,590010,659810
R004061,291726134002,20030,0,20030
R004063,291726134011,69800,275420,345220
R004065,291726134013,69800,489060,558860
R004066,291726134008,69800,113360,183160
R004072,291726135009,13350,0,13350
R004073,291726135011,13350,0,13350
R004083,291726136017,52350,731270,783620
R004085,291726136019,17450,0,17450
R004090,291726136016,69800,412740,482540
R004091,291726137013,184250,0,184250
R004093,291726137015,69800,192060,261860
R004095,291726137005,69800,0,69800
R004096,291726137006,6680,0,6680
R004097,291726137007,69800,340600,410400
R004098,291726137008,3340,0,3340
R004099,291726137014,69800,11680,81480
R004102,291726138001,69800,426630,496430
R004103,291726138002,69800,278640,348440
R004104,291726138003,69800,259140,328940
R004107,291726138010,69800,470830,540630
R004108,291726139001,9600,0,9600
R004110,291726140001,38400,0,38400
R004111,291726141001,50250,0,50250
R004112,291726141002,69800,477420,547220
R004113,291726141003,69800,117950,187750
R004114,291726142008,46770,1171930,1218700
R004115,291726142002,23030,0,23030
R004116,291726142003,13350,0,13350
R004117,291726142004,69800,202680,272480
R004118,291726142013,69800,584120,653920
R004120,291726142012,40050,0,40050
R004123,291726143014,69800,523370,593170
R004125,291726143005,29900,0,29900
R004126,291726143015,170700,0,170700
R004128,291726144001,9880,0,9880
R004129,291726144002,6680,0,6680
R004130,291726144003,13350,0,13350
R004131,291726144004,69800,96660,166460
R004132,291726144006,40050,0,40050
R004133,291726144007,29900,0,29900
R004134,291726144013,13350,0,13350
R004137,291726145003,69800,667910,737710
R004138,291726145004,69800,361380,431180
R004139,291726145005,69800,312770,382570
R004141,291726146002,69800,446140,515940
R004142,291726146004,69800,86740,156540
R004143,291726146005,69800,381670,451470
R004144,291726147004,69800,283710,353510
R004145,291726147005,69800,310110,379910
R004146,291726201002,337260,1380580,1717840
R004147,291726202001,69800,221180,290980
R004148,291726203009,69800,710500,780300
R004149,291726203008,69800,514760,584560
R004151,291726204008,139600,753510,893110
R004152,291726204004,69800,88090,157890
R004156,291726205001,20030,0,20030
R004157,291726205002,69800,1102910,1172710
R004158,291726205003,69800,0,69800
R004162,291726205008,69800,0,69800
R004163,291726206016,149080,0,149080
R004165,291726206018,69800,548540,618340
R004167,291726206014,69800,222470,292270
R004168,291726206011,69800,578570,648370
R004171,291726207001,20030,0,20030
R004172,291726207002,20030,0,20030
R004173,291726207009,69800,351670,421470
R004175,291726207006,69800,119250,189050
R004180,291726222004,13350,0,13350
R004181,291726222010,40050,0,40050
R004188,291726400001,1020,0,1020
R004189,291726401001,3200,0,3200
R004190,291726400011,36350,0,36350
R004192,291726403001,155550,0,155550
R004193,291726404001,170700,0,170700
R004194,291726405001,43510,0,43510
R004195,291726406001,185620,0,185620
R004196,291726407004,121380,38930,160310
R004849,317713300010,896790,1960200,2856990
R004861,317723100009,0,3377990,3377990
R004862,317723101055,418220,3114140,3532360
R004863,317723101003,426740,0,426740
R004864,317723101004,397310,0,397310
R004865,317723101007,418220,1196930,1615150
R004866,317723101008,418220,1318600,1736820
R004867,317723101045,418220,1178480,1596700
R004871,317723101048,418220,1736890,2155110
R004873,317723101017,418220,1698000,2116220
R004874,317723101018,418220,0,418220
R004875,317723101019,418220,1238750,1656970
R004876,317723101020,418220,494410,912630
R004877,317723101021,418220,1136080,1554300
R004879,317723101023,426740,1229400,1656140
R004880,317723101040,309800,884030,1193830
R004881,317723101027,397310,0,397310
R004882,317723101026,309800,1142950,1452750
R004883,317723101031,480960,1220570,1701530
R004884,317723101039,309800,1278760,1588560
R004887,317723102001,326100,1303940,1630040
R004888,317723102002,440240,0,440240
R004889,317723102003,440240,1226160,1666400
R004890,317723102004,472850,2120970,2593820
R004891,317723102005,440240,2397340,2837580
R004892,317723102013,440240,1287700,1727940
R004893,317723102007,572310,1010190,1582500
R004894,317723102008,572310,1356810,1929120
R004896,317723102010,440240,0,440240
R004898,317723400019,563120,0,563120
R004904,317723401006,836440,1837620,2674060
R004905,317723401002,263330,503470,766800
R004906,317723401003,309800,951560,1261360
R004907,317723401004,418220,1382310,1800530
R004908,317723401005,418220,1463790,1882010
R004909,317723402001,449200,1235250,1684450
R004910,317723402002,418220,1952380,2370600
R004911,317723402003,309800,1188220,1498020
R004912,317723402004,326100,314260,640360
R004913,317723402005,326100,0,326100
R004914,317723402006,440240,1703010,2143250
R004915,317723403001,418220,1533330,1951550
R004916,317723403004,263330,1823420,2086750
R004917,317723403005,440240,1742550,2182790
R004918,317723403006,516580,2208610,2725190
R004919,317723403008,418220,1215010,1633230
R004920,317723403009,260880,0,260880
R004921,317723403010,418220,0,418220
R004922,317723403011,426740,1737520,2164260
R004923,317723403012,418220,252300,670520
R004924,317723403013,263330,910180,1173510
R004925,317723403014,277190,882590,1159780
R004926,317723403015,326100,1378580,1704680
R004927,317723403025,326100,1129660,1455760
R004928,317723403018,480960,1163150,1644110
R004929,317723403019,279590,756220,1035810
R004930,317723403022,440240,963460,1403700
R004931,317723404003,286150,1862180,2148330
R004932,317723404004,286150,2351730,2637880
R004933,317723404005,329080,334850,663930
R004934,317723404007,418220,1182820,1601040
R004935,317723404008,418220,1525840,1944060
R004936,317723404009,309800,877120,1186920
R004937,317723404010,326100,1662550,1988650
R004938,317723404011,277190,1115390,1392580
R004939,317723404012,326100,885570,1211670
R004940,317723404013,326100,1131990,1458090
R004941,317723404014,440240,1344300,1784540
R004942,317723404015,440240,1400970,1841210
R004943,317723404016,440240,1233630,1673870
R004944,317723404052,326100,751690,1077790
R004946,317723404019,572310,941500,1513810
R004947,317723404020,418220,2246010,2664230
R004948,317723404021,543690,1186770,1730460
R004949,317723404025,418220,854320,1272540
R004950,317723404026,418220,0,418220
R004951,317723404027,418220,2497960,2916180
R004953,317723404038,286150,937460,1223610
R004956,317723404034,418220,1608970,2027190
R004957,317723404049,418220,876690,1294910
R004958,317723405001,440240,1028430,1468670
R004959,317723405003,440240,1191520,1631760
R004960,317723405004,326100,1599460,1925560
R004961,317723405005,440240,1323130,1763370
R004962,317723405006,440240,2115310,2555550
R004963,317723405028,506270,1173790,1680060
R004964,317723405008,418220,3736840,4155060
R004965,317723405009,326100,1545300,1871400
R004966,317723405010,326100,1251630,1577730
R004967,317723405011,326100,1088570,1414670
R004968,317723405012,423930,1468170,1892100
R004969,317723405013,423930,1181870,1605800
R004970,317723405014,572310,1888900,2461210
R004971,317723405015,440240,1543720,1983960
R004972,317723405016,440240,1596400,2036640
R004973,317723405017,440240,2225040,2665280
R004974,317723405018,326100,841270,1167370
R004975,317723405019,326100,1215510,1541610
R004976,317723405020,326100,1038260,1364360
R004977,317723405021,418220,1286930,1705150
R004978,317723405022,326100,1109960,1436060
R004979,317723405027,440240,790700,1230940
R004980,317723406003,326100,1107430,1433530
R004981,317723406004,326100,940750,1266850
R004982,317723406005,326100,615430,941530
R004983,317723406006,326100,951910,1278010
R004984,317723406007,326100,701830,1027930
R004985,317723406008,326100,804930,1131030
R004986,317723406009,326100,931950,1258050
R004987,317723406010,326100,844180,1170280
R004988,317723406011,326100,998990,1325090
R004989,317723406012,326100,592990,919090
R004990,317723406013,326100,897370,1223470
R004991,317723406014,326100,772120,1098220
R004992,317723406015,326100,852270,1178370
R004993,317723406016,326100,684920,1011020
R004994,317723406017,326100,1011700,1337800
R004995,317723406018,326100,388750,714850
R004996,317723406019,309800,794680,1104480
R004997,317723406020,326100,1187120,1513220
R004998,317723406021,309800,0,309800
R004999,317723406023,309800,621860,931660
R005000,317723406024,309800,503320,813120
R005001,317723406025,356260,888760,1245020
R005002,317723406026,356260,1045460,1401720
R005004,317723406030,572310,1683270,2255580
R005005,317723406031,487520,904040,1391560
R005006,317723406032,309800,1050590,1360390
R005007,317723406033,309800,1001050,1310850
R005008,317723406041,869790,1859300,2729090
R005009,317723406040,309800,706890,1016690
R005011,317723407001,460050,1009720,1469770
R005012,317723407002,598060,854240,1452300
R005013,317723407003,466320,962600,1428920
R005014,317723407004,423930,884410,1308340
R005015,317723407005,309800,925900,1235700
R005016,317723407007,326100,850360,1176460
R005017,317723407043,440240,1671230,2111470
R005018,317723407009,358710,827450,1186160
R005019,317723407010,358710,1592280,1950990
R005020,317723407011,358710,990700,1349410
R005021,317723407012,520130,958110,1478240
R005022,317723407047,629540,968590,1598130
R005024,317723407048,484260,1049150,1533410
R005025,317723407016,314770,1017280,1332050
R005026,317723407017,484260,1970450,2454710
R005027,317723407018,358710,825610,1184320
R005028,317723407019,484260,886990,1371250
R005029,317723407049,484260,1029220,1513480
R005033,317723407024,484260,924350,1408610
R005034,317723407025,484260,706830,1191090
R005035,317723407026,358710,1094740,1453450
R005036,317723407027,484260,1101810,1586070
R005037,317723407029,358710,1158620,1517330
R005038,317723407030,440240,904220,1344460
R005039,317723407031,358710,1058020,1416730
R005040,317723407032,320,0,320
R005041,317723407033,358710,1534640,1893350
R005042,317723407034,423930,1614240,2038170
R005043,317723407035,326100,1299470,1625570
R005044,317723407036,309800,684750,994550
R005046,317723407044,309800,997010,1306810
R005047,317723407041,484260,936020,1420280
R005048,317723408001,440240,2444280,2884520
R005049,317723408007,326100,1626190,1952290
R005050,317723408003,375020,0,375020
R005052,317723408005,472850,3838960,4311810
R005053,317723409003,423930,3162410,3586340
R005054,317723409004,423930,1470120,1894050
R005055,317723409005,423930,1824790,2248720
R005056,317723409007,572310,646690,1219000
R005057,317723409008,326100,1141290,1467390
R005064,317723409034,423930,808850,1232780
R005066,317723409035,423930,893420,1317350
R005070,317723410001,286150,0,286150
R005071,317723410002,326100,2635270,2961370
R005072,317723410003,211970,612920,824890
R005073,317723410005,211970,135950,347920
R005074,317723410006,180170,1160330,1340500
R005075,317723410030,418220,357500,775720
R005076,317723410008,418220,0,418220
R005079,317723410032,402730,0,402730
R005084,317723410034,286150,827930,1114080
R005086,317723411002,211970,0,211970
R005087,317723411003,286150,0,286150
R005088,317723411004,286150,1716790,2002940
R005089,317723411005,211970,1046790,1258760
R005090,317723411008,307350,1860270,2167620
R005091,317723411009,329080,1173850,1502930
R005092,317723411025,329080,1462330,1791410
R005095,317723411013,883550,1685220,2568770
R005098,317723412018,211970,0,211970
R005099,317723412021,402730,971680,1374410
R005101,317723412009,440240,1352550,1792790
R005102,317723412010,418220,2331910,2750130
R005103,317723412011,286150,0,286150
R005104,317723412012,286150,1267070,1553220
R005105,317723412028,399550,1815010,2214560
R005108,317723413001,0,682480,682480
R005110,317723413030,0,733260,733260
R005111,317723413004,0,684410,684410
R005112,317723413005,0,657700,657700
R005113,317723413006,0,673220,673220
R005114,317723413007,0,716090,716090
R005115,317723413008,0,620200,620200
R005116,317723413029,0,707970,707970
R005117,317723413011,0,643060,643060
R005118,317723413012,0,495900,495900
R005119,317723413013,0,626000,626000
R005120,317723413014,0,1054730,1054730
R005121,317723413015,0,1209100,1209100
R005122,317723413016,0,1017830,1017830
R005123,317723413017,0,1257620,1257620
R005124,317723413018,0,1059090,1059090
R005125,317723413019,0,1032320,1032320
R005128,317723413028,0,620200,620200
R005130,317723414001,0,481720,481720
R005131,317723414002,0,505810,505810
R005132,317723414004,0,744570,744570
R005133,317723414005,0,481720,481720
R005134,317723414006,0,518290,518290
R005135,317723414007,0,693740,693740
R005136,317723414008,0,728430,728430
R005137,317723414009,0,811570,811570
R005138,317723414010,0,811570,811570
R005139,317723414011,0,692980,692980
R005140,317723414012,0,888830,888830
R005141,317723414015,0,781800,781800
R005143,317723415001,0,565250,565250
R005144,317723415002,0,781830,781830
R005145,317723415003,0,1106500,1106500
R005146,317723415004,0,742050,742050
R005147,317723415005,0,742050,742050
R005148,317723415006,0,791750,791750
R005149,317723415007,0,778080,778080
R005150,317723415008,0,791750,791750
R005151,317723415009,0,791750,791750
R005152,317723416016,326100,2002120,2328220
R005157,317723416008,418220,0,418220
R005158,317723416010,506270,1918890,2425160
R005159,317723417018,440240,1160330,1600570
R005160,317723417002,329080,2007220,2336300
R005161,317723417004,286150,1397090,1683240
R005162,317723417005,286150,1215770,1501920
R005163,317723417022,286150,980680,1266830
R005164,317723417008,286150,925210,1211360
R005165,317723417009,329080,1086680,1415760
R005166,317723417010,329080,841410,1170490
R005167,317723417013,231570,0,231570
R005170,317723417023,143080,391580,534660
R005171,317723418001,423930,1657620,2081550
R005172,317723418002,423930,808120,1232050
R005181,317723419007,309800,406840,716640
R005183,317723419004,309800,877250,1187050
R005184,317723419005,309800,0,309800
R005185,317723419008,211970,1694380,1906350
R005186,317723420001,0,339610,339610
R005187,317723420002,0,743070,743070
R005188,317723420003,0,793770,793770
R005189,317723420004,0,745110,745110
R005190,317723420005,0,794780,794780
R005191,317723420006,0,740520,740520
R005192,317723420007,0,913890,913890
R005193,317723420009,0,744090,744090
R005194,317723420010,0,321130,321130
R005195,317723420020,0,743070,743070
R005196,317723420012,0,833460,833460
R005197,317723420013,0,793770,793770
R005198,317723420014,0,743070,743070
R005199,317723420017,0,913890,913890
R005200,317723421001,0,796890,796890
R005201,317723421002,0,758950,758950
R005202,317723421003,0,794370,794370
R005203,317723421004,0,745730,745730
R005204,317723421005,0,745730,745730
R005205,317723421006,0,709240,709240
R005206,317723421007,0,710210,710210
R005207,317723421008,0,783010,783010
R005208,317723421009,0,317590,317590
R005209,317723421010,0,332910,332910
R005210,317723421011,0,807850,807850
R005211,317723421012,0,770820,770820
R005212,317723421013,0,848250,848250
R005213,317723421014,0,844150,844150
R005214,317723421015,0,757840,757840
R005215,317723421016,0,721750,721750
R005216,317723421017,0,722720,722720
R005217,317723421018,0,756820,756820
R005219,317723421021,0,174000,174000
R005220,317723422001,729380,0,729380
R005222,317723424001,0,644210,644210
R005223,317723424002,0,684790,684790
R005224,317723424003,0,684790,684790
R005225,317723424004,0,676420,676420
R005226,317723424006,0,457220,457220
R005227,317723424007,0,684280,684280
R005228,317723424008,0,602640,602640
R005229,317723424009,0,718490,718490
R005230,317723424010,0,602640,602640
R005231,317723424011,0,718490,718490
R005232,317723424012,0,602640,602640
R005233,317723424013,0,684280,684280
R005234,317723424014,0,644210,644210
R005235,317723424015,0,644210,644210
R005236,317723424016,0,684280,684280
R005237,317723424019,0,684280,684280
R005238,317723424020,0,602120,602120
R005239,317723424021,0,684280,684280
R005240,317723424022,0,602120,602120
R005241,317723424023,0,684280,684280
R005242,317723424024,0,632220,632220
R005243,317723424035,0,684280,684280
R005246,317723424032,0,602640,602640
R005248,317723424031,0,744060,744060
R005254,317723425127,0,40810,40810
R005259,317723425109,0,43050,43050
R005260,317723425110,0,43050,43050
R005261,317723425112,0,166300,166300
R005267,317723425019,0,401300,401300
R005268,317723425020,0,382190,382190
R005269,317723425021,0,382190,382190
R005270,317723425022,0,363080,363080
R005271,317723425023,0,382190,382190
R005272,317723425024,0,401300,401300
R005273,317723425025,0,401300,401300
R005274,317723425026,0,401300,401300
R005275,317723425027,0,382190,382190
R005276,317723425028,0,382190,382190
R005277,317723425029,0,248300,248300
R005278,317723425030,0,401300,401300
R005279,317723425031,0,382190,382190
R005280,317723425032,0,401300,401300
R005282,317723425034,0,491070,491070
R005283,317723425035,0,401300,401300
R005286,317723425038,0,401300,401300
R005287,317723425039,0,382190,382190
R005288,317723425040,0,236480,236480
R005289,317723425041,0,382190,382190
R005290,317723425042,0,441430,441430
R005291,317723425043,0,401300,401300
R005292,317723425044,0,382190,382190
R005293,317723425045,0,382190,382190
R005294,317723425046,0,382190,382190
R005295,317723425047,0,401300,401300
R005296,317723425048,0,401300,401300
R005297,317723425049,0,382190,382190
R005298,317723425050,0,401300,401300
R005299,317723425051,0,248300,248300
R005300,317723425052,0,401300,401300
R005301,317723425053,0,382190,382190
R005302,317723425054,0,401300,401300
R005304,317723425056,0,490640,490640
R005305,317723425057,0,382190,382190
R005306,317723425058,0,382190,382190
R005307,317723425059,0,401300,401300
R005308,317723425060,0,382190,382190
R005309,317723425119,0,382190,382190
R005310,317723425062,0,236480,236480
R005311,317723425063,0,382190,382190
R005312,317723425064,0,421360,421360
R005313,317723425065,0,401300,401300
R005314,317723425066,0,382190,382190
R005315,317723425067,0,401300,401300
R005316,317723425068,0,382190,382190
R005317,317723425069,0,382190,382190
R005318,317723425126,0,297260,297260
R005319,317723425071,0,401300,401300
R005320,317723425072,0,334420,334420
R005321,317723425073,0,261370,261370
R005322,317723426001,0,698000,698000
R005323,317723426002,0,664760,664760
R005324,317723426003,0,664760,664760
R005325,317723426004,0,633100,633100
R005326,317723426005,0,633100,633100
R005327,317723426006,0,633100,633100
R005328,317723426007,0,633100,633100
R005329,317723426008,0,664760,664760
R005330,317723426009,0,664760,664760
R005334,317724201001,309800,1285840,1595640
R005335,317724201002,294310,0,294310
R005336,317724201017,271850,1109850,1381700
R005341,317724201012,397310,1514960,1912270
R005342,317724201016,397310,1312230,1709540
R005344,317724201015,418220,1249060,1667280
R005345,317724202002,418220,1280770,1698990
R005346,317724202003,397310,1275480,1672790
R005347,317724202009,418220,1215300,1633520
R005350,317724203001,440240,1607160,2047400
R005354,317724203005,418220,1734260,2152480
R005355,317724203006,440240,1046650,1486890
R005356,317724204001,440240,1833320,2273560
R005357,317724204002,326100,1347670,1673770
R005358,317724204003,309800,0,309800
R005359,317724204004,440240,1818400,2258640
R005360,317724204005,326100,1177100,1503200
R005361,317724204006,440240,1615820,2056060
R005362,317724204007,440240,1386900,1827140
R005363,317724205001,447350,1301290,1748640
R005364,317724205002,447350,2561720,3009070
R005365,317724205003,424980,1257750,1682730
R005366,317724205029,447350,1913540,2360890
R005368,317724205026,488730,1321920,1810650
R005374,317724205012,505700,2035050,2540750
R005378,317724205016,424980,1122720,1547700
R005379,317724205021,447350,2729240,3176590
R005380,317724206003,316060,740940,1057000
R005381,317724206004,818320,2904880,3723200
R005382,317724206007,424980,1670390,2095370
R005383,317724206011,591010,2325400,2916410
R005385,317724207005,424980,1675200,2100180
R005386,317724207006,488730,2297230,2785960
R005387,317724207007,818320,1740870,2559190
R005388,317724207009,424980,1573360,1998340
R005389,317724301001,309800,1580780,1890580
R005390,317724301002,263330,1794300,2057630
R005391,317724301004,418220,1664150,2082370
R005392,317724301005,180170,1105190,1285360
R005393,317724301006,286150,1111860,1398010
R005396,317724301014,263330,0,263330
R005397,317724301015,277190,1122230,1399420
R005398,317724301017,449200,1943310,2392510
R005399,317724301028,286150,0,286150
R005400,317724301027,326100,0,326100
R005402,317724301022,440240,1095470,1535710
R005403,317724301023,277190,1045940,1323130
R005405,317724301026,263330,1138920,1402250
R005406,317724302001,424980,3047590,3472570
R005407,317724302002,424980,1612130,2037110
R005408,317724302005,410880,0,410880
R005409,317724302006,316060,1958750,2274810
R005410,317724302007,290780,3401170,3691950
R005413,317724302010,378010,0,378010
R005415,317724302014,334390,1237300,1571690
R005416,317724302015,424980,2282540,2707520
R005421,317724302020,214920,1848450,2063370
R005422,317724302021,252850,0,252850
R005424,317724302027,389000,1256940,1645940
R005425,317724302030,424980,1539060,1964040
R005426,317724303001,424980,2339600,2764580
R005427,317724303049,552480,1747490,2299970
R005428,317724303003,600520,2002390,2602910
R005429,317724303004,1285440,4771940,6057380
R005430,317724303050,1223380,3371410,4594790
R005432,317724303051,531230,2568490,3099720
R005435,317724303010,252850,1804060,2056910
R005436,317724303011,369550,2994450,3364000
R005438,317724303052,290780,3007910,3298690
R005439,317724303014,389000,1350210,1739210
R005441,317724303018,985010,0,985010
R005446,317724303023,424980,1783780,2208760
R005447,317724303024,818320,1459800,2278120
R005448,317724303025,681930,0,681930
R005449,317724303026,681930,0,681930
R005452,317724303054,752470,3387970,4140440
R005455,317724303055,928370,3879290,4807660
R005456,317724303045,681930,1763270,2445200
R005460,317726100108,2209040,0,2209040
R005463,317726100098,158760,1482710,1641470
R005464,317726100097,475880,7364470,7840350
R005473,317726100054,547100,0,547100
R005475,317726128002,372000,1491500,1863500
R005477,317726100067,1126240,0,1126240
R005481,317726100103,193060,5467800,5660860
R005487,317726131001,0,3963590,3963590
R005491,317726102002,286150,520330,806480
R005492,317726102003,286150,0,286150
R005493,317726102006,286150,983030,1269180
R005495,317726103001,0,597830,597830
R005496,317726103002,0,569360,569360
R005497,317726103003,0,355990,355990
R005498,317726103004,0,569360,569360
R005499,317726103005,0,634940,634940
R005500,317726103006,0,790900,790900
R005501,317726103007,0,753240,753240
R005502,317726103008,0,357130,357130
R005503,317726103009,0,833480,833480
R005504,317726103011,0,757710,757710
R005505,317726103012,0,374990,374990
R005506,317726103013,0,809630,809630
R005507,317726103014,0,830450,830450
R005508,317726103015,0,948300,948300
R005509,317726103016,0,926720,926720
R005510,317726103018,0,948300,948300
R005511,317726103019,0,948300,948300
R005512,317726103020,0,589370,589370
R005513,317726103021,0,647870,647870
R005514,317726103024,0,589370,589370
R005515,317726103025,0,624170,624170
R005516,317726103026,0,440040,440040
R005517,317726103027,0,624170,624170
R005518,317726103028,0,836830,836830
R005519,317726103029,0,819180,819180
R005520,317726103030,0,770200,770200
R005521,317726103031,0,800690,800690
R005522,317726103032,0,494970,494970
R005523,317726103033,0,749010,749010
R005524,317726103034,0,796980,796980
R005526,317726103038,0,617020,617020
R005528,317726104001,0,734400,734400
R005529,317726104002,0,734400,734400
R005530,317726104003,0,699420,699420
R005531,317726104004,0,699420,699420
R005532,317726104005,0,699420,699420
R005533,317726104007,0,769370,769370
R005534,317726104008,0,699420,699420
R005535,317726104009,0,699420,699420
R005536,317726104010,0,734400,734400
R005537,317726104011,0,734400,734400
R005538,317726104012,0,735520,735520
R005539,317726104013,0,830520,830520
R005540,317726104015,0,789000,789000
R005541,317726104016,0,867900,867900
R005542,317726104017,0,996630,996630
R005543,317726104018,0,913570,913570
R005544,317726104019,0,751420,751420
R005545,317726104020,0,750430,750430
R005546,317726104021,0,790970,790970
R005547,317726104022,0,830520,830520
R005548,317726104025,0,581600,581600
R005549,317726104026,0,582180,582180
R005550,317726104027,0,581600,581600
R005551,317726104029,0,581600,581600
R005552,317726104030,0,582180,582180
R005553,317726104031,0,582180,582180
R005554,317726104032,0,554460,554460
R005555,317726104033,0,499010,499010
R005556,317726104034,0,582180,582180
R005557,317726104035,0,581600,581600
R005559,317726104037,0,697820,697820
R005560,317726104038,0,697820,697820
R005561,317726104039,0,732710,732710
R005562,317726104113,0,507500,507500
R005563,317726104041,0,734960,734960
R005564,317726104121,0,697820,697820
R005565,317726104044,0,732710,732710
R005566,317726104045,0,805980,805980
R005567,317726104046,0,805980,805980
R005568,317726104047,0,734960,734960
R005569,317726104048,0,732710,732710
R005570,317726104049,0,753470,753470
R005571,317726104050,0,717590,717590
R005572,317726104051,0,717590,717590
R005573,317726104131,0,702100,702100
R005574,317726104053,0,737210,737210
R005575,317726104054,0,753470,753470
R005576,317726104055,0,702100,702100
R005578,317726104057,0,702100,702100
R005579,317726104112,0,904160,904160
R005580,317726104059,0,904160,904160
R005581,317726104060,0,753470,753470
R005582,317726104129,0,732710,732710
R005586,317726104128,0,734400,734400
R005588,317726104127,0,790970,790970
R005597,317726104106,0,640400,640400
R005601,317726104097,0,829420,829420
R005602,317726104101,0,790970,790970
R005604,317726105001,0,459340,459340
R005605,317726105002,0,349970,349970
R005607,317726105004,0,459340,459340
R005608,317726105005,0,349970,349970
R005609,317726105018,0,367470,367470
R005610,317726105007,0,479120,479120
R005611,317726105008,0,456310,456310
R005613,317726105010,0,479120,479120
R005614,317726106001,0,473270,473270
R005615,317726106002,0,911470,911470
R005616,317726106003,0,346900,346900
R005617,317726106004,0,492330,492330
R005618,317726106005,0,365150,365150
R005619,317726106006,0,436450,436450
R005620,317726106007,0,436450,436450
R005621,317726106008,0,480100,480100
R005622,317726106009,0,436450,436450
R005623,317726106010,0,399800,399800
R005624,317726106011,0,565850,565850
R005625,317726106012,0,399800,399800
R005626,317726106013,0,648860,648860
R005627,317726106014,0,675430,675430
R005628,317726106036,0,660030,660030
R005629,317726106016,0,617960,617960
R005630,317726106017,0,683890,683890
R005631,317726106018,0,717490,717490
R005632,317726106019,0,718080,718080
R005633,317726106020,0,755250,755250
R005634,317726106021,0,713750,713750
R005635,317726106022,0,627370,627370
R005636,317726106023,0,672230,672230
R005637,317726106037,0,711490,711490
R005638,317726107001,0,563380,563380
R005639,317726107002,0,694460,694460
R005640,317726107003,0,462920,462920
R005641,317726107004,0,595630,595630
R005642,317726107048,0,505370,505370
R005645,317726107010,0,530640,530640
R005646,317726107011,0,527450,527450
R005647,317726107012,0,462920,462920
R005648,317726107013,0,567240,567240
R005649,317726107014,0,486070,486070
R005650,317726107015,0,677610,677610
R005651,317726107016,0,740160,740160
R005653,317726107020,0,960340,960340
R005654,317726107021,0,872310,872310
R005655,317726107022,0,957950,957950
R005656,317726107024,0,785120,785120
R005657,317726107025,0,670300,670300
R005658,317726107027,0,828660,828660
R005659,317726107050,0,486070,486070
R005661,317726107032,0,960340,960340
R005663,317726107039,0,505370,505370
R005666,317726107042,0,687040,687040
R005668,317726108001,0,808490,808490
R005669,317726108002,0,1211630,1211630
R005670,317726108003,0,2145050,2145050
R005671,317726108004,0,1884080,1884080
R005672,317726108005,0,1300490,1300490
R005674,317726108009,0,1294770,1294770
R005675,317726108010,0,1294770,1294770
R005677,317726108012,0,1676630,1676630
R005678,317726109001,0,690290,690290
R005679,317726109002,0,759320,759320
R005680,317726109003,0,690290,690290
R005681,317726109004,0,716270,716270
R005682,317726109005,0,690290,690290
R005683,317726109006,0,690290,690290
R005684,317726109009,0,690290,690290
R005685,317726109010,0,724810,724810
R005686,317726109011,0,722120,722120
R005687,317726109012,0,725510,725510
R005688,317726109013,0,722120,722120
R005689,317726109014,0,722120,722120
R005691,317726109016,0,722120,722120
R005693,317726109019,0,671530,671530
R005694,317726109020,0,705100,705100
R005695,317726109021,0,632330,632330
R005696,317726109022,0,672070,672070
R005697,317726109023,0,705670,705670
R005698,317726109024,0,705100,705100
R005699,317726109025,0,705100,705100
R005700,317726109026,0,758220,758220
R005701,317726109029,0,643260,643260
R005702,317726109030,0,675420,675420
R005703,317726109031,0,675420,675420
R005704,317726109032,0,643260,643260
R005705,317726109033,0,709200,709200
R005706,317726109034,0,744530,744530
R005707,317726109035,0,709080,709080
R005708,317726109037,0,675850,675850
R005709,317726109038,0,675310,675310
R005710,317726109039,0,852830,852830
R005712,317726109055,0,742840,742840
R005713,317726109042,0,675420,675420
R005714,317726109043,0,690290,690290
R005718,317726109059,0,705100,705100
R005719,317726110001,456210,2811290,3267500
R005720,317726110002,456210,1916000,2372210
R005721,317726110003,456210,1143930,1600140
R005722,317726110042,1749800,0,1749800
R005726,317726110010,357030,0,357030
R005727,317726110011,342150,0,342150
R005728,317726110012,410580,1770560,2181140
R005729,317726110013,456210,3396030,3852240
R005730,317726110014,456210,2238880,2695090
R005731,317726110015,456210,2099840,2556050
R005732,317726110041,524640,3859970,4384610
R005734,317726110018,456210,0,456210
R005735,317726110019,456210,0,456210
R005738,317726110022,341010,1786980,2127990
R005742,317726110036,511460,0,511460
R005744,317726111001,0,261000,261000
R005745,317726111002,0,227360,227360
R005746,317726111003,0,366320,366320
R005747,317726111004,0,289810,289810
R005748,317726111005,0,357070,357070
R005749,317726111006,0,289810,289810
R005750,317726111007,0,967280,967280
R005751,317726111008,0,661950,661950
R005752,317726111009,0,764250,764250
R005753,317726111010,0,838960,838960
R005754,317726111011,0,919280,919280
R005755,317726111012,0,728150,728150
R005756,317726111013,0,804470,804470
R005757,317726111014,0,725860,725860
R005758,317726111015,0,966770,966770
R005759,317726111016,0,661950,661950
R005760,317726111055,0,884920,884920
R005761,317726111018,0,726370,726370
R005762,317726111019,0,674490,674490
R005763,317726111020,0,431870,431870
R005764,317726111021,0,646490,646490
R005765,317726111022,0,453460,453460
R005766,317726111023,0,707120,707120
R005767,317726111024,0,492540,492540
R005768,317726111025,0,707660,707660
R005769,317726111026,0,457630,457630
R005771,317726111028,0,515310,515310
R005772,317726111029,0,369950,369950
R005773,317726111030,0,369950,369950
R005774,317726111031,0,467920,467920
R005776,317726111033,0,746570,746570
R005777,317726111034,0,653190,653190
R005778,317726111051,0,823410,823410
R005779,317726111036,0,595390,595390
R005780,317726111037,0,786540,786540
R005781,317726111038,0,588540,588540
R005782,317726111039,0,815990,815990
R005783,317726111056,0,800260,800260
R005784,317726111041,0,745530,745530
R005785,317726111042,0,454600,454600
R005786,317726111043,0,811800,811800
R005787,317726111044,0,381860,381860
R005788,317726111045,0,645480,645480
R005789,317726111046,0,470190,470190
R005790,317726111047,0,740520,740520
R005791,317726111048,0,470190,470190
R005792,317726112001,0,1212630,1212630
R005794,317726112003,0,1069970,1069970
R005795,317726112004,0,756850,756850
R005796,317726112005,0,1331380,1331380
R005797,317726112006,0,794700,794700
R005798,317726112007,0,1099890,1099890
R005799,317726112008,0,794700,794700
R005800,317726112009,0,1099890,1099890
R005801,317726112010,0,794700,794700
R005802,317726112011,0,1069970,1069970
R005803,317726112012,0,874170,874170
R005804,317726112013,0,1148690,1148690
R005805,317726112014,0,903080,903080
R005807,317726113001,0,1021980,1021980
R005808,317726113002,0,1276970,1276970
R005809,317726113003,0,1270350,1270350
R005810,317726113004,0,1418880,1418880
R005811,317726113005,0,470980,470980
R005813,317726113007,0,1207760,1207760
R005814,317726113009,0,681610,681610
R005815,317726113010,0,866090,866090
R005817,317726113013,0,952690,952690
R005818,317726113014,0,866090,866090
R005819,317726113015,0,1248980,1248980
R005820,317726113016,0,824840,824840
R005821,317726113017,0,866090,866090
R005822,317726113018,0,952690,952690
R005823,317726113019,0,866090,866090
R005824,317726113020,0,952690,952690
R005825,317726113021,0,1135440,1135440
R005826,317726113026,0,1417440,1417440
R005828,317726113030,0,866090,866090
R005830,317726114002,0,569840,569840
R005831,317726114003,0,517290,517290
R005832,317726114004,0,393090,393090
R005833,317726114005,0,280090,280090
R005834,317726114006,0,820580,820580
R005835,317726114007,0,745980,745980
R005836,317726114008,0,518040,518040
R005837,317726114009,0,518040,518040
R005838,317726114011,0,535090,535090
R005839,317726114012,0,500440,500440
R005840,317726114013,0,578010,578010
R005841,317726114014,0,541740,541740
R005842,317726114017,0,386160,386160
R005843,317726114018,0,729990,729990
R005844,317726114019,0,802990,802990
R005845,317726114020,0,745980,745980
R005846,317726114021,0,1095970,1095970
R005847,317726114022,0,1000230,1000230
R005848,317726114023,0,525470,525470
R005849,317726114024,0,541000,541000
R005850,317726114025,0,405470,405470
R005851,317726114026,0,709140,709140
R005852,317726114027,0,943260,943260
R005853,317726114028,0,990270,990270
R005854,317726114029,0,386160,386160
R005855,317726114030,0,744590,744590
R005857,317726114041,0,781500,781500
R005858,317726114035,0,595910,595910
R005859,317726114038,0,535090,535090
R005860,317726114042,0,386160,386160
R005862,317726115001,0,857100,857100
R005863,317726115002,0,687060,687060
R005864,317726115003,0,897920,897920
R005865,317726115004,0,654350,654350
R005866,317726115005,0,815730,815730
R005867,317726115006,0,800970,800970
R005869,317726116002,0,795580,795580
R005870,317726116003,0,721610,721610
R005871,317726116004,0,721610,721610
R005872,317726116005,0,833460,833460
R005874,317726116007,0,721610,721610
R005876,317726116009,0,757700,757700
R005877,317726116010,0,757700,757700
R005878,317726116011,0,833460,833460
R005879,317726116012,0,721610,721610
R005880,317726116013,0,833460,833460
R005882,317726116015,0,721610,721610
R005883,317726116016,0,833460,833460
R005884,317726116017,0,757700,757700
R005885,317726116018,0,757700,757700
R005886,317726116019,0,757700,757700
R005887,317726116020,0,757700,757700
R005888,317726116021,0,833460,833460
R005889,317726116022,0,721610,721610
R005890,317726116023,0,721610,721610
R005891,317726116024,0,721610,721610
R005892,317726116025,0,833460,833460
R005894,317726117002,0,721610,721610
R005895,317726117003,0,721610,721610
R005898,317726117006,0,909230,909230
R005899,317726117007,0,721610,721610
R005900,317726117008,0,721610,721610
R005902,317726117010,0,795580,795580
R005903,317726117011,0,757700,757700
R005904,317726117013,0,721610,721610
R005905,317726117014,0,757700,757700
R005907,317726117030,0,721610,721610
R005909,317726117035,0,757700,757700
R005911,317726117024,0,721610,721610
R005912,317726118001,0,611970,611970
R005913,317726118003,0,618440,618440
R005915,317726118005,0,578740,578740
R005916,317726118006,0,521680,521680
R005917,317726118008,0,698150,698150
R005919,317726118010,0,654220,654220
R005920,317726118011,0,402800,402800
R005921,317726118051,0,604270,604270
R005922,317726118013,0,667720,667720
R005923,317726118015,0,740830,740830
R005924,317726118017,0,582330,582330
R005925,317726118018,0,496830,496830
R005926,317726118019,0,526130,526130
R005928,317726118021,0,731610,731610
R005930,317726118023,0,768150,768150
R005931,317726118052,0,812430,812430
R005933,317726118034,0,671370,671370
R005935,317726118032,0,581670,581670
R005936,317726118033,0,734770,734770
R005938,317726119002,0,800180,800180
R005939,317726119003,0,445400,445400
R005940,317726120001,0,1267480,1267480
R005942,317726120003,0,1393560,1393560
R005943,317726120004,0,1562000,1562000
R005944,317726120005,0,1148750,1148750
R005945,317726120006,0,1386590,1386590
R005946,317726120007,0,1559020,1559020
R005947,317726120008,0,1473720,1473720
R005948,317726120009,0,1476310,1476310
R005949,317726121001,0,892330,892330
R005950,317726121002,0,1341160,1341160
R005951,317726121003,0,1350100,1350100
R005952,317726121004,0,750290,750290
R005954,317726121029,0,965000,965000
R005955,317726121007,0,1368320,1368320
R005956,317726121008,0,1575540,1575540
R005957,317726121009,0,1415580,1415580
R005958,317726121010,0,1270080,1270080
R005959,317726121011,0,1247500,1247500
R005960,317726121013,0,1412420,1412420
R005961,317726121014,0,1216190,1216190
R005962,317726121015,0,1247500,1247500
R005963,317726121027,0,1431330,1431330
R005964,317726121017,0,1326750,1326750
R005965,317726121018,0,1247500,1247500
R005969,317726121028,0,1347380,1347380
R005970,317726122001,0,339750,339750
R005971,317726122002,0,454420,454420
R005973,317726122004,0,723990,723990
R005974,317726122005,0,810070,810070
R005975,317726122006,0,675980,675980
R005976,317726122007,0,654690,654690
R005977,317726122008,0,782030,782030
R005978,317726122009,0,818500,818500
R005979,317726122010,0,653660,653660
R005980,317726122011,0,751980,751980
R005981,317726122012,0,576480,576480
R005985,317726122016,0,752580,752580
R005986,317726122017,0,657280,657280
R005987,317726122018,0,845790,845790
R005988,317726122019,0,807010,807010
R005989,317726122020,0,707020,707020
R005990,317726122021,0,748980,748980
R005991,317726122022,0,684160,684160
R005992,317726122023,0,625980,625980
R005993,317726122024,0,845790,845790
R005994,317726122025,0,930370,930370
R005995,317726122026,0,668450,668450
R005996,317726122027,0,648470,648470
R005997,317726122028,0,679250,679250
R005998,317726122029,0,707600,707600
R005999,317726122030,0,953440,953440
R006000,317726122031,0,963620,963620
R006001,317726122032,0,624500,624500
R006002,317726122033,0,683620,683620
R006003,317726122034,0,686340,686340
R006004,317726122035,0,781270,781270
R006005,317726122036,0,930370,930370
R006006,317726122037,0,934970,934970
R006007,317726122038,0,857690,857690
R006008,317726122039,0,680340,680340
R006009,317726122040,0,717220,717220
R006010,317726122041,0,684160,684160
R006011,317726122042,0,855190,855190
R006012,317726122043,0,878180,878180
R006013,317726122044,0,638590,638590
R006014,317726122045,0,685250,685250
R006015,317726122046,0,683070,683070
R006016,317726122047,0,682610,682610
R006017,317726122048,0,855190,855190
R006018,317726122049,0,920000,920000
R006019,317726122050,0,638590,638590
R006020,317726122051,0,685250,685250
R006021,317726122052,0,721800,721800
R006023,317726122054,0,872330,872330
R006024,317726122055,0,678160,678160
R006025,317726122056,0,716740,716740
R006026,317726122057,0,781900,781900
R006027,317726122071,0,939570,939570
R006028,317726122059,0,1024350,1024350
R006029,317726122060,0,701870,701870
R006030,317726122061,0,843110,843110
R006031,317726122062,0,677070,677070
R006032,317726122063,0,684160,684160
R006033,317726122064,0,746580,746580
R006034,317726122065,0,681980,681980
R006035,317726123001,0,370360,370360
R006036,317726123002,0,367520,367520
R006037,317726123003,0,444840,444840
R006038,317726123021,0,463630,463630
R006040,317726123006,0,381980,381980
R006041,317726123007,0,542600,542600
R006042,317726123008,0,168830,168830
R006043,317726123009,0,22090,22090
R006044,317726123010,0,448790,448790
R006045,317726123011,0,415300,415300
R006046,317726123012,0,314210,314210
R006047,317726123013,0,389000,389000
R006048,317726123014,0,393310,393310
R006049,317726123015,0,330280,330280
R006050,317726123016,0,200940,200940
R006051,317726123017,0,219940,219940
R006052,317726123018,0,455760,455760
R006053,317726123019,0,639150,639150
R006054,317726123020,0,439890,439890
R006056,317726125001,0,782470,782470
R006057,317726125002,0,870220,870220
R006058,317726125003,0,106270,106270
R006059,317726125004,0,149740,149740
R006063,317726425001,0,758190,758190
R006064,317726400048,12520,0,12520
R006065,317726439001,264700,1425160,1689860
R006072,317726400039,159880,0,159880
R006076,317726400043,286150,3245190,3531340
R006085,317726401035,1304400,0,1304400
R006087,317726437001,187500,788590,976090
R006088,317726401012,440240,1401810,1842050
R006089,317726401013,440240,959930,1400170
R006090,317726401014,286150,1962820,2248970
R006091,317726401015,440240,799590,1239830
R006092,317726401027,440240,518770,959010
R006093,317726401017,440240,1162090,1602330
R006094,317726401033,440240,0,440240
R006100,317726402034,873010,0,873010
R006102,317726402029,211970,1064300,1276270
R006103,317726402016,398960,0,398960
R006104,317726402017,328210,0,328210
R006107,317726400006,12000,0,12000
R006108,317726403020,0,15976840,15976840
R006109,317726404001,0,673760,673760
R006111,317726404003,0,671960,671960
R006112,317726404004,0,707450,707450
R006113,317726460001,0,631830,631830
R006114,317726460002,0,547040,547040
R006115,317726460003,0,547960,547960
R006116,317726460004,0,544280,544280
R006117,317726460005,0,571010,571010
R006118,317726460006,0,652030,652030
R006119,317726460007,0,547960,547960
R006120,317726460008,0,566670,566670
R006121,317726405009,0,628040,628040
R006122,317726405010,0,572040,572040
R006123,317726405011,0,599140,599140
R006124,317726405076,0,645420,645420
R006126,317726405014,0,615180,615180
R006127,317726405015,0,490950,490950
R006129,317726460009,0,691890,691890
R006130,317726460010,0,761080,761080
R006131,317726460011,0,729250,729250
R006132,317726460012,0,729250,729250
R006133,317726460013,0,729250,729250
R006134,317726405029,0,798200,798200
R006135,317726405030,0,760670,760670
R006136,317726405031,0,912800,912800
R006137,317726405032,0,801220,801220
R006138,317726405033,0,800220,800220
R006139,317726405034,0,724900,724900
R006140,317726405035,0,725360,725360
R006141,317726405036,0,797690,797690
R006143,317726460014,0,909300,909300
R006144,317726460015,0,999780,999780
R006145,317726460016,0,959140,959140
R006146,317726460017,0,954770,954770
R006147,317726460018,0,913470,913470
R006148,317726460019,0,913470,913470
R006149,317726460020,0,959140,959140
R006150,317726405046,0,1079140,1079140
R006151,317726405047,0,1234390,1234390
R006152,317726405048,0,981410,981410
R006153,317726405054,0,1171320,1171320
R006154,317726405056,0,1124040,1124040
R006155,317726405057,0,1072950,1072950
R006156,317726405058,0,1027750,1027750
R006157,317726405073,0,647520,647520
R006159,317726405074,0,615180,615180
R006161,317726460021,0,761080,761080
R006162,317726460022,0,691890,691890
R006163,317726405079,0,1124040,1124040
R006167,317726406001,0,465400,465400
R006168,317726406002,0,554050,554050
R006171,317726401023,326100,1362510,1688610
R006175,317726408001,0,423180,423180
R006176,317726408002,0,293110,293110
R006177,317726408003,0,292650,292650
R006178,317726408004,0,384110,384110
R006179,317726408005,0,403310,403310
R006180,317726408006,0,307280,307280
R006181,317726409001,0,444300,444300
R006182,317726409002,0,444300,444300
R006183,317726409003,0,583150,583150
R006184,317726409005,0,555380,555380
R006185,317726409014,0,444300,444300
R006187,317726409013,0,442740,442740
R006188,317726410001,0,860460,860460
R006189,317726410002,0,781120,781120
R006190,317726410003,0,778870,778870
R006191,317726410004,0,775730,775730
R006192,317726410005,0,781650,781650
R006193,317726410006,0,820730,820730
R006194,317726410007,0,819050,819050
R006195,317726410008,0,775850,775850
R006196,317726410009,0,819050,819050
R006197,317726410010,0,780050,780050
R006198,317726410012,0,780050,780050
R006199,317726410013,0,780050,780050
R006200,317726410014,0,860010,860010
R006203,317726410019,0,780050,780050
R006204,317726411001,0,287010,287010
R006205,317726411002,0,273340,273340
R006206,317726411003,0,286030,286030
R006207,317726411004,0,376700,376700
R006208,317726411005,0,273340,273340
R006209,317726411006,0,376700,376700
R006210,317726411007,0,260920,260920
R006211,317726411008,0,341680,341680
R006212,317726411009,0,301360,301360
R006214,317726411011,0,287010,287010
R006215,317726411012,0,287010,287010
R006216,317726411013,0,287010,287010
R006217,317726411014,0,341680,341680
R006218,317726411015,0,287010,287010
R006219,317726411016,0,481100,481100
R006220,317726411017,0,458190,458190
R006221,317726411018,0,481100,481100
R006222,317726411019,0,505160,505160
R006223,317726411020,0,458190,458190
R006224,317726411021,0,481100,481100
R006225,317726411022,0,510930,510930
R006226,317726411023,0,572210,572210
R006227,317726411024,0,481100,481100
R006228,317726411025,0,631450,631450
R006229,317726411026,0,567450,567450
R006230,317726411027,0,481100,481100
R006231,317726411028,0,505160,505160
R006232,317726411029,0,601380,601380
R006233,317726411030,0,631450,631450
R006234,317726412001,0,421080,421080
R006235,317726412002,0,401030,401030
R006236,317726412003,0,401030,401030
R006237,317726412004,0,421080,421080
R006238,317726412006,0,421080,421080
R006239,317726412007,0,421080,421080
R006240,317726412008,0,401030,401030
R006241,317726412010,0,498400,498400
R006242,317726412016,0,421080,421080
R006243,317726412017,0,421080,421080
R006244,317726413001,0,1052880,1052880
R006245,317726413002,0,1104290,1104290
R006246,317726413003,0,1002740,1002740
R006247,317726413005,0,663860,663860
R006248,317726413006,0,600890,600890
R006249,317726413007,0,632250,632250
R006250,317726413037,0,662480,662480
R006251,317726413010,0,1002740,1002740
R006252,317726413011,0,1104290,1104290
R006253,317726413012,0,1052880,1052880
R006254,317726413013,0,630930,630930
R006255,317726413014,0,630930,630930
R006256,317726413015,0,630930,630930
R006257,317726413016,0,662480,662480
R006258,317726413017,0,1146520,1146520
R006259,317726413018,0,1002740,1002740
R006260,317726413019,0,1203290,1203290
R006261,317726413020,0,1052880,1052880
R006262,317726413021,0,619910,619910
R006263,317726413022,0,630930,630930
R006264,317726413023,0,600890,600890
R006265,317726413024,0,630930,630930
R006267,317726413033,0,1052880,1052880
R006270,317726413036,0,1052880,1052880
R006273,317726415001,0,570380,570380
R006274,317726415004,0,598900,598900
R006275,317726415010,0,465100,465100
R006277,317726415016,0,569050,569050
R006278,317726416001,0,315190,315190
R006279,317726416002,0,330950,330950
R006281,317726416004,0,430640,430640
R006282,317726416005,0,290180,290180
R006283,317726416006,0,290180,290180
R006285,317726416008,0,511390,511390
R006286,317726416009,0,290180,290180
R006287,317726416010,0,290180,290180
R006288,317726416011,0,417120,417120
R006289,317726416012,0,437970,437970
R006290,317726416013,0,599350,599350
R006291,317726416014,0,429970,429970
R006292,317726416015,0,327600,327600
R006293,317726416016,0,749410,749410
R006294,317726416017,0,456650,456650
R006295,317726416018,0,327600,327600
R006296,317726416019,0,327600,327600
R006297,317726416020,0,572280,572280
R006298,317726416021,0,543220,543220
R006300,317726416023,0,352280,352280
R006301,317726416024,0,551290,551290
R006302,317726416025,0,903060,903060
R006304,317726416027,0,553090,553090
R006305,317726416028,0,786880,786880
R006306,317726416029,0,628990,628990
R006307,317726416030,0,474080,474080
R006308,317726416031,0,379260,379260
R006309,317726416032,0,536140,536140
R006310,317726417001,0,349440,349440
R006311,317726417002,0,348070,348070
R006312,317726417003,0,447620,447620
R006313,317726417004,0,428940,428940
R006314,317726417005,0,424550,424550
R006315,317726417006,0,423670,423670
R006316,317726417007,0,424550,424550
R006317,317726417008,0,451310,451310
R006318,317726418001,0,808720,808720
R006319,317726418002,0,808900,808900
R006320,317726418003,0,810660,810660
R006321,317726418004,0,769260,769260
R006322,317726418005,0,860080,860080
R006323,317726418018,0,738030,738030
R006324,317726418007,0,774820,774820
R006325,317726418021,0,707050,707050
R006326,317726418009,0,706040,706040
R006327,317726418010,0,815470,815470
R006328,317726418012,0,174130,174130
R006329,317726418017,0,732310,732310
R006331,317726419001,0,319100,319100
R006332,317726419002,0,288910,288910
R006333,317726419003,0,311850,311850
R006334,317726419004,0,568960,568960
R006335,317726419005,0,435280,435280
R006336,317726419006,0,566140,566140
R006340,317726402036,360340,534250,894590
R006976,369900000123,47750,0,47750
R006977,343500000035,159750,1171750,1331500
R006978,342707416005,21260,257070,278330
R006979,343500000027,70860,1255160,1326020
R006980,369932006001,110000,343910,453910
R006981,369109107009,11000,309160,320160
R006982,369900000006,376770,637190,1013960
R006984,351722000049,418090,2856600,3274690
R006985,351722000002,370,0,370
R006986,351722001012,118500,1220050,1338550
R006988,343315300023,12800,0,12800
R006989,343315300004,244610,253330,497940
R006990,369932001002,146600,477340,623940
R006991,369908000003,168150,565650,733800
R006992,369105000018,27380,0,27380
R006993,396900000011,25320,0,25320
R006994,342707418003,7090,0,7090
R006995,378500000034,7380,0,7380
R006996,342707430001,33750,350430,384180
R006997,397500000002,207650,0,207650
R006998,369312000004,24870,60090,84960
R006999,369932007013,110000,545180,655180
R007000,343315300021,360160,0,360160
R007001,369526202008,10310,0,10310
R007002,342706008002,90000,496900,586900
R007003,343902001035,310,0,310
R007004,351722000006,200000,846930,1046930
R007005,352529000052,87680,252230,339910
R007006,343322300012,53600,391350,444950
R007007,342707426001,21790,243120,264910
R007008,342706007011,90000,764150,854150
R007009,397300000061,13340,689600,702940
R007010,343108001009,1660700,2132800,3793500
R007011,351535003001,199410,474590,674000
R007012,369512000004,40850,371210,412060
R007013,351535001011,168100,529720,697820
R007014,343327203002,931480,1154070,2085550
R007015,342707420004,100040,545880,645920
R007017,343327201001,225110,415120,640230
R007018,369105000031,15190,7610,22800
R007019,343700000008,500,0,500
R007022,378100000025,1790,0,1790
R007023,378100000018,2000,367280,369280
R007024,343315300015,259400,1062250,1321650
R007026,343322200012,258120,463800,721920
R007028,369932001007,146600,567630,714230
R007029,343322300003,435940,1097640,1533580
R007030,369105000046,45720,243790,289510
R007031,343322300005,176870,569710,746580
R007032,342706007002,90000,435230,525230
R007034,379123000019,104820,463270,568090
R007035,342707415003,98620,418320,516940
R007036,342708311018,52920,0,52920
R007037,342708305001,98550,522350,620900
R007038,351733400001,0,488490,488490
R007041,352532000005,24610,234940,259550
R007042,369109000021,47330,0,47330
R007044,351722004004,118500,1560330,1678830
R007045,369900000067,107070,474720,581790
R007046,369919001012,180300,301800,482100
R007047,369919001009,195500,305000,500500
R007048,379900000011,93250,110180,203430
R007049,343322205010,253610,603090,856700
R007050,369908000010,326730,427260,753990
R007051,351722002006,314030,559090,873120
R007052,342708302001,29170,0,29170
R007054,342708304001,10500,0,10500
R007056,369526209003,43870,137660,181530
R007057,352500000130,34900,87870,122770
R007058,369109000004,27380,237140,264520
R007059,351733102005,265800,372230,638030
R007060,378500000024,25710,0,25710
R007061,378135001004,114600,0,114600
R007062,379114300002,132650,349070,481720
R007063,369908001015,249800,0,249800
R007064,369908001014,249800,1076370,1326170
R007065,369908001017,249800,475650,725450
R007066,369106000008,34790,0,34790
R007067,378700000000,30,0,30
R007068,352532000048,38570,5830,44400
R007069,369109000014,85470,586030,671500
R007070,352500000088,14840,318400,333240
R007071,352500000108,23730,0,23730
R007073,351733104007,84940,400470,485410
R007074,352531000029,27380,134810,162190
R007075,342707416001,25720,302260,327980
R007076,351714400001,57850,225860,283710
R007077,378912003001,80,0,80
R007080,352533000007,27380,0,27380
R007081,369105000021,56190,259150,315340
R007082,342707424004,80,0,80
R007083,342708312005,45560,296330,341890
R007084,342707431002,18230,301750,319980
R007085,352529000032,27380,348530,375910
R007086,343300003001,1680,0,1680
R007087,343300003002,1650,0,1650
R007089,351722000025,200000,803360,1003360
R007091,369919001005,195500,657710,853210
R007092,369900000030,369670,565100,934770
R007094,369900000038,560,424110,424670
R007095,351535001008,168100,585330,753430
R007096,369932007009,110000,562800,672800
R007097,369109106002,8250,174340,182590
R007099,379100000049,109280,528970,638250
R007100,379100000019,24810,19280,44090
R007101,396900000036,80,250920,251000
R007103,379100000007,120,0,120
R007105,378900000029,606920,0,606920
R007106,369500000025,25150,308190,333340
R007107,343327200002,186080,516650,702730
R007108,343327302001,160040,0,160040
R007109,343327204001,640160,756020,1396180
R007111,342706009018,90000,425520,515520
R007115,378100000007,240080,127510,367590
R007116,342707411002,35440,277390,312830
R007117,342708311017,20590,0,20590
R007118,342708311008,30380,0,30380
R007119,342708311016,50290,444470,494760
R007120,369109125004,8800,330230,339030
R007121,351722000050,200000,656540,856540
R007122,369109108001,62480,116140,178620
R007123,342707405001,19370,0,19370
R007124,351733100017,92660,320000,412660
R007125,369523402003,74000,365950,439950
R007128,352532000049,68240,648940,717180
R007129,343322205002,253610,346060,599670
R007130,342707426002,8790,110860,119650
R007131,369105000040,22690,0,22690
R007132,343902002004,73130,659950,733080
R007133,343322205006,253610,382780,636390
R007134,378135002003,57300,373520,430820
R007135,369932002006,146600,538020,684620
R007136,351728400006,124390,0,124390
R007137,351722003006,200000,1153350,1353350
R007138,378500000002,0,192050,192050
R007140,351733102010,265800,0,265800
R007141,342707410003,38810,64710,103520
R007142,369100000051,136460,874410,1010870
R007143,343322205007,253610,540180,793790
R007144,342707423002,720,0,720
R007145,342707414001,37800,129050,166850
R007146,369908001002,249800,621190,870990
R007147,351722005004,118500,577390,695890
R007149,369100000019,141760,0,141760
R007150,352532000055,34790,5100,39890
R007151,351733400006,320450,373730,694180
R007152,378900000026,68480,444490,512970
R007153,369109121003,10000,0,10000
R007154,351727103004,118500,671220,789720
R007155,368923001002,44000,229320,273320
R007157,343322205016,253610,790040,1043650
R007158,342718102001,76050,32070,108120
R007159,343322306004,118000,1227510,1345510
R007160,343322200011,242960,1030440,1273400
R007161,352531000016,27380,74980,102360
R007164,369908000033,232150,262750,494900
R007165,369109100001,56010,0,56010
R007166,352500000082,30070,99390,129460
R007169,342706001005,90000,285630,375630
R007170,369919001002,195500,455520,651020
R007171,369105000043,54430,5830,60260
R007172,378500000016,26160,169650,195810
R007173,351722001005,118500,1410510,1529010
R007174,352532000032,27380,0,27380
R007175,351733400007,311170,241660,552830
R007176,379100000013,33720,579970,613690
R007180,397100000005,70560,520100,590660
R007181,379100000043,23110,286070,309180
R007183,379300000009,67670,411250,478920
R007184,343700000035,33460,765690,799150
R007186,379100000056,12970,978720,991690
R007187,378100000026,9360,0,9360
R007189,342708306001,63000,0,63000
R007190,378500000000,10,0,10
R007191,369100000047,37430,0,37430
R007192,352529000036,50480,92350,142830
R007193,342706009002,90000,0,90000
R007195,352531000021,28650,228680,257330
R007196,351535001013,168100,480180,648280
R007197,369908000018,163870,28550,192420
R007198,369932003005,146600,419960,566560
R007199,369908002009,450,0,450
R007200,369105000007,33380,0,33380
R007201,352532000038,27380,0,27380
R007202,352532000021,32810,0,32810
R007203,352532000067,33260,255990,289250
R007205,343322200009,304010,601290,905300
R007206,342707427010,14180,208800,222980
R007207,342707417007,7090,204960,212050
R007209,352500000029,31350,140510,171860
R007210,369105000011,34900,0,34900
R007211,342707412003,31050,330730,361780
R007212,396300000002,59920,630650,690570
R007213,379900000022,373820,2736970,3110790
R007215,351722003007,400000,2629300,3029300
R007216,378515001008,49520,217990,267510
R007217,351535001004,168100,470690,638790
R007219,369105000045,50280,346590,396870
R007220,352532000034,23730,175520,199250
R007221,369104000003,24910,0,24910
R007222,351722000031,118500,752270,870770
R007224,369920200002,10,484530,484540
R007225,369908000019,6770,369490,376260
R007226,369908000016,166800,592700,759500
R007227,351500000013,63660,212970,276630
R007230,343700000086,12590,0,12590
R007231,352700000014,47300,68770,116070
R007232,352529000020,44350,174860,219210
R007233,351722001009,118500,601970,720470
R007234,343700000009,92880,16380,109260
R007236,369500000012,344720,790120,1134840
R007238,352532000044,27380,137160,164540
R007239,342707411005,14180,55220,69400
R007240,343327200001,277620,890360,1167980
R007241,342707416003,21260,314100,335360
R007243,352529000033,23730,0,23730
R007244,343322200008,268970,299770,568740
R007245,351700000005,118500,397990,516490
R007246,397300000006,280,0,280
R007248,378500002009,1960,0,1960
R007251,378500000018,623230,956410,1579640
R007252,369908000013,361420,695590,1057010
R007253,351727103001,118500,1129720,1248220
R007254,343327200003,105050,529460,634510
R007256,352532000017,41980,680220,722200
R007257,369500000002,9270,84710,93980
R007260,379123000010,38280,0,38280
R007261,379100000002,118290,1199550,1317840
R007265,396700000021,118020,670,118690
R007267,379100000029,3120,158370,161490
R007268,342707405002,34160,407510,441670
R007269,369100000042,60780,291480,352260
R007270,352500000087,17530,168300,185830
R007271,342707420003,5780,0,5780
R007273,352500000112,30250,0,30250
R007276,343902002019,150250,546990,697240
R007277,343700000017,19770,0,19770
R007282,351500000008,6760,0,6760
R007283,351722002009,437000,1360440,1797440
R007284,369500000017,160600,372970,533570
R007290,369109106006,13750,117270,131020
R007291,378500000004,78540,66850,145390
R007295,343300000026,754490,2976860,3731350
R007297,343315300007,390170,181100,571270
R007300,369919001004,195500,436580,632080
R007302,352532000013,23730,156430,180160
R007303,352100000021,85060,0,85060
R007306,379300000078,117930,0,117930
R007309,343901001004,180000,375810,555810
R007310,342707404002,110110,296410,406520
R007312,369526200004,234440,36870,271310
R007315,342706001002,90000,485890,575890
R007316,369908000006,177660,181510,359170
R007317,343315300011,72890,229890,302780
R007318,351733102003,246790,246680,493470
R007319,369526109006,19500,148870,168370
R007324,369100000034,143630,8220,151850
R007326,352500000024,28650,212550,241200
R007327,342708311009,2810,0,2810
R007329,343500000062,205880,253350,459230
R007330,351700000025,380,0,380
R007332,343700000019,26800,782610,809410
R007333,342707425001,15590,229020,244610
R007335,342706007007,90000,0,90000
R007336,396900000010,153650,1137260,1290910
R007337,396900000008,880,0,880
R007338,352500000125,68240,22840,91080
R007339,369105000055,58290,35380,93670
R007340,342708313005,55280,280110,335390
R007342,369932007002,110000,685180,795180
R007343,342707427001,30670,296030,326700
R007344,352533000022,27380,0,27380
R007345,343700000090,24910,485840,510750
R007347,351500000020,224790,583720,808510
R007348,351500000047,38770,0,38770
R007350,343322205011,253610,467440,721050
R007351,342707426003,14180,209980,224160
R007352,352532000025,24450,0,24450
R007353,342706008007,67500,376410,443910
R007354,369100000003,24200,0,24200
R007355,396900000014,17000,0,17000
R007357,351722001008,237000,1039760,1276760
R007360,369526100014,70630,496960,567590
R007363,343322200001,315140,402980,718120
R007364,369526102001,36280,135560,171840
R007365,342707416006,14180,266520,280700
R007367,343700000053,32110,4095190,4127300
R007368,369526200012,32440,348170,380610
R007369,369900000122,15700,0,15700
R007371,369900000112,67110,4780,71890
R007372,343500000015,1190,0,1190
R007373,351700000037,59170,23350,82520
R007377,369908001021,332400,407260,739660
R007378,352533000016,28740,0,28740
R007379,379100000008,560,436620,437180
R007381,378900000025,28980,0,28980
R007382,379300000054,61840,413160,475000
R007383,378900003001,54300,633030,687330
R007384,379500000014,41850,511250,553100
R007385,378900000001,200,0,200
R007388,352531000003,23730,0,23730
R007389,343700000013,27820,254720,282540
R007390,352532000037,30100,0,30100
R007391,351733400005,345730,384040,729770
R007392,369109106003,15000,0,15000
R007393,352500000126,127980,176830,304810
R007395,342707417005,42530,330500,373030
R007397,369904001001,936150,777330,1713480
R007398,343900000032,107000,0,107000
R007399,369104000034,54430,0,54430
R007400,352529000015,23730,0,23730
R007401,369109120001,38500,0,38500
R007402,342707411001,49610,227420,277030
R007403,378522000007,88980,353550,442530
R007404,351733104002,199350,543010,742360
R007405,369932001006,146600,426990,573590
R007406,343315300001,230460,448570,679030
R007407,369106000004,69810,0,69810
R007408,351722000004,200000,1610350,1810350
R007411,342719000015,23060,0,23060
R007413,352532000026,46610,5100,51710
R007414,342731000009,69170,0,69170
R007415,368900000003,14130,0,14130
R007417,352500000001,39970,0,39970
R007419,369313000002,23660,0,23660
R007421,352500000010,29520,0,29520
R007422,342731000005,1530,0,1530
R007423,342719000016,23200,0,23200
R007424,342706000002,17340,0,17340
R007425,342719000002,41210,0,41210
R007426,342700000005,58930,0,58930
R007428,342700000015,24630,260660,285290
R007429,368934000001,31280,0,31280
R007430,368934000002,15840,0,15840
R007435,369100000026,47140,0,47140
R007436,397300000009,30800,0,30800
R007437,368934000004,32220,0,32220
R007438,368900000048,12830,0,12830
R007439,368900000027,24960,0,24960
R007440,368900000021,17700,0,17700
R007441,352500000096,58960,0,58960
R007442,397100000013,11970,0,11970
R007443,352500000081,34120,227100,261220
R007444,369301000005,3690,0,3690
R007445,379900000009,12830,0,12830
R007446,397300000016,46580,0,46580
R007447,352500000139,39360,140830,180190
R007452,352500000055,20810,0,20810
R007453,379900000008,45530,459740,505270
R007454,369301000006,12900,0,12900
R007455,369500000003,30400,0,30400
R007457,342730000013,42280,0,42280
R007458,369500000010,91510,633980,725490
R007459,352500000102,46040,42340,88380
R007460,352300000003,45210,314800,360010
R007461,369105000057,22540,12450,34990
R007463,352500000101,38200,0,38200
R007464,368900000008,27960,0,27960
R007466,352500000033,32530,74910,107440
R007467,368900000013,29390,0,29390
R007470,342900000005,43460,137760,181220
R007471,369313000016,26520,0,26520
R007472,342730000007,75060,0,75060
R007473,369100000039,39400,0,39400
R007474,342900000013,13940,0,13940
R007478,352500000016,13210,0,13210
R007479,368900000056,20420,0,20420
R007480,368900000037,13700,0,13700
R007481,369100000000,120,0,120
R007482,352500000092,72200,0,72200
R007483,352500000000,30,0,30
R007484,342730000020,20920,0,20920
R007485,368935000021,13160,0,13160
R007486,342700000012,4530,0,4530
R007487,369103000005,45230,0,45230
R007489,352500000053,30050,0,30050
R007491,342730000025,37650,0,37650
R007492,342730000003,34770,0,34770
R007496,342900000018,0,56200,56200
R007498,352500000069,33340,0,33340
R007499,369313000005,26830,0,26830
R007500,369301000011,20360,0,20360
R007501,379900000007,16960,0,16960
R007503,352500000100,92460,0,92460
R007506,352500000000,220,0,220
R007509,369500000004,28950,0,28950
R007510,342731000013,2700,0,2700
R007511,369313000014,8360,0,8360
R007515,342719000010,42720,0,42720
R007516,342900000001,316950,21530,338480
R007517,368926000008,27470,0,27470
R007518,369900000059,4430,0,4430
R007519,369100000018,53450,175630,229080
R007520,368900000032,20860,0,20860
R007521,368935000029,58530,0,58530
R007522,352500000097,24080,0,24080
R007523,369313000012,23600,0,23600
R007524,342731000014,22560,0,22560
R007525,342900000004,60340,0,60340
R007526,342900000010,34920,0,34920
R007527,342900000008,36850,0,36850
R007530,352500000094,9300,0,9300
R007532,369100000023,76590,686000,762590
R007533,368700000000,120,0,120
R007535,352500000105,103120,366800,469920
R007536,368900000050,11880,0,11880
R007537,368934000003,17020,0,17020
R007541,352700000016,4830,0,4830
R007542,342731000013,10780,0,10780
R007543,352500000107,55660,0,55660
R007544,352500000051,32000,424730,456730
R007545,342731000023,29470,0,29470
R007546,368926000001,90550,0,90550
R007547,368900000038,15310,0,15310
R007550,342730000024,100490,0,100490
R007551,369301000008,30060,0,30060
R007552,369100000032,68560,0,68560
R007553,369103000007,58220,0,58220
R007556,342900000009,32650,0,32650
R007557,352700000002,17300,0,17300
R007558,352700000018,13040,0,13040
R007559,368900000005,142190,0,142190
R007560,369301000007,24390,0,24390
R007561,352500000012,7510,0,7510
R007562,352500000014,4570,0,4570
R007564,370100000000,1140,0,1140
R007565,351500000000,230,0,230
R007566,343700000000,900,0,900
R007567,369900000000,800,0,800
R007568,396700000000,160,0,160
R007569,378300000000,200,0,200
R007571,378529400000,450,0,450
R007572,378500000000,2930,0,2930
R007573,378132300000,110,0,110
R007574,343500000000,3900,0,3900
R007575,351500000000,1260,0,1260
R007579,343902002017,73090,791680,864770
R007580,369932000011,202440,0,202440
R007581,369932000005,204960,0,204960
R007582,369919003001,180300,408700,589000
R007584,342730000004,16440,216410,232850
R007585,351535001006,168100,476140,644240
R007586,343901001002,180000,0,180000
R007587,369105000050,27380,0,27380
R007589,352531000001,30250,0,30250
R007590,343322305002,118000,436160,554160
R007591,343902002026,150190,683740,833930
R007592,351722000029,12000,198340,210340
R007593,369105000019,27380,0,27380
R007595,397500000004,42740,0,42740
R007597,343902001006,73160,776390,849550
R007598,343500000000,2090,0,2090
R007599,351300002004,79350,342580,421930
R007600,352533000033,27380,0,27380
R007601,369932003011,146600,473700,620300
R007602,343322300017,174080,727600,901680
R007603,343322200006,258330,622740,881070
R007606,343108001002,1660700,1347270,3007970
R007607,379500000009,121790,179570,301360
R007608,352532000050,27380,0,27380
R007609,352500000106,127450,92010,219460
R007612,368900000007,141760,127750,269510
R007613,352532000041,44500,0,44500
R007614,369932003007,146600,460580,607180
R007616,369932005010,110000,412090,522090
R007617,369103000001,36530,0,36530
R007619,369105000051,80280,235220,315500
R007620,352500000122,23730,0,23730
R007621,369932001005,146600,614100,760700
R007622,378515001007,34420,267910,302330
R007623,352500000111,23730,0,23730
R007624,378533002002,49000,485190,534190
R007625,369908001003,249800,358970,608770
R007626,343322304001,200600,568320,768920
R007628,343118001001,191790,318500,510290
R007629,368900000059,108500,159850,268350
R007630,343902002018,150190,1010760,1160950
R007631,343902001034,400,0,400
R007633,369919000001,241670,488690,730360
R007634,369919001003,195500,482680,678180
R007635,369932002004,146600,578310,724910
R007636,369900000050,292940,883470,1176410
R007638,369919003002,195500,0,195500
R007639,369900000051,232150,395450,627600
R007640,369900000052,232150,758400,990550
R007642,352529000003,23730,11740,35470
R007643,342706008014,90000,257040,347040
R007644,351722012002,894800,3085520,3980320
R007646,378500000009,94200,0,94200
R007647,351535001005,168100,632530,800630
R007649,369526204001,46220,556580,602800
R007650,351722006008,118500,232970,351470
R007651,342706009003,90000,324340,414340
R007652,342707426005,14180,0,14180
R007653,369932005008,110000,483080,593080
R007654,369500000009,45000,568700,613700
R007655,369104000040,109940,0,109940
R007656,342706001008,90000,475250,565250
R007657,342706001007,90000,14780,104780
R007658,378100000014,10,0,10
R007659,342706006002,90000,586230,676230
R007660,352529000004,50480,240210,290690
R007661,378135001001,57300,0,57300
R007662,380100000002,0,1002190,1002190
R007667,397500000016,840,0,840
R007668,343902001037,150150,433730,583880
R007669,343315300016,227240,204810,432050
R007670,351722002007,200000,971200,1171200
R007671,369105000034,27380,0,27380
R007672,352529000024,38570,0,38570
R007674,378100000022,28970,0,28970
R007675,352500000066,38220,150820,189040
R007676,342706007008,180000,367870,547870
R007677,352533000002,27380,0,27380
R007678,352529000025,23730,0,23730
R007679,369932003001,146600,525260,671860
R007680,342706008012,90000,211410,301410
R007682,369100000031,49380,0,49380
R007683,343118000009,290660,1281410,1572070
R007684,369919000003,183960,620400,804360
R007685,343315300009,78250,336100,414350
R007686,343322300007,160790,570440,731230
R007687,352529000047,28930,7190,36120
R007688,351714401015,353840,594880,948720
R007689,397300000008,140090,0,140090
R007690,351733104001,199350,240640,439990
R007691,369932007008,110000,444050,554050
R007692,378900000064,244850,1011100,1255950
R007694,352500000123,28650,0,28650
R007695,352532000010,27380,21130,48510
R007698,352500000174,453450,110100,563550
R007699,352529000010,34900,342170,377070
R007700,369523401003,42510,493960,536470
R007701,342708302003,14000,0,14000
R007702,352532000047,137640,417170,554810
R007703,369104000005,27380,0,27380
R007704,342706003001,90000,964640,1054640
R007705,343315300020,159500,436100,595600
R007706,369108000003,21560,0,21560
R007707,351722001004,118500,901170,1019670
R007708,343322301003,200600,223280,423880
R007709,352531000031,23730,8290,32020
R007711,352532000016,23730,178980,202710
R007712,352500000070,18840,83140,101980
R007713,369932002002,146600,411550,558150
R007715,343322205012,253610,689250,942860
R007719,369900000026,369670,407370,777040
R007721,343500000000,1040,0,1040
R007722,352532000018,44350,291600,335950
R007723,343315302011,118500,524560,643060
R007725,343315302005,118500,703290,821790
R007727,343327203001,310490,619050,929540
R007729,369104000027,58290,85510,143800
R007730,369105000053,28390,116570,144960
R007731,378522000002,46730,209010,255740
R007734,369105000039,20250,4340,24590
R007735,378515001003,37260,317840,355100
R007737,369932003010,146600,483970,630570
R007738,369526103001,29250,111790,141040
R007739,343902001017,150260,780380,930640
R007741,369109107003,8250,370820,379070
R007743,352500000163,23730,0,23730
R007745,368926001007,44000,301550,345550
R007746,369104000008,27380,0,27380
R007747,369523401004,41580,392270,433850
R007748,369526103004,33550,845300,878850
R007749,352531000024,68240,314040,382280
R007750,352532000006,68240,329160,397400
R007751,352529000014,23730,0,23730
R007752,352531000007,107480,154920,262400
R007754,343900000004,5130,0,5130
R007755,343901001005,180000,811490,991490
R007756,343902002014,1640,0,1640
R007757,369109106010,8250,377300,385550
R007758,342707425007,63180,156300,219480
R007760,342708302008,36400,0,36400
R007761,351722003002,200000,3302490,3502490
R007762,343322303003,200600,0,200600
R007763,343315300002,50270,530750,581020
R007764,369932003003,146600,504230,650830
R007765,369500000016,212140,635980,848120
R007768,378515000012,60390,611770,672160
R007771,369104000011,27380,0,27380
R007772,369104000010,30100,0,30100
R007773,352531000018,54760,203550,258310
R007775,369526111003,40120,186100,226220
R007777,342707412005,51980,536520,588500
R007778,397100000021,7710,0,7710
R007779,379100000039,6580,0,6580
R007780,369100000036,46420,89890,136310
R007781,351722000007,200000,1511790,1711790
R007782,351722001014,118500,2481880,2600380
R007783,352500000086,23170,150000,173170
R007784,369908000002,218530,170540,389070
R007785,352500000079,33060,73480,106540
R007786,379300000028,273960,386000,659960
R007787,396900000054,133680,686840,820520
R007789,342707405005,40370,214180,254550
R007793,351733301011,106500,0,106500
R007794,343500000060,1352640,2642260,3994900
R007796,342707402004,59780,633810,693590
R007798,351722001013,118500,881130,999630
R007799,343500000000,1040,0,1040
R007800,343322305001,118000,676120,794120
R007801,378903002011,241760,282270,524030
R007802,351733301012,106500,489630,596130
R007803,352500000156,22280,148010,170290
R007804,369900000035,204360,688360,892720
R007805,369908000009,327470,579920,907390
R007808,369932000009,138150,435060,573210
R007809,342707425002,14180,191800,205980
R007811,369108000021,20250,0,20250
R007813,351733102011,159480,0,159480
R007814,369109000027,47330,0,47330
R007815,342706009015,90000,313190,403190
R007817,369108000009,26090,0,26090
R007818,351722003003,200000,1787920,1987920
R007819,369900000041,1900,447280,449180
R007820,369920200001,145000,341110,486110
R007821,351722006005,118500,0,118500
R007822,352532000007,27380,0,27380
R007823,379114300007,18920,16280,35200
R007824,369526202009,21580,223720,245300
R007825,369932003006,146600,410740,557340
R007826,369500001002,116640,835170,951810
R007828,378117301001,15500,318750,334250
R007829,342708313004,71210,237850,309060
R007830,343118002006,191790,594540,786330
R007832,396900000012,56150,0,56150
R007833,343902002009,73130,764780,837910
R007834,343902001022,180,0,180
R007835,352533000018,36530,0,36530
R007838,343322301002,200600,249670,450270
R007839,369932003004,146600,353400,500000
R007840,351722001010,118500,1258720,1377220
R007842,378903000004,124710,0,124710
R007844,369100000001,49210,227920,277130
R007845,342706008003,90000,520950,610950
R007846,343901002005,180000,768400,948400
R007847,351728400003,12000,0,12000
R007848,369932002007,146600,500540,647140
R007849,378500000025,33680,152150,185830
R007850,398100001001,2400,0,2400
R007851,369104000038,40540,0,40540
R007852,343902001012,151450,907440,1058890
R007854,379500000008,2950,15610,18560
R007855,369110200004,42690,551960,594650
R007856,378500000023,54620,0,54620
R007857,378500000022,32030,0,32030
R007858,397500000005,94970,92570,187540
R007859,397500000013,100820,424610,525430
R007861,352529000030,31690,5100,36790
R007862,369526109007,19500,14880,34380
R007863,343315300006,225100,157660,382760
R007866,369109000015,60350,25170,85520
R007867,352531000023,102360,277440,379800
R007868,343902002025,150130,395770,545900
R007870,369110200002,37130,169640,206770
R007872,370300000008,141590,300110,441700
R007873,378500000014,1406300,2598890,4005190
R007874,343902002021,150200,674440,824640
R007875,352533000037,58480,211480,269960
R007876,351722002008,200000,1296830,1496830
R007877,342707420005,16460,93350,109810
R007878,351300002005,79350,0,79350
R007879,369526100002,40520,452480,493000
R007880,369526100008,122140,414380,536520
R007881,343500000000,4170,0,4170
R007882,397300000018,25370,0,25370
R007883,369526205001,25940,122540,148480
R007884,343118000007,462210,572710,1034920
R007885,352529000042,22690,0,22690
R007886,343902001013,151590,1916470,2068060
R007887,369109100004,45540,453210,498750
R007888,351722001003,118500,752380,870880
R007890,351714400002,2200,1062070,1064270
R007891,351714401003,353840,1670800,2024640
R007892,342730000022,50200,0,50200
R007893,379300000021,50720,516340,567060
R007894,343901001013,180000,924090,1104090
R007895,369105000030,13160,240670,253830
R007896,343500000000,4170,0,4170
R007897,397300000002,15110,0,15110
R007898,378900000043,18050,0,18050
R007903,379300000006,41690,220450,262140
R007906,379300000034,122280,532670,654950
R007908,369100000006,10950,624400,635350
R007909,342718100001,10230,175880,186110
R007910,352531000036,34790,690370,725160
R007911,369104000029,45720,0,45720
R007912,369908000008,168150,159390,327540
R007913,343902001023,73050,535760,608810
R007916,352533000023,27380,0,27380
R007917,343900000013,105450,1968540,2073990
R007920,368900000028,14200,0,14200
R007921,369108000010,67040,220890,287930
R007922,379123000011,88870,360330,449200
R007928,343700000014,129150,884920,1014070
R007929,369109000012,67040,660230,727270
R007930,369908001006,249800,450820,700620
R007931,352532000061,51180,231350,282530
R007932,351722011001,200000,1149400,1349400
R007933,352532000040,44350,249040,293390
R007934,369108000008,36530,0,36530
R007935,369900000037,369670,1208700,1578370
R007936,369900000028,292940,576980,869920
R007937,369908000024,194060,273560,467620
R007941,343900000001,13680,0,13680
R007942,369932007012,110000,436850,546850
R007943,351722001007,118500,1616870,1735370
R007945,343902002024,130,0,130
R007946,352532000056,53520,329810,383330
R007949,369500000011,43320,1420200,1463520
R007950,352531000022,38570,0,38570
R007951,369100000035,130890,85730,216620
R007954,378100000016,29180,665150,694330
R007957,343315300010,65390,423230,488620
R007958,351722000001,251390,3045510,3296900
R007960,379300000061,108120,416190,524310
R007961,369105000035,38570,0,38570
R007962,352531000019,27380,0,27380
R007963,369105000056,73590,0,73590
R007964,342706008013,90000,522490,612490
R007965,369523404002,104150,341550,445700
R007966,352500000145,47560,127410,174970
R007967,369104000006,31760,0,31760
R007969,369900000129,190310,666390,856700
R007970,369908001008,332400,0,332400
R007972,343700000047,108930,2464140,2573070
R007973,351500000009,8940,0,8940
R007975,379114300001,23580,473080,496660
R007976,369932002005,146600,380460,527060
R007977,343315302008,200000,782610,982610
R007978,342707417002,21260,63860,85120
R007979,343902001016,151730,750850,902580
R007980,343901005001,73900,315250,389150
R007981,351722000018,118500,618470,736970
R007982,342706006001,90000,248890,338890
R007983,342706007001,90000,360280,450280
R007984,342706009005,90000,970650,1060650
R007987,378129100007,1710,0,1710
R007988,378903002006,251840,405170,657010
R007989,352532000036,27380,0,27380
R007990,343500000026,400,1249760,1250160
R007992,351722005002,118500,941870,1060370
R007996,369932000003,226560,2315790,2542350
R007997,397300000026,94970,0,94970
R007998,379123000012,136460,0,136460
R007999,351722000008,200000,1047560,1247560
R008003,342708304002,28350,361130,389480
R008005,369313000004,29940,0,29940
R008006,351733100010,280500,592380,872880
R008007,342706009013,90000,915110,1005110
R008008,378903000005,133120,436210,569330
R008009,369106000017,27380,0,27380
R008010,352531000017,27380,0,27380
R008011,369109000002,45720,0,45720
R008012,369109125005,4000,0,4000
R008013,352300000006,35040,0,35040
R008014,369500000030,61310,330410,391720
R008015,343902002023,150220,739500,889720
R008016,369105000027,13820,0,13820
R008017,369932005002,110000,418360,528360
R008018,352500000054,24120,260170,284290
R008019,351733301010,106500,438740,545240
R008020,369109107008,30250,622540,652790
R008021,343322301005,200600,377190,577790
R008022,369105000044,67040,165190,232230
R008023,351733403001,315200,0,315200
R008024,343118002001,191790,681710,873500
R008026,369908001001,249800,305760,555560
R008027,343322300001,300130,797620,1097750
R008030,342706009001,90000,0,90000
R008032,369104000017,100490,373000,473490
R008033,351733301014,106500,550840,657340
R008035,352531000025,27380,0,27380
R008036,352533000001,24910,0,24910
R008037,369109000032,47330,333550,380880
R008038,352500000118,68240,491310,559550
R008039,352532000060,27380,0,27380
R008041,379114300003,27830,257890,285720
R008042,379123000003,97520,1126020,1223540
R008043,379114300005,54610,236970,291580
R008044,352533000005,31180,0,31180
R008045,369908001004,249800,536650,786450
R008046,352500000138,53360,264480,317840
R008047,343901002012,74660,1551960,1626620
R008048,352529000009,23730,0,23730
R008049,369104000033,40140,146310,186450
R008050,369526204004,31340,244630,275970
R008051,369526205004,31000,34160,65160
R008053,369106000013,36530,0,36530
R008054,369109000028,58290,310270,368560
R008055,343500000071,240680,1291320,1532000
R008056,342706002005,180000,388970,568970
R008057,342706003003,90000,0,90000
R008059,352500000124,21190,0,21190
R008060,351722000027,200000,379670,579670
R008061,351535000003,450,196950,197400
R008063,342707405006,45780,636320,682100
R008064,352529000039,25730,167060,192790
R008065,369932006002,110000,544200,654200
R008066,369104000004,27380,0,27380
R008067,369932005004,110000,533130,643130
R008068,342707002001,90000,1289870,1379870
R008070,352533000017,34900,0,34900
R008071,351722003008,200000,1607720,1807720
R008072,343118002010,191790,522730,714520
R008073,351728400009,101340,457710,559050
R008074,352529000005,23730,0,23730
R008075,352529000006,23730,0,23730
R008076,369109106001,10200,0,10200
R008078,369500000036,6460,332100,338560
R008080,343900000012,8940,0,8940
R008081,351300001004,76730,235330,312060
R008082,351300002002,79350,381950,461300
R008083,351700000025,380,0,380
R008084,343700000066,6030,257380,263410
R008085,378500000029,85530,0,85530
R008086,397300000000,120,0,120
R008087,368926001006,88000,222830,310830
R008088,342708302006,14000,0,14000
R008089,352700000006,51100,239440,290540
R008090,343315303003,118500,640300,758800
R008092,379123000022,32640,431970,464610
R008093,352500000141,21490,537300,558790
R008095,369105000052,25040,0,25040
R008096,369106000016,27380,0,27380
R008097,342708301003,33110,0,33110
R008098,369908002010,347400,482390,829790
R008099,369100000005,29210,167350,196560
R008100,378515001005,50770,804600,855370
R008101,369100000020,186000,0,186000
R008103,351733104003,199350,470830,670180
R008106,369932005009,110000,479200,589200
R008107,342719000022,16140,197100,213240
R008108,369500000008,30100,148310,178410
R008109,370300000001,381840,0,381840
R008110,351500000029,1150,0,1150
R008113,378533001001,49000,903080,952080
R008114,378533002001,49000,353050,402050
R008115,379300000060,121630,974870,1096500
R008116,352500000146,49320,75850,125170
R008118,378515001001,45880,426420,472300
R008119,351714401012,353840,243560,597400
R008120,369105000037,57480,66140,123620
R008121,369100000011,66770,625660,692430
R008123,352500000110,25740,0,25740
R008124,369900000036,204560,477480,682040
R008125,369900000034,204160,469720,673880
R008126,343500000057,283640,615340,898980
R008127,379500000006,171900,64720,236620
R008128,369108000007,45720,356320,402040
R008130,342707424001,35440,152940,188380
R008132,342706008006,90000,460130,550130
R008133,352500000067,31490,0,31490
R008134,351733300022,153230,406100,559330
R008135,351535001009,168100,398210,566310
R008136,343328102001,931470,1285090,2216560
R008137,343327205001,320080,149600,469680
R008138,343902002029,150500,1288360,1438860
R008140,343902001028,73110,279700,352810
R008141,351727101001,118500,954360,1072860
R008144,351727103003,118500,663980,782480
R008145,352500000061,91000,0,91000
R008146,351733102004,93030,0,93030
R008147,369104000035,69400,253370,322770
R008149,396900000041,6680,0,6680
R008150,369900000023,5970,63200,69170
R008151,352500000120,27020,5100,32120
R008153,352500000063,31230,121830,153060
R008154,369908002008,171800,102210,274010
R008155,378100000019,8400,0,8400
R008156,369104000018,74320,0,74320
R008157,379500000010,18870,303840,322710
R008158,343315302006,118500,850190,968690
R008160,369109000001,45720,0,45720
R008161,342708304003,7000,0,7000
R008163,396700000012,145680,543760,689440
R008165,396700000013,16290,723690,739980
R008167,369108000013,85470,265700,351170
R008168,369932003014,146600,379540,526140
R008169,343901001007,180000,682260,862260
R008170,342707410008,7090,156430,163520
R008171,369106000006,23730,10150,33880
R008172,352500000115,23730,0,23730
R008173,369106000005,30250,10050,40300
R008174,369932005007,110000,361330,471330
R008175,343315302009,200000,834430,1034430
R008177,369300000005,27580,352800,380380
R008178,369932007004,110000,403500,513500
R008179,369526200003,31260,0,31260
R008180,369105000041,22690,0,22690
R008181,343322303001,200600,731350,931950
R008184,351722000020,118500,818540,937040
R008185,342706003007,90000,308420,398420
R008186,352529000029,25730,0,25730
R008187,352531000014,27380,0,27380
R008188,343118002004,191790,974100,1165890
R008190,369106000011,20250,0,20250
R008191,343118000001,305890,1431280,1737170
R008192,342718103001,87720,116610,204330
R008193,343322301001,100300,415770,516070
R008194,369104000022,40540,0,40540
R008196,378135002001,57300,0,57300
R008197,352532000024,28650,0,28650
R008198,397500000014,94970,23480,118450
R008199,343902001025,73100,334930,408030
R008200,342706001003,90000,189270,279270
R008201,343315302010,118500,442640,561140
R008202,351733301008,106500,571890,678390
R008203,352532000033,82130,219800,301930
R008204,379123000018,20650,378840,399490
R008205,369105000054,29690,11200,40890
R008206,369105000029,18680,0,18680
R008207,352500000142,24910,0,24910
R008208,351733401002,305670,1011570,1317240
R008209,369300000002,187570,605740,793310
R008211,343900000031,89370,986630,1076000
R008212,343902001032,73190,822430,895620
R008214,369526203007,29600,147020,176620
R008215,369104000002,34790,5100,39890
R008216,352533000030,27380,0,27380
R008217,342706001001,90000,364340,454340
R008218,379900000012,93050,533280,626330
R008219,351722003001,200000,1336400,1536400
R008220,351722000037,200000,613050,813050
R008221,352532000008,34900,0,34900
R008222,369908000004,186940,550820,737760
R008223,351722006001,118500,850300,968800
R008224,369932007007,110000,347150,457150
R008225,342706007009,180000,381430,561430
R008226,342707002002,90000,0,90000
R008227,352500000133,24910,0,24910
R008229,342731000008,33240,0,33240
R008230,369900000060,232150,739100,971250
R008231,397300000025,2950,0,2950
R008232,378515001006,33450,623960,657410
R008234,378117301002,15500,491080,506580
R008235,368926001003,44000,227960,271960
R008238,343300000025,25720,391180,416900
R008239,368923001010,44000,146630,190630
R008240,369100000046,86580,168980,255560
R008241,352500000155,23730,0,23730
R008242,352500000129,63990,318970,382960
R008243,369105000058,88710,297360,386070
R008244,369108000014,58290,159370,217660
R008246,369919000004,183960,561250,745210
R008248,369105000020,20250,0,20250
R008249,379123000008,69900,0,69900
R008250,352500000048,23730,0,23730
R008252,379100000042,440,0,440
R008253,342707426004,21260,265310,286570
R008254,369108000016,67040,198430,265470
R008255,352500000080,33500,139580,173080
R008256,351727103002,118500,964540,1083040
R008257,351722000017,118500,805770,924270
R008259,343902002003,73650,609000,682650
R008261,352533000008,27380,387710,415090
R008262,369908000020,319330,312570,631900
R008263,343300000008,494270,778090,1272360
R008264,351714401001,353840,474330,828170
R008265,342707427005,14180,278090,292270
R008266,369103000002,28650,0,28650
R008267,352529000046,23730,5830,29560
R008268,352500000032,27320,156720,184040
R008269,369526203006,25350,352230,377580
R008270,378100000017,26720,216440,243160
R008271,369100000002,36720,32730,69450
R008272,369104000013,50190,0,50190
R008273,352500000071,17730,84590,102320
R008274,351722000010,118500,525960,644460
R008275,343315302002,200000,436060,636060
R008276,342706009004,90000,675560,765560
R008277,351722002002,277030,729880,1006910
R008279,352529000040,114680,255620,370300
R008281,352500000186,68240,461330,529570
R008282,343902001018,150320,1125040,1275360
R008283,369932007001,110000,468760,578760
R008284,379300000064,2220,631120,633340
R008285,351733100012,178930,500280,679210
R008286,342706008005,90000,297750,387750
R008287,369108000001,85470,338910,424380
R008288,379114300006,41500,328070,369570
R008289,369105000036,53520,76190,129710
R008290,351722000048,85320,1213080,1298400
R008292,352529000031,34790,162300,197090
R008293,369104000043,37130,0,37130
R008294,343322300013,489810,514840,1004650
R008295,343902002007,73610,1531570,1605180
R008296,343118000002,305760,2453610,2759370
R008297,343118000004,298430,371010,669440
R008298,369526210002,34370,22180,56550
R008299,343117001004,1660700,0,1660700
R008300,352531000033,27380,0,27380
R008301,343901002001,180000,0,180000
R008303,369109118001,27500,391200,418700
R008304,352531000028,25840,110240,136080
R008305,369104000015,45720,0,45720
R008306,351733301018,106500,382460,488960
R008307,369908000022,312450,2128480,2440930
R008308,351733102002,265800,265260,531060
R008309,369526209004,29470,56900,86370
R008310,352529000007,38570,0,38570
R008311,352500000065,29520,96910,126430
R008312,379100004002,29520,453560,483080
R008313,343108001010,1660700,1914350,3575050
R008314,351733301017,106500,300390,406890
R008315,352533000035,34900,21550,56450
R008317,369109000013,67040,630080,697120
R008318,351535000009,174470,556010,730480
R008323,352532000053,59340,447330,506670
R008324,369100000012,24670,0,24670
R008325,368926001009,88000,223160,311160
R008327,369104000021,58290,0,58290
R008328,369109000034,31780,379690,411470
R008329,342707425003,14180,51060,65240
R008330,352529000017,23730,0,23730
R008332,397500000003,4220,0,4220
R008337,369100000040,59440,170540,229980
R008338,352529000028,34790,246470,281260
R008339,342706008008,67500,418760,486260
R008340,342718100002,140700,1454320,1595020
R008341,352532000027,25730,0,25730
R008343,369104000042,79750,362230,441980
R008345,351722002005,200000,734580,934580
R008346,342707405003,28350,198410,226760
R008347,352532000001,15440,20080,35520
R008348,369109107007,10000,102200,112200
R008349,352500000127,24910,0,24910
R008350,352500000073,56230,223270,279500
R008351,369104000009,27380,0,27380
R008352,369105000013,31760,0,31760
R008353,369108000015,40540,0,40540
R008354,352533000024,31610,324080,355690
R008355,351733102006,265800,742480,1008280
R008357,379500000031,406430,4929480,5335910
R008358,352532000057,24910,0,24910
R008359,369109106008,22000,334420,356420
R008360,369109106007,5000,0,5000
R008361,369526207002,18850,264030,282880
R008363,369900000014,1910,456450,458360
R008364,342707408002,40,0,40
R008365,343901003001,73070,715520,788590
R008367,351733102008,238380,478620,717000
R008368,342707428002,72520,110600,183120
R008369,351500000048,1600,1551210,1552810
R008371,369105000001,27380,0,27380
R008372,352529000050,17550,0,17550
R008373,343315300019,111480,627520,739000
R008374,352529000018,23730,0,23730
R008375,343902001007,150290,200850,351140
R008376,351733300021,135610,375010,510620
R008378,351733303001,181050,580730,761780
R008380,352533000006,27380,0,27380
R008381,369109122001,8000,0,8000
R008382,378135000001,158020,187040,345060
R008383,368923001004,44000,333380,377380
R008384,368923001007,44000,141370,185370
R008385,368923001003,44000,0,44000
R008387,342706009009,90000,351400,441400
R008388,369104000031,43720,0,43720
R008389,369500000029,96860,363740,460600
R008390,352532000043,27380,381880,409260
R008391,352531000038,30250,380660,410910
R008392,351722000046,200000,791830,991830
R008394,343500000030,40350,48490,88840
R008400,343700000000,900,0,900
R008402,343500000055,211980,71510,283490
R008404,343700000006,14140,0,14140
R008408,343500000029,50780,439630,490410
R008409,369908000011,300430,539850,840280
R008410,369932007015,220000,436400,656400
R008411,351722001016,355500,173520,529020
R008412,369526203004,13630,58350,71980
R008413,378129100008,42080,339170,381250
R008414,351722001011,118500,748230,866730
R008415,352533000003,27380,34070,61450
R008416,369932005003,110000,276510,386510
R008417,352300000013,0,111060,111060
R008418,352500000114,68240,193860,262100
R008419,343902001024,73030,906240,979270
R008421,369103000004,25730,62100,87830
R008422,352500000178,13030,0,13030
R008424,369106000019,60520,406110,466630
R008425,369919001010,195500,1177290,1372790
R008427,369523401002,47090,255370,302460
R008428,343118000010,266000,618550,884550
R008429,379300000005,121870,733190,855060
R008430,369104000041,85470,959610,1045080
R008431,351535001012,168100,520860,688960
R008432,369908002007,175600,700260,875860
R008433,351722001015,118500,996940,1115440
R008434,342707410007,11640,234980,246620
R008437,378135002005,57300,300830,358130
R008442,378500000012,28220,0,28220
R008443,342706009008,90000,414160,504160
R008444,352531000030,27380,0,27380
R008447,369500000015,108600,1095060,1203660
R008448,369908001007,249800,0,249800
R008450,379123000004,96560,1637130,1733690
R008452,369105000022,17790,0,17790
R008454,343315302015,400000,1977390,2377390
R008456,351714400004,98290,344520,442810
R008457,352500000089,20730,252210,272940
R008458,352529000051,23730,0,23730
R008462,369932005005,110000,570650,680650
R008463,369900000007,293700,653940,947640
R008464,351733100011,336490,991640,1328130
R008465,351722000011,200000,602690,802690
R008466,369108000019,32920,250490,283410
R008467,352500000121,23730,0,23730
R008468,352529000001,53520,352050,405570
R008469,369105000012,56190,300320,356510
R008470,351722005003,118500,2105540,2224040
R008471,369900000044,322090,625830,947920
R008472,369104000036,93820,498870,592690
R008473,343902001005,73270,672960,746230
R008474,378900000017,0,10870,10870
R008475,343901001008,180000,545350,725350
R008476,343327202001,160040,450620,610660
R008478,343327301001,160040,1459320,1619360
R008479,352500000022,66000,87260,153260
R008485,343700000007,142780,1553600,1696380
R008486,352532000045,51180,170590,221770
R008487,369932003002,146600,605580,752180
R008488,369526208002,44870,393670,438540
R008489,369526208001,35130,293330,328460
R008490,352533000034,34900,5830,40730
R008492,351722002011,200000,518770,718770
R008493,351722005001,118500,741060,859560
R008494,369500000013,225150,553840,778990
R008496,379500000013,2230,0,2230
R008498,369109000041,47330,262370,309700
R008500,343500000031,607780,2053610,2661390
R008503,342707424003,60,0,60
R008504,342706008001,90000,547940,637940
R008505,397300000062,92600,301950,394550
R008507,351733102009,366670,743520,1110190
R008508,368900000066,37020,166440,203460
R008509,369104000012,42150,181670,223820
R008510,352533000009,53520,219140,272660
R008512,343901004005,73610,493260,566870
R008514,369900000015,14900,481180,496080
R008515,351733102007,265800,804950,1070750
R008517,352300000005,41020,410320,451340
R008518,343117001002,1660700,1024030,2684730
R008519,379500000029,22020,4004080,4026100
R008521,342706009010,90000,308880,398880
R008523,396700000008,37680,267920,305600
R008524,342707426006,36700,0,36700
R008526,342707427009,67240,221700,288940
R008527,343315300005,195090,211490,406580
R008528,351733301013,106500,403420,509920
R008529,369932003009,146600,510820,657420
R008530,343900000015,90,0,90
R008533,369109000030,58290,66840,125130
R008534,352532000020,20250,245170,265420
R008535,352500000047,23730,0,23730
R008536,352500000128,16210,160920,177130
R008537,352533000029,26180,0,26180
R008538,369105000003,51180,246740,297920
R008539,396900000030,51890,1422240,1474130
R008540,396900000049,171300,31070,202370
R008541,342706002002,90000,0,90000
R008542,369932000004,121990,228300,350290
R008543,342718102002,52730,153460,206190
R008544,343901001001,360000,317430,677430
R008545,351733100014,168250,562230,730480
R008546,369105000033,40140,60430,100570
R008548,352500000147,33450,0,33450
R008549,369900000004,293700,367540,661240
R008550,369526200001,47060,424910,471970
R008555,343328101006,157580,1142760,1300340
R008556,343322205017,253610,642660,896270
R008557,351500000015,400,0,400
R008559,342706009014,90000,421540,511540
R008560,369500000014,151000,907880,1058880
R008561,342707431001,18560,19370,37930
R008562,369500000033,0,146460,146460
R008564,352500000109,23730,0,23730
R008565,369300000003,17410,1407750,1425160
R008566,369526206002,39410,444260,483670
R008567,352500000148,24580,180270,204850
R008568,342706008011,67500,0,67500
R008569,369932007005,110000,427760,537760
R008570,379300000022,34820,258000,292820
R008573,369105000017,27380,0,27380
R008574,369526111006,62150,210420,272570
R008575,369526100012,53460,573570,627030
R008576,352532000015,25730,458090,483820
R008578,369104000023,58290,130450,188740
R008579,369908001005,249800,505000,754800
R008581,369908001011,332400,900330,1232730
R008582,378500000028,133600,0,133600
R008583,369932007006,110000,368500,478500
R008585,343700000012,50000,144640,194640
R008586,343900000006,15380,1581440,1596820
R008587,369105000028,26180,0,26180
R008588,343901001009,180000,0,180000
R008589,369109119001,21000,0,21000
R008590,343118001002,191790,949690,1141480
R008593,369919001014,195500,0,195500
R008595,369932003008,146600,505790,652390
R008596,369104000007,53520,155870,209390
R008597,379100000005,94720,1211280,1306000
R008598,343902001011,152420,1990950,2143370
R008599,369500000018,101850,541000,642850
R008600,369104000030,89740,198360,288100
R008601,369104000032,58290,345840,404130
R008602,378515000006,41650,386730,428380
R008603,342706001006,90000,337910,427910
R008604,352532000035,27380,14780,42160
R008605,369932004001,110000,396690,506690
R008606,369900000077,176020,719200,895220
R008607,369932007011,110000,459460,569460
R008608,369932007014,110000,456090,566090
R008610,369109000016,37860,0,37860
R008612,351535001001,193320,465320,658640
R008613,351535000006,23860,343500,367360
R008614,351535000007,14680,1591390,1606070
R008615,352533000036,27380,0,27380
R008616,352532000009,54560,286640,341200
R008617,369104000014,27380,147580,174960
R008618,369104000001,22380,14530,36910
R008619,343901001010,180000,501420,681420
R008620,379100002010,108720,841390,950110
R008621,343118002005,191790,2667540,2859330
R008622,369908000005,190980,434650,625630
R008623,351722000032,118500,1126170,1244670
R008624,343108001011,1660700,3821710,5482410
R008625,342707418004,56700,91050,147750
R008626,342707418002,5250,0,5250
R008628,351714400003,63030,353720,416750
R008630,343328101007,157580,1138180,1295760
R008631,351727102001,200000,984580,1184580
R008632,369104000024,67040,423950,490990
R008633,352532000042,59340,222820,282160
R008634,342708301001,12010,0,12010
R008635,369526203001,32770,339250,372020
R008636,342706003005,90000,209800,299800
R008637,342706003004,90000,0,90000
R008638,369104000028,43720,0,43720
R008639,342707424002,380,0,380
R008641,352529000008,23730,0,23730
R008643,378900000030,16050,0,16050
R008644,379100000031,104700,144720,249420
R008645,351722004003,118500,1010850,1129350
R008646,343902001014,150260,815170,965430
R008647,342700000011,0,21550,21550
R008648,342900000003,94280,0,94280
R008651,352529000049,23730,0,23730
R008652,352700000003,47520,78800,126320
R008653,369932007003,110000,284210,394210
R008654,352532000011,68240,525420,593660
R008655,352300000014,0,96660,96660
R008656,351733301023,106500,353540,460040
R008658,369932000001,110000,90580,200580
R008659,369932003013,146600,344430,491030
R008660,343315300003,128630,447700,576330
R008661,352500000095,29930,211680,241610
R008662,351722000043,118500,1552190,1670690
R008664,369109100002,79650,0,79650
R008665,369109000033,67040,33740,100780
R008666,351733100008,352430,745010,1097440
R008670,352531000004,31760,0,31760
R008672,352529000016,71650,200360,272010
R008675,369900000066,13000,330860,343860
R008679,343118002007,191790,1010010,1201800
R008680,343902001027,73150,1517000,1590150
R008681,352529000053,60500,0,60500
R008683,369104000016,58290,277240,335530
R008685,368923001012,88000,0,88000
R008686,352500000113,34900,0,34900
R008687,352533000010,25730,8480,34210
R008688,378135002004,57300,0,57300
R008689,397500000006,42740,4510,47250
R008690,352532000012,23730,0,23730
R008692,397300000014,94970,0,94970
R008693,369526207001,37170,390110,427280
R008694,369932005011,110000,344250,454250
R008695,369109000010,67040,277070,344110
R008697,343500000000,2090,0,2090
R008699,369109000024,58290,0,58290
R008700,352533000021,30250,0,30250
R008701,352532000028,20250,0,20250
R008702,369109000003,63990,575500,639490
R008703,351722004002,118500,1195880,1314380
R008705,343500000023,171070,791120,962190
R008708,343322201002,495010,605120,1100130
R008709,351722000019,118500,807650,926150
R008710,342707411004,29770,231490,261260
R008711,369919001008,195500,463540,659040
R008712,343902001008,151790,952890,1104680
R008713,343322300006,146850,445980,592830
R008714,352700000019,24370,191900,216270
R008716,343315303001,118500,922940,1041440
R008718,343315302007,200000,870440,1070440
R008719,369908001012,249800,518990,768790
R008724,378515000005,79720,79610,159330
R008725,369900000064,58910,0,58910
R008726,369109000022,58290,0,58290
R008727,343700000011,370,0,370
R008728,342708304004,7000,0,7000
R008729,342708302007,14000,0,14000
R008730,369104000025,45720,0,45720
R008731,369104000039,45720,0,45720
R008732,351714401002,353840,337820,691660
R008733,397300000003,1140,0,1140
R008734,378900000035,6760,0,6760
R008735,378135001002,57300,0,57300
R008736,369100000024,71830,334180,406010
R008737,351714401004,353840,626190,980030
R008738,351714401011,353840,10,353850
R008740,352529000038,23730,0,23730
R008742,379100000024,18420,352910,371330
R008743,368923001011,88000,111860,199860
R008744,369105000015,20250,0,20250
R008745,369106000018,21260,0,21260
R008747,343902001009,151840,1713160,1865000
R008751,343322200007,201520,286880,488400
R008752,351722001001,118500,821820,940320
R008753,352500000026,99960,493290,593250
R008754,379123000005,65070,660750,725820
R008755,343322205001,253610,1945360,2198970
R008756,342708302002,17740,265990,283730
R008757,343315300012,24650,103010,127660
R008758,343902001029,73140,366050,439190
R008759,379500000011,94970,0,94970
R008762,369105000038,13160,0,13160
R008763,369526103003,28910,335040,363950
R008765,369919001001,256800,666680,923480
R008766,343902001033,150350,762390,912740
R008767,342707412002,23290,95530,118820
R008768,369109107005,11000,177660,188660
R008769,369932007010,110000,342260,452260
R008772,351733100009,288520,647660,936180
R008773,351727100001,137220,0,137220
R008774,352533000026,13160,0,13160
R008775,351535001010,168100,358410,526510
R008776,352529000023,23730,0,23730
R008777,369100000022,100160,124680,224840
R008779,352500000181,34900,0,34900
R008780,369105000024,27380,0,27380
R008781,342706008010,90000,394700,484700
R008784,369932005001,110000,415350,525350
R008785,342706007005,90000,207000,297000
R008787,343901001006,180000,1019530,1199530
R008788,343902001003,1280,0,1280
R008789,352500000165,63530,176910,240440
R008790,342707409006,320,0,320
R008792,369500000023,67350,500900,568250
R008793,352533000004,27380,0,27380
R008794,352532000054,68240,388810,457050
R008795,369908002005,175600,379340,554940
R008796,342706008004,67500,406960,474460
R008797,343500000000,2090,0,2090
R008799,352529000022,17550,0,17550
R008800,343118003004,91740,632430,724170
R008801,343118003002,62650,924430,987080
R008802,343118003005,91740,614780,706520
R008803,352529000019,30250,0,30250
R008804,351700000025,380,0,380
R008805,343500000059,92080,1116700,1208780
R008806,352529000037,44350,25850,70200
R008807,369908001013,249800,352250,602050
R008810,369932002003,146600,674910,821510
R008811,352531000002,23730,0,23730
R008812,369908000001,193860,561390,755250
R008813,351714401016,459990,665460,1125450
R008815,369526110004,48950,68520,117470
R008816,351722003004,200000,4105360,4305360
R008820,369104000026,60350,441950,502300
R008823,379300000065,97950,0,97950
R008824,379300000014,42670,0,42670
R008826,369108000012,45720,447690,493410
R008827,378900001001,306560,618790,925350
R008828,378911000001,173800,505940,679740
R008830,378903000007,232150,769420,1001570
R008831,378912002001,310,0,310
R008833,378903003002,197090,495310,692400
R008834,378903000006,160440,499220,659660
R008835,343322300004,349070,1150160,1499230
R008836,343902001036,340,0,340
R008838,352529000026,44350,0,44350
R008839,351535000004,173740,512770,686510
R008842,352529000002,23730,0,23730
R008843,378135002002,57300,0,57300
R008844,369105000049,22690,43010,65700
R008845,369932005006,110000,495160,605160
R008846,396900000039,157190,74820,232010
R008847,352532000058,40140,0,40140
R008849,369908002006,171800,615630,787430
R008850,369932001003,146600,351860,498460
R008851,342706007010,90000,400680,490680
R008852,342718101001,101250,358860,460110
R008853,342707001001,180000,0,180000
R008855,342707002003,270000,2322990,2592990
R008856,369526107002,36280,252830,289110
R008857,369908000034,211190,430270,641460
R008858,352531000020,17550,0,17550
R008859,343902002008,73500,475340,548840
R008860,343902001002,1510,0,1510
R008862,369106000007,27380,0,27380
R008863,351722001006,118500,742480,860980
R008864,351733100018,97220,0,97220
R008865,342706006003,90000,396910,486910
R008866,342707413004,14850,50950,65800
R008868,369104000037,45720,0,45720
R008869,352532000014,54560,294950,349510
R008870,352529000034,50190,259120,309310
R008871,369932006004,110000,386530,496530
R008873,369900000039,146930,1244710,1391640
R008875,396900000045,74300,421440,495740
R008876,369900000025,617280,7760260,8377540
R008879,369109000007,45720,0,45720
R008880,378135001003,57300,0,57300
R008881,351722002003,400000,1282740,1682740
R008882,351722005005,118510,973850,1092360
R008885,369900005001,310420,0,310420
R008886,343902002002,75490,1110870,1186360
R008887,352533000025,22690,0,22690
R008888,343901002003,180000,0,180000
R008889,352532000059,44500,0,44500
R008890,343118000003,305560,1025190,1330750
R008892,352700000013,31740,102440,134180
R008893,351728400002,99950,624610,724560
R008895,369105000002,27380,0,27380
R008896,369932001001,146600,382290,528890
R008897,342707416007,21260,103740,125000
R008898,343118000012,301110,2951480,3252590
R008899,343118001004,191790,1669940,1861730
R008900,342706009012,90000,423400,513400
R008901,343901001011,180000,0,180000
R008902,369526111002,29260,436520,465780
R008905,369526100004,31130,50670,81800
R008906,342706009007,90000,341780,431780
R008908,343902002015,130,0,130
R008909,352532000019,20250,0,20250
R008910,342707413003,14850,50510,65360
R008911,342707417003,14180,42070,56250
R008912,342707417004,7090,88180,95270
R008913,368900000006,15310,44510,59820
R008915,396900000016,11350,403340,414690
R008917,396900000000,3610,0,3610
R008918,352533000015,40140,8100,48240
R008919,343902002016,73100,799750,872850
R008922,369900000127,5960,0,5960
R008923,379100000037,113490,35960,149450
R008924,369109000011,58290,406700,464990
R008925,351535001002,168100,688060,856160
R008926,369109000009,67040,275860,342900
R008927,378522000004,59890,701960,761850
R008928,369109120003,35000,0,35000
R008929,351733301009,106500,422630,529130
R008930,369300000006,35380,0,35380
R008931,352500000046,38570,0,38570
R008932,369523401001,42270,489050,531320
R008933,351535000008,175420,1126360,1301780
R008935,351733100015,342410,839320,1181730
R008936,369908000012,293700,293400,587100
R008937,342706009017,90000,457130,547130
R008938,342706009016,90000,0,90000
R008939,369932000007,145780,508330,654110
R008940,369932000008,210780,773030,983810
R008941,369932000010,151440,0,151440
R008942,342706009006,90000,600420,690420
R008943,352500000143,74730,0,74730
R008944,369109000020,58290,386750,445040
R008945,351733102001,531600,644720,1176320
R008947,352532000023,27380,64400,91780
R008948,378515001004,53600,0,53600
R008949,369526203003,38120,0,38120
R008950,369932003012,146600,596970,743570
R008951,378515001002,44060,367400,411460
R008952,379900000014,29490,0,29490
R008953,369526110002,52650,23710,76360
R008954,368923001001,44000,0,44000
R008955,369105000008,40140,5270,45410
R008957,351722001002,118500,1352210,1470710
R008958,352532000046,34430,674030,708460
R008962,368935000021,13160,0,13160
R008964,352500000137,35830,0,35830
R008965,352529000035,62810,0,62810
R008966,368900000033,23250,0,23250
R008967,352500000083,54370,0,54370
R008968,352500000104,33450,0,33450
R008970,368900000044,26910,0,26910
R008972,342731000007,16040,0,16040
R008973,342731000001,62310,0,62310
R008974,352532000002,86570,0,86570
R008975,352100000002,26380,0,26380
R008976,352500000008,20580,0,20580
R008979,342719000003,34670,0,34670
R008980,342719000021,59230,0,59230
R008983,342900000029,15750,0,15750
R008984,368900000024,17590,0,17590
R008985,378900000034,27290,0,27290
R008987,379500000007,78510,0,78510
R008990,369100000000,210,0,210
R008992,369313000003,19250,0,19250
R008993,369100000021,49380,0,49380
R008994,368900000002,13040,0,13040
R008995,368900000018,9050,0,9050
R008996,352500000000,580,0,580
R009001,368900000009,20480,0,20480
R009002,352531000012,140470,0,140470
R009003,342730000001,74510,0,74510
R009004,352300000008,31760,515410,547170
R009005,352500000038,9330,0,9330
R009006,368900000042,5060,0,5060
R009007,352500000136,93410,0,93410
R009009,352500000085,31960,0,31960
R009012,343108001003,1660700,1356120,3016820
R009013,369109000023,58290,0,58290
R009015,342900000014,13940,0,13940
R009017,368900000036,20420,0,20420
R009020,352500000168,33250,0,33250
R009021,352700000008,29390,0,29390
R009022,352500000068,32750,0,32750
R009023,352500000140,39360,0,39360
R009027,352300000004,63060,246020,309080
R009029,352500000078,32450,0,32450
R009031,368900000026,10590,0,10590
R009033,368900000065,32990,286680,319670
R009034,352500000154,15610,0,15610
R009035,352500000132,60730,0,60730
R009036,352500000160,39360,140830,180190
R009037,342731000010,15210,0,15210
R009041,379900000024,132070,0,132070
R009042,352500000090,79730,269320,349050
R009043,352500000091,6070,0,6070
R009044,342719000012,36360,0,36360
R009045,352500000003,21760,0,21760
R009048,378900000031,13640,0,13640
R009049,351722000045,200000,1804500,2004500
R009050,369103000003,29630,0,29630
R009052,352500000058,65920,0,65920
R009053,342731000011,29470,0,29470
R009054,352500000172,100790,480170,580960
R009055,352500000000,840,0,840
R009056,352500000064,32720,233980,266700
R009058,352500000072,38420,0,38420
R009062,369100000017,105800,288570,394370
R009064,369512000010,42630,39890,82520
R009065,352500000006,4740,0,4740
R009066,369500000005,37410,0,37410
R009067,352700000007,29390,117710,147100
R009068,368900000049,12490,0,12490
R009069,352700000010,33390,73120,106510
R009070,369108000017,12090,39370,51460
R009071,352700000009,29250,0,29250
R009072,368900000004,14780,0,14780
R009075,352500000000,1030,0,1030
R009076,378900000033,13640,0,13640
R009078,369103000006,35540,940340,975880
R009079,352500000184,65160,0,65160
R009080,369313000010,15580,0,15580
R009083,379900000006,35130,253570,288700
R009084,352500000166,29520,0,29520
R009085,352500000000,230,0,230
R009088,352500000027,11240,0,11240
R009092,379900000013,217600,0,217600
R009093,369110200003,54430,971710,1026140
R009100,342730000005,34830,0,34830
R009101,369110200001,56990,0,56990
R009102,369512000003,22950,0,22950
R009103,379100000003,8350,0,8350
R009104,379500000004,84390,0,84390
R009105,342730000016,42670,0,42670
R009107,378300000000,450,0,450
R009108,398100000000,1120,0,1120
R009109,378500000000,6100,0,6100
R009110,378500000000,6210,0,6210
R009112,378500000000,10,0,10
R009113,379300000000,710,0,710
R009114,378100000000,12840,0,12840
R009115,343500000000,11290,0,11290
R009117,378522000000,40,0,40
R009118,378300000000,150,0,150
R009120,378132000000,20,0,20
R009122,378500000000,850,0,850
R009125,378500000000,10,0,10
R009126,378300000000,1330,0,1330
R009127,351500000000,1300,0,1300
R009128,370100000000,3160,0,3160
R009129,379300000000,6190,0,6190
R009130,379100000000,2920,0,2920
R009131,379100000000,1760,0,1760
R009132,378500000000,2710,0,2710
R009133,396700000000,1270,0,1270
R009134,378127300000,3780,0,3780
R009135,378128200000,900,0,900
R009136,378522400000,10,0,10
R009137,378300000000,200,0,200
R009138,378500000000,450,0,450
R009139,343900000000,900,0,900
R009141,378300000000,1630,0,1630
R009142,378300000000,200,0,200
R009143,378523300000,20,0,20
R009144,378500000000,220,0,220
R009145,379300000000,1910,0,1910
R009146,378100000000,13140,0,13140
R009147,378300000000,200,0,200
R009148,378132000000,360,0,360
R009149,343300000000,110,0,110
R009150,378500000000,440,0,440
R009151,378300000000,6550,0,6550
R009152,343500000000,1560,0,1560
R009153,343500000000,2340,0,2340
R009154,378300000000,9480,0,9480
R009155,343500000000,16750,0,16750
R009156,343700000000,4900,0,4900
R009157,351900000000,6110,0,6110
R009158,351900000000,5770,0,5770
R009159,378523000000,10,0,10
R009160,378500000000,80,0,80
R009161,378500000000,220,0,220
R009162,291500000000,450,0,450
R009163,378300000000,200,0,200
R009164,351900000000,2280,0,2280
R009165,351900000000,2410,0,2410
R009166,351700000000,10840,0,10840
R009167,378522000000,10,0,10
R009168,378300000000,1220,0,1220
R009169,396900000000,6320,0,6320
R009170,378500000000,200,0,200
R009171,378500000000,7190,0,7190
R009172,343300000000,10,0,10
R009173,398300000000,1880,0,1880
R009174,378522400000,10,0,10
R009175,378132000000,2420,0,2420
R009176,378529400000,10,0,10
R009177,378531100000,110,0,110
R009178,396900000000,1130,0,1130
R009179,343300000000,10,0,10
R009180,378500000000,560,0,560
R009181,378522300000,560,0,560
R009182,378500000000,1130,0,1130
R009183,343700000000,3160,0,3160
R009184,378536100000,2110,0,2110
R009185,378700000000,1900,0,1900
R009186,370100000000,470,0,470
R009187,343300000000,10,0,10
R009188,379500000000,21170,0,21170
R009189,378500000000,900,0,900
R009190,378500000000,940,0,940
R009192,369920202004,63200,381570,444770
R009193,369920202005,63200,450690,513890
R009194,369920202006,63200,483940,547140
R009195,369920202007,63200,502860,566060
R009196,369920202008,63200,631780,694980
R009197,369108000018,24600,187030,211630
R009198,352500000119,23730,0,23730
R009199,396700000011,115070,619570,734640
R009200,369107000002,35240,0,35240
R009202,369908000026,0,120680,120680
R009203,343700000000,1810,0,1810
R009206,351535000010,8730,692680,701410
R009207,379100000011,71750,359960,431710
R009208,397300000015,31980,0,31980
R009209,369920201020,90000,510520,600520
R009210,396900000035,59990,0,59990
R009211,379300000049,149440,0,149440
R009212,379300000024,57830,225670,283500
R009215,369920201006,63200,470750,533950
R009216,369920204005,63200,485730,548930
R009217,369920204003,63200,673810,737010
R009218,369920206003,63200,495510,558710
R009219,369920201012,63200,657520,720720
R009220,369920204007,63200,599990,663190
R009221,369920205003,63200,417600,480800
R009222,342719000014,167640,0,167640
R009223,342731000002,36160,0,36160
R009224,369920201009,63200,426810,490010
R009225,351722000041,400000,1429870,1829870
R009226,369920201004,63200,0,63200
R009227,369920205004,63200,495270,558470
R009228,369920201011,90000,338900,428900
R009229,369920201010,272550,929310,1201860
R009231,351500000025,42550,26090,68640
R009232,343902002010,73150,831530,904680
R009233,378903002018,266230,156660,422890
R009235,378903002013,230340,47430,277770
R009236,378533003001,40000,44000,84000
R009237,342718106001,81640,725000,806640
R009238,369920201008,63200,525450,588650
R009240,369920204002,63200,704850,768050
R009243,369920205001,63200,541140,604340
R009245,369105000004,57420,0,57420
R009246,369920205002,63200,420620,483820
R009247,342706002008,90000,434710,524710
R009248,342707418005,15590,0,15590
R009250,378500000026,0,106680,106680
R009251,369920206001,63200,445750,508950
R009252,369920204006,63200,485100,548300
R009253,369920201018,63200,426330,489530
R009254,369920201002,63200,733920,797120
R009256,369908000030,345360,602290,947650
R009257,342719000005,21300,0,21300
R009260,343901001012,180000,1622100,1802100
R009262,343901002004,180000,1027840,1207840
R009263,343108001004,1660700,1543320,3204020
R009266,369908002003,171800,326390,498190
R009267,343315301001,0,347920,347920
R009268,343315301005,0,301920,301920
R009269,343315301004,0,310200,310200
R009270,343315301002,0,294330,294330
R009271,343315301003,0,289040,289040
R009272,343315301008,0,234300,234300
R009273,343315301009,0,338260,338260
R009274,343315301007,0,289840,289840
R009275,343315301017,0,352180,352180
R009276,343315301018,0,551290,551290
R009277,343315301019,0,496870,496870
R009278,343315301022,0,465220,465220
R009279,343315301023,0,404200,404200
R009280,343315301024,0,368240,368240
R009281,343315301021,0,407490,407490
R009282,343315301020,0,374600,374600
R009285,343315301025,0,371840,371840
R009287,343315301012,0,398500,398500
R009289,343315301026,0,543280,543280
R009291,342706005001,90000,540180,630180
R009293,342706005004,90000,364310,454310
R009301,342706004002,90000,602850,692850
R009304,352500000074,39360,0,39360
R009306,352700000017,4110,0,4110
R009310,369525203001,22300,477660,499960
R009311,369525203002,22300,0,22300
R009312,369525203003,22300,0,22300
R009313,369525202001,22300,142370,164670
R009314,369525202002,22300,409490,431790
R009315,369525203004,22300,229200,251500
R009317,369525203005,26500,296740,323240
R009318,369525203006,26500,336320,362820
R009319,369525201001,26510,627100,653610
R009320,369525203007,26500,0,26500
R009321,369525203010,26500,22170,48670
R009323,369525201002,26500,468910,495410
R009324,369525201003,26500,0,26500
R009325,369525204001,3420,0,3420
R009327,342708316001,44590,0,44590
R009330,342707410006,31050,46890,77940
R009333,342707413006,23290,0,23290
R009334,378129100002,11930,397720,409650
R009337,378300000007,0,117360,117360
R009338,343901004001,2100,0,2100
R009339,342707405004,158760,291690,450450
R009340,343901004002,74540,1311020,1385560
R009342,352533000012,23730,0,23730
R009343,352500000039,23820,0,23820
R009344,352500000040,23820,0,23820
R009346,343901003004,73450,536980,610430
R009347,343902002011,73110,954180,1027290
R009348,343108001005,1660700,4398640,6059340
R009349,369526109003,43880,79630,123510
R009351,369919001011,195500,457090,652590
R009352,352533000031,27380,0,27380
R009353,369109112002,3000,0,3000
R009355,343902001015,151540,2318080,2469620
R009356,351714401005,353840,1274020,1627860
R009359,369105000023,34790,0,34790
R009360,343901004004,73860,1716210,1790070
R009362,343322306002,118000,524090,642090
R009363,369920206002,63200,604290,667490
R009367,342708312003,44550,0,44550
R009368,342708309001,53340,0,53340
R009369,342708310002,410600,612880,1023480
R009370,343902002005,73150,658540,731690
R009371,351733301024,106500,490120,596620
R009372,352500000131,34790,0,34790
R009373,369932001008,146600,509080,655680
R009374,352531000026,51180,212820,264000
R009379,369526101002,10190,0,10190
R009383,352529000027,73300,0,73300
R009384,369512000008,46060,322070,368130
R009385,352529000021,27380,0,27380
R009386,343322302001,200600,566950,767550
R009389,369109000029,32020,286370,318390
R009390,342706003006,90000,480550,570550
R009391,378117300003,16700,342710,359410
R009392,352531000027,50480,260630,311110
R009393,369108000004,34900,0,34900
R009395,369526109005,58500,454410,512910
R009396,369526110001,30720,342710,373430
R009398,369500000028,43040,702150,745190
R009399,379300000002,2250,0,2250
R009400,343322301004,200600,492780,693380
R009401,352533000019,21490,5830,27320
R009403,368926001008,88000,224170,312170
R009404,351500000034,63090,0,63090
R009405,343902002022,150150,1057490,1207640
R009406,379100000047,33940,498200,532140
R009408,343300000006,453760,741590,1195350
R009409,378903002002,310800,533820,844620
R009411,342707403007,66440,761740,828180
R009412,396900000024,38720,335830,374550
R009413,369900000032,204160,564270,768430
R009415,352500000000,3610,0,3610
R009416,352500000000,2580,0,2580
R009417,352500000000,3590,0,3590
R009419,369100000000,3830,0,3830
R009421,369313000013,9750,0,9750
R009423,343902001031,73170,472280,545450
R009424,378100004002,113860,322580,436440
R009425,343700000000,2650,0,2650
R009427,369526104004,46610,153900,200510
R009428,342706003002,90000,615830,705830
R009429,342706009011,90000,407790,497790
R009430,369109000008,54430,254280,308710
R009431,369109107006,11000,169490,180490
R009432,352531000015,27380,238500,265880
R009433,352533000032,38380,137840,176220
R009434,342706008009,90000,0,90000
R009437,342707419003,21600,145630,167230
R009438,369900000033,204360,600750,805110
R009439,369900000031,204060,417980,622040
R009440,343300003003,2040,0,2040
R009447,343300000017,215000,0,215000
R009449,343300003005,4150,0,4150
R009450,351900000117,215000,236500,451500
R009451,351900000012,215000,273400,488400
R009454,351900000015,268750,289190,557940
R009455,351900000016,13390,171280,184670
R009456,351900000127,268750,187570,456320
R009457,351900000128,215000,0,215000
R009458,351900000019,215000,0,215000
R009459,351900000023,268750,192220,460970
R009461,351900000027,215000,55100,270100
R009464,351900000138,268750,638550,907300
R009466,351900000141,22920,270340,293260
R009469,351900000036,215000,427940,642940
R009470,351900000037,215000,0,215000
R009471,351900000038,215000,0,215000
R009472,351900000040,215000,397250,612250
R009473,351900000041,215000,0,215000
R009474,351900000129,143330,272220,415550
R009476,351900000046,268750,0,268750
R009477,351900000047,268750,0,268750
R009478,351900000049,215000,400000,615000
R009479,351900000050,129000,17600,146600
R009480,351900000056,215000,99070,314070
R009484,351900000115,2230,0,2230
R009486,351900000064,215000,182020,397020
R009488,351900000070,2950,568930,571880
R009489,351900000073,268750,697680,966430
R009490,351900000074,2950,0,2950
R009492,351900000094,5900,103100,109000
R009493,351900000132,27030,436960,463990
R009495,351900000079,215000,654420,869420
R009496,351900000080,215000,64300,279300
R009499,351900000145,15470,585300,600770
R009500,351900000125,268750,1133890,1402640
R009504,351900000140,129000,0,129000
R009507,351900000139,2230,0,2230
R009508,351900000124,25910,37240,63150
R009513,351900000100,268750,401270,670020
R009514,351900000101,215000,0,215000
R009517,351900000144,215000,0,215000
R009518,351900000122,25610,42230,67840
R009523,351900000134,215000,322530,537530
R009524,351900000111,2230,125500,127730
R009526,368934001001,60770,0,60770
R009527,368934001002,27130,153310,180440
R009528,368934001003,31080,448370,479450
R009529,368934001004,27130,198400,225530
R009531,368934001006,26150,0,26150
R009532,368934001007,49060,266610,315670
R009533,368934001094,55750,130710,186460
R009535,368934001011,85900,0,85900
R009536,368934001012,27880,0,27880
R009537,368934001086,13940,0,13940
R009538,368934001014,8260,0,8260
R009539,368934001015,68570,376990,445560
R009540,368934001016,27880,186980,214860
R009541,368934001091,27880,203120,231000
R009542,368934001018,27880,0,27880
R009543,368934001019,73590,0,73590
R009544,368934001020,73590,0,73590
R009545,368934001021,61860,151420,213280
R009546,368934001084,69480,303560,373040
R009548,368934001024,27880,0,27880
R009550,368934001026,76560,258400,334960
R009554,368934001031,41100,162330,203430
R009555,368934001032,470,0,470
R009556,368934001033,15530,195160,210690
R009557,368934001087,110,0,110
R009558,368934001035,42650,89980,132630
R009559,368934001037,67150,132170,199320
R009560,368934001038,35400,96030,131430
R009561,368934001088,35680,196470,232150
R009562,368934001076,42650,481780,524430
R009564,368934001042,104970,253760,358730
R009565,368934001043,28430,201520,229950
R009567,368934001092,109350,186480,295830
R009569,368934001047,42370,179240,221610
R009571,368934001049,45620,204400,250020
R009572,368934001050,42650,101730,144380
R009573,368934001051,39810,190530,230340
R009574,368934001052,740,0,740
R009575,368934001053,69070,227920,296990
R009576,368934001056,73590,0,73590
R009577,368934001087,110,0,110
R009578,368934001087,110,0,110
R009579,368934001060,560,0,560
R009580,368934001061,280,0,280
R009582,368934001066,53240,270680,323920
R009583,368934001068,16170,0,16170
R009584,368934001069,25370,0,25370
R009585,368934002001,77820,0,77820
R009586,368934002002,8360,0,8360
R009587,368934002003,8360,0,8360
R009588,368934002004,8360,0,8360
R009589,368934002058,27880,206000,233880
R009592,368934002054,27880,0,27880
R009593,368934002009,36880,0,36880
R009594,368934002010,27880,0,27880
R009595,368934002011,13940,0,13940
R009596,368934002012,13940,0,13940
R009597,368934002013,13940,0,13940
R009598,368934002014,13940,0,13940
R009599,368934002015,13940,0,13940
R009600,368934002055,27880,0,27880
R009602,368934002018,13940,0,13940
R009603,368934002019,13940,0,13940
R009604,368934002020,63320,31970,95290
R009605,368934002021,13940,0,13940
R009607,368934002062,35680,80440,116120
R009608,368934002024,21460,75420,96880
R009609,368934002025,63160,248370,311530
R009610,368934002026,13050,6130,19180
R009611,368934002027,27540,186420,213960
R009612,368934002057,34550,0,34550
R009613,368934002029,50220,79870,130090
R009614,368934002030,30440,78290,108730
R009617,368934002033,79100,191990,271090
R009618,368934002034,57550,150900,208450
R009619,368934002035,48060,167210,215270
R009620,368934002036,24480,0,24480
R009621,368934002037,28430,143480,171910
R009622,368934002040,44900,136710,181610
R009623,368934002041,87200,149130,236330
R009624,368934002043,14500,77840,92340
R009626,368934002063,60070,233220,293290
R009627,368934002049,38380,207800,246180
R009628,368934002050,35800,161720,197520
R009629,368934002051,56240,20850,77090
R009638,370100000202,169240,532070,701310
R009639,370100000192,86620,886740,973360
R009643,370100000010,365990,224750,590740
R009645,370100000012,4510,0,4510
R009647,370100000200,5450,472480,477930
R009648,370100000208,72910,5770,78680
R009651,370113000024,14020,420280,434300
R009652,370100000204,183560,1034530,1218090
R009653,370100006001,5630,570170,575800
R009658,370100000085,173180,429800,602980
R009660,370100000149,41780,387970,429750
R009661,370125007002,253900,559350,813250
R009662,370100000032,210270,503470,713740
R009663,370100000034,247450,0,247450
R009664,370100000035,830,0,830
R009665,370100000036,138440,658990,797430
R009666,370100000156,709190,112210,821400
R009667,370100000130,278730,0,278730
R009669,370100000145,258770,0,258770
R009671,370100000164,378780,0,378780
R009674,370100000051,235520,444600,680120
R009675,370100000052,77670,0,77670
R009676,370100000053,329200,488050,817250
R009677,370100000055,374980,0,374980
R009680,370100000061,466480,0,466480
R009681,370100000063,153290,0,153290
R009682,370100000064,138070,96790,234860
R009684,370100000066,1780,682110,683890
R009685,370100000127,145720,0,145720
R009686,370112000002,6960,1061120,1068080
R009689,370100000071,367140,507520,874660
R009690,370112000003,177730,599410,777140
R009691,370112000001,168150,432300,600450
R009692,370101000014,530340,1242950,1773290
R009694,370101000006,177420,415400,592820
R009695,370101001006,169900,354420,524320
R009696,370101001007,169900,577250,747150
R009697,370101001008,169900,0,169900
R009698,370101001009,169900,478290,648190
R009700,370101002003,169900,325330,495230
R009701,370111001001,200100,1157150,1357250
R009702,370111001002,179000,585310,764310
R009703,370111001003,179000,521180,700180
R009704,370111001004,200100,820830,1020930
R009705,370111001005,222200,1292320,1514520
R009706,370111001006,200100,946990,1147090
R009707,370111001007,190100,1044700,1234800
R009708,370111001008,190100,702180,892280
R009709,370111001009,155200,698980,854180
R009710,370111001010,177600,588660,766260
R009711,370111001011,190100,750490,940590
R009712,370111001012,155200,896110,1051310
R009713,370111001013,190100,638050,828150
R009714,370111001014,203600,683030,886630
R009715,370111001015,155200,0,155200
R009716,370111001016,155200,554970,710170
R009717,370111001017,155200,597480,752680
R009720,370111001020,225600,0,225600
R009721,370111001021,225600,0,225600
R009722,370111001022,177600,422490,600090
R009723,370111001023,155200,593880,749080
R009724,370111001024,155200,783590,938790
R009725,370111001025,155200,1434620,1589820
R009726,370111001027,177600,776170,953770
R009727,370111001034,155200,666350,821550
R009728,370111001029,203600,567400,771000
R009730,370111001033,155200,755760,910960
R009732,370111002019,190100,623670,813770
R009733,370111002002,200100,668440,868540
R009734,370111002003,179000,863470,1042470
R009735,370111002004,179000,692140,871140
R009736,370111002005,179000,587710,766710
R009737,370111002006,155200,717860,873060
R009738,370111002007,177600,581570,759170
R009739,370111002008,155200,787120,942320
R009740,370111002009,155200,639750,794950
R009741,370111002010,203600,0,203600
R009742,370111002012,155200,648740,803940
R009743,370111002013,177600,902480,1080080
R009746,370111002020,155200,1124800,1280000
R009747,370111003003,190100,671330,861430
R009748,370111003004,200100,734720,934820
R009749,370111003005,200100,605530,805630
R009750,370111003006,179000,711330,890330
R009751,370113010002,6650,813500,820150
R009753,370113000027,235660,1520780,1756440
R009756,370113000006,168150,339430,507580
R009757,370113000007,169880,610590,780470
R009760,370113006025,166600,587420,754020
R009763,370113006017,166600,540870,707470
R009764,370113006016,166600,502730,669330
R009766,370113006013,166600,485240,651840
R009767,370113006012,166600,559040,725640
R009768,370113006011,166600,506490,673090
R009769,370113006010,166600,417520,584120
R009770,370113006009,166600,1135260,1301860
R009771,370113006008,166600,559350,725950
R009772,370113006007,166600,739620,906220
R009774,370113002043,169500,1211690,1381190
R009775,370113002011,169500,617480,786980
R009776,370113002012,169500,846460,1015960
R009777,370113002013,169500,686830,856330
R009778,370113002014,169500,639670,809170
R009779,370113002015,169500,1331130,1500630
R009780,370113002016,169500,706520,876020
R009784,370113002042,193700,755930,949630
R009785,370113002021,193700,572030,765730
R009786,370113002022,193700,0,193700
R009788,370113002024,193700,874900,1068600
R009789,370113002025,193700,1225710,1419410
R009790,370113002026,193700,774860,968560
R009792,370113002028,169500,751860,921360
R009793,370113002029,169500,446830,616330
R009794,370113002030,169500,654350,823850
R009795,370113002031,169500,738490,907990
R009796,370113002032,169500,813850,983350
R009797,370113002034,169500,753120,922620
R009798,370113002035,169500,481000,650500
R009799,370113002036,169500,514030,683530
R009800,370113002039,169500,555530,725030
R009801,370113003001,169500,955710,1125210
R009802,370113003002,169500,0,169500
R009803,370113003003,169500,625090,794590
R009804,370113003004,169500,612540,782040
R009805,370113003005,169500,651080,820580
R009806,370113003006,169500,651220,820720
R009807,370113003007,169500,602020,771520
R009808,370113003008,169500,701450,870950
R009809,370113004005,249100,718400,967500
R009810,370113004006,187700,641700,829400
R009811,370113004007,187700,920500,1108200
R009812,370113004008,187700,414380,602080
R009817,370113005005,194700,1241010,1435710
R009818,370113005006,194700,445760,640460
R009819,370113005007,194700,748870,943570
R009820,370113005008,194700,892640,1087340
R009821,370113005009,194700,629490,824190
R009822,370113005010,194700,0,194700
R009823,370113005011,194700,723000,917700
R009824,370113005012,194700,609070,803770
R009825,370113005013,194700,1146900,1341600
R009827,370113005023,194700,789490,984190
R009828,370113005026,194700,663510,858210
R009829,370114000001,209810,543650,753460
R009830,370114000002,5120,656810,661930
R009832,370114001002,190100,775020,965120
R009833,370114001018,179000,717600,896600
R009836,370114001006,190100,641650,831750
R009837,370114001021,190100,604330,794430
R009838,370114001009,190100,703110,893210
R009840,370114001011,190100,484020,674120
R009841,370114001012,200100,591530,791630
R009842,370114001013,179000,651130,830130
R009843,370114001014,179000,1023040,1202040
R009844,370114001015,179000,1144480,1323480
R009846,370114001017,179000,549090,728090
R009847,370114002020,179000,305970,484970
R009848,370114002002,203600,757130,960730
R009849,370114002003,190100,605910,796010
R009850,370114002004,177600,2031530,2209130
R009851,370114002005,200100,712960,913060
R009853,370114002019,200100,668260,868360
R009854,370114002008,177600,479520,657120
R009855,370114002009,155200,784340,939540
R009856,370114002010,155200,677520,832720
R009857,370114002011,155200,705080,860280
R009860,370114002022,358000,805220,1163220
R009862,370114002017,179000,588260,767260
R009863,370114003001,177600,504530,682130
R009864,370114003002,177600,680650,858250
R009865,370114003003,177600,861840,1039440
R009866,370114003004,203600,829970,1033570
R009868,370114003013,179000,831650,1010650
R009870,370114003010,179000,616090,795090
R009871,370114003011,225600,792070,1017670
R009872,370114003012,155200,698710,853910
R009873,370114004017,222200,1302580,1524780
R009875,370114004003,179000,772360,951360
R009876,370114004004,179000,923270,1102270
R009877,370114004005,200100,730940,931040
R009878,370114004026,380200,1725450,2105650
R009879,370114004021,200100,744150,944250
R009880,370114004010,179000,771530,950530
R009881,370114004011,200100,794590,994690
R009882,370114004012,200100,1847680,2047780
R009883,370114004013,5110,0,5110
R009884,370114004015,179000,570770,749770
R009885,370114004022,179000,285680,464680
R009886,370114005001,171300,573310,744610
R009887,370114005002,5800,763240,769040
R009888,370114005003,171300,357620,528920
R009890,370114005005,171300,709850,881150
R009891,370114005006,3750,565940,569690
R009892,370114005007,171300,360350,531650
R009893,370114006001,197000,0,197000
R009894,370114006002,197000,539450,736450
R009895,370114006004,197000,0,197000
R009896,370114006005,197000,633320,830320
R009897,370114006006,197000,477500,674500
R009898,370114006007,197000,529160,726160
R009899,370114006010,197000,587170,784170
R009900,370121401001,115800,352800,468600
R009901,370121401002,115800,502540,618340
R009902,370121401003,115800,387640,503440
R009903,370121401004,115800,284420,400220
R009905,370121401006,115800,363910,479710
R009906,370121401007,115800,410300,526100
R009907,370121401008,115800,453340,569140
R009908,370121401009,115800,312830,428630
R009909,370121401010,115800,403920,519720
R009910,370121401011,115800,223770,339570
R009911,370121401012,115800,415210,531010
R009912,370121401013,115800,378590,494390
R009913,370121401014,115800,0,115800
R009914,370121402001,115800,538100,653900
R009915,370121402002,115800,291830,407630
R009917,370121402004,115800,412470,528270
R009918,370121402005,115800,437420,553220
R009919,370121402006,115800,550190,665990
R009920,370121402007,115800,314120,429920
R009921,370121402008,115800,411670,527470
R009922,370121402009,115800,482930,598730
R009924,370121402016,115800,389070,504870
R009925,370121402012,115800,484650,600450
R009926,370121402013,115800,298150,413950
R009927,370121402014,115800,450530,566330
R009928,370122300001,189790,327510,517300
R009930,370122301031,92300,249100,341400
R009931,370122301002,92300,266860,359160
R009932,370122301003,92300,198120,290420
R009934,370122301030,92300,220250,312550
R009935,370122301006,92300,0,92300
R009936,370122301007,92300,305630,397930
R009937,370122301009,92300,224620,316920
R009938,370122301010,92300,205300,297600
R009939,370122301011,92300,0,92300
R009940,370122301012,92300,152900,245200
R009941,370122301014,92300,0,92300
R009942,370122301015,92300,243310,335610
R009945,370122301018,92300,295970,388270
R009946,370122301029,92300,287370,379670
R009947,370122301020,92300,192970,285270
R009949,370122301022,92300,198120,290420
R009950,370122301023,92300,0,92300
R009951,370122301024,92300,364780,457080
R009952,370122301025,92300,0,92300
R009954,370122302023,73030,292560,365590
R009955,370122302026,73030,324790,397820
R009957,370122302025,73030,215060,288090
R009960,370122302027,73030,226040,299070
R009961,370122302009,63500,300850,364350
R009962,370122302010,63500,200180,263680
R009963,370122302011,63500,221330,284830
R009964,370122302022,73030,440360,513390
R009966,370122303050,63500,116790,180290
R009967,370122303051,63500,203440,266940
R009968,370122303003,63500,177070,240570
R009969,370122303052,63500,313950,377450
R009970,370122303053,63500,0,63500
R009971,370122303006,63500,288640,352140
R009972,370122303054,63500,273880,337380
R009973,370122303008,63500,249290,312790
R009974,370122303009,63500,224790,288290
R009977,370122303057,63500,313950,377450
R009978,370122303064,73030,383470,456500
R009982,370122303017,63500,305420,368920
R009983,370122303018,63500,364420,427920
R009985,370122303062,73030,123090,196120
R009986,370122303021,63500,296920,360420
R009987,370122304001,63500,344720,408220
R009988,370122304055,63500,198120,261620
R009989,370122304003,63500,35880,99380
R009990,370122304056,63500,267230,330730
R009991,370122304057,63500,174870,238370
R009992,370122304058,63500,365810,429310
R009993,370122304054,73030,309790,382820
R009995,370122304011,63500,0,63500
R009996,370122304059,63500,270480,333980
R009997,370122304069,127000,0,127000
R009999,370122304015,63500,169530,233030
R010001,370122304068,73030,471590,544620
R010003,370122304062,63500,0,63500
R010004,370122304063,63500,24150,87650
R010005,370122304064,63500,158370,221870
R010006,370122304065,63500,137640,201140
R010007,370122304066,63500,0,63500
R010008,370122304051,63500,151450,214950
R010009,370122305046,63500,196570,260070
R010010,370122305002,63500,0,63500
R010011,370122305047,63500,110120,173620
R010012,370122305004,63500,0,63500
R010014,370122305060,73030,153120,226150
R010015,370122305007,63500,110600,174100
R010016,370122305050,63500,496440,559940
R010017,370122305059,73030,296170,369200
R010019,370122305011,63500,130400,193900
R010020,370122305053,63500,42350,105850
R010021,370122305054,63500,288500,352000
R010022,370122305055,63500,29440,92940
R010023,370122305015,63500,151450,214950
R010024,370122305061,73030,257510,330540
R010026,370122305058,63500,28450,91950
R010027,370122305019,63500,190180,253680
R010029,370122306046,73030,339180,412210
R010030,370122306036,63500,293020,356520
R010031,370122306037,63500,172220,235720
R010032,370122306045,73030,419450,492480
R010034,370122306007,63500,235560,299060
R010035,370122306044,73030,378590,451620
R010037,370122306010,63500,0,63500
R010038,370122306043,73030,322920,395950
R010041,370124000002,284070,327810,611880
R010042,370124000074,292790,536520,829310
R010049,370124000078,168650,801250,969900
R010050,370124000079,305340,566240,871580
R010051,370124000012,4600,606890,611490
R010052,370124000014,172400,370320,542720
R010053,370124000072,177300,628180,805480
R010054,370124000016,11240,695890,707130
R010055,370124000017,180570,705220,885790
R010056,370124000052,209290,756400,965690
R010057,370124000059,165120,284150,449270
R010058,370124000080,420870,14810,435680
R010060,370124000026,269460,347960,617420
R010061,370124000076,258090,454160,712250
R010062,370124000028,232610,261390,494000
R010063,370124000029,234750,363120,597870
R010064,370124014002,264200,377110,641310
R010065,370124000031,298820,1124180,1423000
R010066,370124000070,377770,488550,866320
R010068,370124000068,11500,0,11500
R010069,370124008001,6200,2270,8470
R010070,370124000038,336590,1139530,1476120
R010071,370124000061,185670,653550,839220
R010073,370124000077,160,0,160
R010074,370124000077,160,0,160
R010075,370124000081,726510,418610,1145120
R010076,370124000044,165350,0,165350
R010078,370124000082,688810,99800,788610
R010079,370124000047,174190,1000490,1174680
R010081,370124000050,325480,122790,448270
R010082,370124001001,282200,564500,846700
R010085,370124001007,211650,266520,478170
R010086,370124001010,211650,363330,574980
R010087,370124001006,282200,622440,904640
R010088,370124002001,175400,558130,733530
R010089,370124002002,175400,553140,728540
R010091,370124002004,169500,476360,645860
R010092,370124002005,169500,400820,570320
R010093,370124002006,175400,826350,1001750
R010097,370124003018,194930,459290,654220
R010098,370124003005,194930,603510,798440
R010099,370124003006,194930,502460,697390
R010100,370124003007,194930,568610,763540
R010101,370124003008,201710,574580,776290
R010102,370124003009,201710,709070,910780
R010103,370124003010,201710,692650,894360
R010104,370124003011,194930,716030,910960
R010105,370124003012,403420,493700,897120
R010106,370124003013,194930,0,194930
R010107,370124003014,201710,589090,790800
R010108,370124003015,194930,638620,833550
R010110,370124004011,194930,509860,704790
R010111,370124004003,194930,468380,663310
R010112,370124004004,194930,0,194930
R010113,370124004005,194930,529050,723980
R010114,370124005001,169500,563210,732710
R010115,370124005002,169500,483560,653060
R010116,370124005003,169500,498710,668210
R010117,370124005004,169500,447160,616660
R010118,370124005005,169500,582930,752430
R010119,370124005022,169500,538780,708280
R010120,370124005021,169500,511360,680860
R010121,370124005008,169500,804740,974240
R010122,370124005009,169500,665170,834670
R010124,370124005024,169500,534510,704010
R010126,370124005013,389850,619760,1009610
R010127,370124005014,169500,432940,602440
R010128,370124006014,194930,529210,724140
R010129,370124006013,169500,564280,733780
R010130,370124006012,169500,766180,935680
R010131,370124006011,194930,619880,814810
R010132,370124006015,169500,594330,763830
R010133,370124006018,169500,590060,759560
R010134,370124006017,339000,1191670,1530670
R010136,370124007001,333100,681150,1014250
R010137,370124007002,333100,520420,853520
R010138,370124007003,301200,948430,1249630
R010139,370124007004,301200,397120,698320
R010140,370124007005,201710,416600,618310
R010141,370124007006,194930,514570,709500
R010142,370124007007,389850,656970,1046820
R010143,370124007008,194930,591550,786480
R010144,370124007030,389850,1234040,1623890
R010146,370124007011,194930,324500,519430
R010147,370124007012,194930,646570,841500
R010148,370124007029,194930,634490,829420
R010149,370124007014,301200,477800,779000
R010150,370124007015,301200,1606900,1908100
R010151,370124007016,301200,709180,1010380
R010152,370124007017,301200,475150,776350
R010153,370124007018,333100,577270,910370
R010154,370125000002,167900,434960,602860
R010156,370125000109,181790,1276850,1458640
R010159,370125000007,1070,477940,479010
R010160,370125000008,168150,477070,645220
R010161,370125000009,187730,430340,618070
R010162,370125000010,182480,111090,293570
R010163,370125000072,88500,461790,550290
R010165,370125000123,268940,285030,553970
R010167,370125000016,177630,50320,227950
R010169,370125000107,117740,380890,498630
R010171,370125000020,185110,306790,491900
R010172,370125000022,169260,249040,418300
R010173,370125000023,187310,0,187310
R010178,370125000030,165530,463390,628920
R010179,370125000031,171430,577660,749090
R010180,370125000095,174910,633700,808610
R010181,370125000033,173910,560150,734060
R010182,370125000034,165350,491960,657310
R010183,370125000035,32770,529190,561960
R010184,370125000036,184550,396120,580670
R010186,370125000111,178770,632100,810870
R010187,370125000105,168650,511300,679950
R010188,370125000089,252640,637340,889980
R010190,370125000103,175930,473310,649240
R010191,370125000092,170050,159710,329760
R010192,370125000046,235400,156630,392030
R010193,370125000047,167700,579340,747040
R010194,370125000048,169090,690910,860000
R010195,370125000049,168150,1337070,1505220
R010196,370125000115,166700,297270,463970
R010199,370125000053,134880,289100,423980
R010200,370125000087,1560,0,1560
R010201,370125000058,109000,423420,532420
R010202,370125000059,100160,609950,710110
R010203,370125000060,163650,253590,417240
R010204,370125000061,171900,924100,1096000
R010205,370125000062,168150,1183220,1351370
R010206,370125000063,168150,366680,534830
R010207,370125000064,173690,357110,530800
R010208,370125000065,0,97840,97840
R010210,370125000091,188970,578650,767620
R010211,370125001001,109000,300860,409860
R010212,370125001002,109000,548140,657140
R010213,370125001003,109000,632100,741100
R010214,370125001004,147700,0,147700
R010215,370125001005,147700,0,147700
R010216,370125001006,147700,630500,778200
R010217,370125001007,147700,460420,608120
R010219,370125001015,147700,561210,708910
R010220,370125001016,147700,334980,482680
R010221,370125001011,109000,0,109000
R010223,370125002001,147700,579150,726850
R010224,370125002002,256700,0,256700
R010225,370125002008,147700,661310,809010
R010226,370125002004,109000,435960,544960
R010228,370125002009,147700,623740,771440
R010230,370125003001,109000,397750,506750
R010231,370125003002,109000,388870,497870
R010232,370125003004,109000,376810,485810
R010233,370125003005,109000,421700,530700
R010234,370125003006,109000,411690,520690
R010235,370125003007,109000,444450,553450
R010236,370125003008,109000,714090,823090
R010237,370125003009,109000,627730,736730
R010238,370125003010,109000,1178060,1287060
R010239,370125003011,109000,535620,644620
R010240,370125003012,109000,623180,732180
R010241,370125004001,63500,392820,456320
R010242,370125004002,63500,413800,477300
R010243,370125004003,63500,234560,298060
R010244,370125004004,63500,229450,292950
R010245,370125004005,63500,638980,702480
R010246,370125004006,63500,229450,292950
R010247,370125004007,63500,223540,287040
R010248,370125004008,63500,747270,810770
R010251,370125000130,170940,141350,312290
R010252,370125005005,170900,369750,540650
R010253,370134000029,135270,343650,478920
R010254,370134000002,107550,436290,543840
R010255,370134000025,169100,266620,435720
R010256,370134000007,122820,272320,395140
R010257,370134000010,107190,351030,458220
R010258,370134000011,140720,406040,546760
R010259,370134000012,107010,654140,761150
R010263,370134000017,232150,742380,974530
R010264,370134000033,107190,257150,364340
R010265,370134000019,83910,60820,144730
R010266,370134000020,168260,294160,462420
R010267,370134000030,494140,0,494140
R010268,370134000022,154640,193230,347870
R010269,370134000031,181920,567710,749630
R010270,370134000024,110810,287420,398230
R010272,370135000031,174360,636490,810850
R010273,370135000002,185720,775510,961230
R010274,370135000028,5190,0,5190
R010275,370135000032,408100,0,408100
R010276,370135000005,0,107100,107100
R010277,370135000006,0,134390,134390
R010278,370135000009,0,239840,239840
R010279,370135000010,0,190670,190670
R010280,370135000011,0,276120,276120
R010281,370135000012,0,64960,64960
R010282,370135000013,0,73020,73020
R010283,370135000021,210,498070,498280
R010284,370135000015,0,52390,52390
R010285,370135000016,0,168660,168660
R010286,370135000017,0,272640,272640
R010287,370135344001,105700,334860,440560
R010288,370135344002,105700,0,105700
R010289,370135344003,105700,541750,647450
R010290,370135344004,105700,408570,514270
R010293,370135343002,167100,631190,798290
R010294,370135343003,167100,309470,476570
R010295,370135343004,167100,589340,756440
R010296,370135343005,167100,487500,654600
R010297,370135343006,167100,0,167100
R010298,370135343007,167100,677340,844440
R010299,370135343009,167100,0,167100
R010300,370135343008,167100,391730,558830
R010306,370135304002,1186310,295680,1481990
R010307,370135307002,627140,356010,983150
R010309,370136000051,730,0,730
R010316,378700000006,86650,0,86650
R010317,378700000092,6300,420240,426540
R010320,378700000103,333600,207790,541390
R010321,378700000012,274720,346130,620850
R010323,378700000100,1050,677620,678670
R010328,378700000022,151000,0,151000
R010335,378700000101,174710,142440,317150
R010337,378700000052,385110,32480,417590
R010338,378700000032,108260,234950,343210
R010339,378700000053,190540,577520,768060
R010340,378700000034,190540,489820,680360
R010344,378700000039,65390,0,65390
R010345,378700000040,94970,317940,412910
R010346,378700000041,59730,0,59730
R010351,378700000106,170550,500300,670850
R010352,378700000048,86270,11180,97450
R010354,378700000050,94620,0,94620
R010355,378700000073,240110,0,240110
R010365,378702300068,1420,0,1420
R010366,378702300066,350900,0,350900
R010369,378702300030,220210,7110,227320
R010371,378702300070,583140,454920,1038060
R010372,378702300033,166500,878150,1044650
R010374,378702300035,0,158230,158230
R010376,378702300037,0,166280,166280
R010377,378703104018,122820,486950,609770
R010378,378703100006,362230,1009770,1372000
R010379,378703100003,301990,552220,854210
R010380,378703100004,497170,943170,1440340
R010381,378703100007,127070,342100,469170
R010383,378703101002,309200,0,309200
R010384,378703101003,309200,427710,736910
R010385,378703101004,355580,701160,1056740
R010386,378703101005,168800,705480,874280
R010387,378703101006,168800,699410,868210
R010389,378703101009,135300,551190,686490
R010390,378703101010,135300,713720,849020
R010391,378703101011,135300,1126490,1261790
R010393,378703101013,168800,466680,635480
R010394,378703101014,194120,506380,700500
R010395,378703101023,47360,0,47360
R010397,378703101017,168800,589240,758040
R010398,378703101018,192100,438610,630710
R010399,378703101019,192100,350890,542990
R010400,378703101020,192100,384280,576380
R010401,378703101021,192100,653500,845600
R010404,378703104001,145000,1040320,1185320
R010408,378703104012,122800,581870,704670
R010409,378703104015,122800,470550,593350
R010410,378703104007,145000,591520,736520
R010411,378703104008,145000,523890,668890
R010413,378703400001,165070,458920,623990
R010416,378703400004,107190,236190,343380
R010417,378703400005,95910,352940,448850
R010418,378703400006,80120,258420,338540
R010419,378703400007,75860,19310,95170
R010420,378703400051,107190,618560,725750
R010422,378703400012,115840,263230,379070
R010423,378703400013,122540,346760,469300
R010424,378703400064,156700,666540,823240
R010425,378703400016,193580,190310,383890
R010426,378703400017,168150,303500,471650
R010427,378703400021,170930,393800,564730
R010428,378703400022,328590,309090,637680
R010430,378703400052,336280,428920,765200
R010431,378703400027,233200,293200,526400
R010432,378703400031,229700,296370,526070
R010433,378703400033,134810,160040,294850
R010434,378703400034,134580,147880,282460
R010441,378703400053,169150,581480,750630
R010443,378703411002,188700,480000,668700
R010444,378703400047,191280,318480,509760
R010445,378703400056,179900,262340,442240
R010446,378703400062,309680,0,309680
R010447,378703401001,259100,517110,776210
R010448,378703401002,259100,550710,809810
R010449,378703401003,259100,699910,959010
R010450,378703401004,259100,670900,930000
R010451,378703401005,259100,698270,957370
R010452,378703401006,259100,610980,870080
R010453,378703401007,259100,771640,1030740
R010454,378703401008,259100,340510,599610
R010455,378703401009,259100,631110,890210
R010456,378703401010,259100,532610,791710
R010457,378703401012,259100,297630,556730
R010458,378703402001,377400,0,377400
R010459,378703402002,217010,715500,932510
R010462,378703403002,191020,665780,856800
R010463,378703403013,191020,507890,698910
R010464,378703403016,191020,692120,883140
R010465,378703403020,191020,589340,780360
R010466,378703403006,191020,586930,777950
R010467,378703403007,191020,307900,498920
R010468,378703403008,191020,661070,852090
R010469,378703404002,163500,524830,688330
R010470,378703404003,163500,424100,587600
R010472,378703404005,163500,439350,602850
R010473,378703404006,163500,765530,929030
R010474,378703405001,267660,580410,848070
R010475,378703406001,188700,317620,506320
R010479,378703406005,188700,305460,494160
R010480,378703407001,188700,294860,483560
R010481,378703407002,188700,686690,875390
R010482,378703408001,82050,276430,358480
R010483,378703408002,82050,276430,358480
R010484,378703409001,81750,245840,327590
R010485,378703409002,81750,245840,327590
R010486,378703410001,81750,361850,443600
R010487,378703410002,81750,391870,473620
R010488,378700000093,571980,167700,739680
R010489,378704000002,95420,592410,687830
R010490,378704000003,116850,99790,216640
R010491,378704000004,110680,596020,706700
R010492,378704000005,107190,327710,434900
R010493,378704000013,369670,797680,1167350
R010494,378704000011,12000,0,12000
R010496,378707000001,3270,66810,70080
R010497,378700000069,102540,207650,310190
R010498,378708000001,441860,1294560,1736420
R010500,378708000028,671340,310810,982150
R010501,378708000025,181150,142700,323850
R010502,378708000019,2330,109430,111760
R010504,378708000007,2740,1250740,1253480
R010506,378708000029,375700,387160,762860
R010507,378708000023,10710,0,10710
R010509,378708000012,14000,379820,393820
R010511,378708000014,386900,542820,929720
R010513,378708001001,180000,154030,334030
R010518,378708001022,90000,0,90000
R010519,378708001007,90000,1870,91870
R010520,378708001008,90000,97300,187300
R010521,378708001009,90000,0,90000
R010522,378708001010,90000,24960,114960
R010523,378708001011,90000,0,90000
R010524,378708001013,90000,0,90000
R010525,378708001014,90000,97300,187300
R010526,378708001015,90000,149390,239390
R010529,378708001012,90000,132940,222940
R010530,378709000001,175250,320130,495380
R010531,378709000002,198540,350240,548780
R010532,378709000003,70,255990,256060
R010533,378709000005,119200,715020,834220
R010534,378709000005,59600,49280,108880
R010535,378709000005,59600,49280,108880
R010536,378709000005,119200,98550,217750
R010537,378709000011,32190,215460,247650
R010538,378709000012,199330,321970,521300
R010539,378709000013,12000,0,12000
R010542,378709000025,456540,482110,938650
R010543,378709000024,531060,1896790,2427850
R010547,378710000082,195280,384940,580220
R010548,378710000003,168260,172070,340330
R010549,378710018002,231910,1423440,1655350
R010551,378710000068,166280,239030,405310
R010552,378710000008,167700,501330,669030
R010553,378710000083,192960,1382020,1574980
R010555,378710000011,167790,664120,831910
R010556,378710000012,1840,230470,232310
R010563,378710000022,836760,715870,1552630
R010564,378710000023,179900,1147410,1327310
R010566,378710000079,770,0,770
R010575,378710000047,166100,214190,380290
R010576,378710000087,232740,0,232740
R010577,378710001003,188700,562190,750890
R010578,378710001004,188700,573660,762360
R010579,378710001005,188700,567250,755950
R010580,378710001006,188700,536990,725690
R010581,378710001007,188700,610680,799380
R010582,378710001011,377400,563510,940910
R010584,378710001010,188700,620200,808900
R010585,378710001070,188700,596840,785540
R010586,378710001014,188700,858120,1046820
R010587,378710001015,188700,728550,917250
R010588,378710001016,188700,480610,669310
R010589,378710001017,188700,1084010,1272710
R010590,378710001018,188700,572540,761240
R010591,378710001019,188700,501530,690230
R010592,378710001020,188700,662340,851040
R010593,378710001021,188700,568880,757580
R010595,378710001023,188700,623340,812040
R010596,378710001024,188700,626970,815670
R010597,378710001025,188700,757620,946320
R010598,378710001026,377400,685700,1063100
R010600,378710001072,188700,657470,846170
R010601,378710001031,188700,504270,692970
R010602,378710001032,188700,498720,687420
R010603,378710001033,188700,562150,750850
R010604,378710001034,188700,545030,733730
R010605,378710001035,188700,553160,741860
R010606,378710001080,188700,623180,811880
R010608,378710001038,188700,535530,724230
R010609,378710001039,188700,438950,627650
R010612,378710001042,188700,699830,888530
R010615,378710001078,188700,622150,810850
R010619,378710001049,377400,523610,901010
R010620,378710001050,188700,696230,884930
R010621,378710001051,188700,609490,798190
R010622,378710001052,188700,536050,724750
R010623,378710001053,188700,591040,779740
R010624,378710001054,188700,934970,1123670
R010625,378710001055,188700,582680,771380
R010626,378710001056,188700,602030,790730
R010627,378710001057,188700,576530,765230
R010628,378710001058,377400,588820,966220
R010629,378710001059,188700,450120,638820
R010631,378710001061,188700,470990,659690
R010632,378710001062,425000,853850,1278850
R010635,378710002024,188700,585460,774160
R010636,378710002023,188700,621610,810310
R010637,378710002003,188700,651220,839920
R010638,378710002004,188700,657350,846050
R010639,378710002005,188700,567760,756460
R010640,378710002006,188700,631990,820690
R010641,378710002018,188700,575580,764280
R010642,378710002008,188700,620610,809310
R010647,378710002013,188700,506140,694840
R010648,378710002014,188700,627910,816610
R010649,378710002015,188700,535170,723870
R010650,378710002016,188700,0,188700
R010651,378710002017,188700,575050,763750
R010652,378710003001,188700,562010,750710
R010653,378710003002,188700,572460,761160
R010654,378710003003,188700,622970,811670
R010655,378710003004,188700,539830,728530
R010656,378710003005,188700,493290,681990
R010657,378710003006,188700,468860,657560
R010658,378710003007,188700,575990,764690
R010659,378710003008,188700,560950,749650
R010660,378710003009,188700,665610,854310
R010661,378710003010,188700,565980,754680
R010662,378710003011,188700,602050,790750
R010663,378710003012,188700,644120,832820
R010664,378710003013,188700,547510,736210
R010665,378710003014,188700,545000,733700
R010666,378710003015,188700,568620,757320
R010667,378710003016,188700,571300,760000
R010668,378710003017,215900,665090,880990
R010669,378710003018,215900,651910,867810
R010670,378710004002,488800,934670,1423470
R010671,378710004030,425000,1286020,1711020
R010672,378710004004,188700,489900,678600
R010673,378710004005,488800,0,488800
R010676,378710004008,488800,667200,1156000
R010677,378710004009,188700,783530,972230
R010678,378710004034,217010,599130,816140
R010679,378710004011,425000,866220,1291220
R010680,378710004014,425000,758950,1183950
R010681,378710004016,425000,567920,992920
R010682,378710004019,188700,707350,896050
R010683,378710004020,188700,640380,829080
R010684,378710004021,425000,558880,983880
R010685,378710004022,188700,533440,722140
R010686,378710004023,425000,755770,1180770
R010687,378710004024,188700,577490,766190
R010688,378710004025,188700,664950,853650
R010689,378710004026,425000,730660,1155660
R010690,378710004027,188700,1045940,1234640
R010691,378710004035,425000,710140,1135140
R010692,378710004029,425000,747790,1172790
R010695,378710005004,425000,1200430,1625430
R010696,378710005005,425000,1192390,1617390
R010697,378710005006,425000,903120,1328120
R010698,378710005022,425000,830160,1255160
R010699,378710005023,425000,1246840,1671840
R010700,378710005009,425000,1080220,1505220
R010701,378710005010,425000,730900,1155900
R010702,378710005011,425000,812800,1237800
R010703,378710005012,425000,1164730,1589730
R010704,378710005013,425000,0,425000
R010705,378710005014,425000,772450,1197450
R010706,378710005015,425000,0,425000
R010707,378710005020,425000,577610,1002610
R010711,378710006001,425000,1004320,1429320
R010712,378710006002,425000,815460,1240460
R010713,378710006003,425000,1247990,1672990
R010714,378710006004,425000,1387220,1812220
R010715,378710006005,425000,900550,1325550
R010716,378710006006,425000,743280,1168280
R010717,378710006007,425000,645100,1070100
R010718,378710006008,425000,1517450,1942450
R010719,378710006009,425000,1243260,1668260
R010720,378710006011,188700,1053740,1242440
R010721,378710006047,188700,685850,874550
R010722,378710006041,188700,1511610,1700310
R010724,378710006015,215900,1310410,1526310
R010725,378710006016,215900,613760,829660
R010727,378710006042,431800,768420,1200220
R010728,378710006019,215900,683880,899780
R010729,378710006020,215900,568400,784300
R010730,378710006021,215900,670860,886760
R010731,378710006022,215900,765160,981060
R010732,378710006023,215900,710710,926610
R010733,378710006027,215900,702860,918760
R010734,378710006044,215900,1392760,1608660
R010735,378710006029,215900,1576760,1792660
R010736,378710006030,215900,756700,972600
R010737,378710006031,215900,1139960,1355860
R010738,378710006032,215900,979690,1195590
R010739,378710006033,215900,551530,767430
R010740,378710006034,215900,740830,956730
R010741,378710006035,215900,661800,877700
R010742,378710006036,488750,1218230,1706980
R010743,378710006037,425000,1140590,1565590
R010744,378710006038,215900,0,215900
R010745,378710007001,215900,569810,785710
R010746,378710007002,215900,658610,874510
R010747,378710007003,215900,659470,875370
R010748,378710007004,215900,1191060,1406960
R010749,378710007007,215900,1019530,1235430
R010750,378710007045,215900,950300,1166200
R010752,378710007010,215900,0,215900
R010753,378710007011,215900,1004160,1220060
R010756,378710007014,215900,893030,1108930
R010758,378710007042,215900,1063390,1279290
R010759,378710007017,215900,1103860,1319760
R010760,378710007018,215900,720430,936330
R010761,378710007019,215900,1232520,1448420
R010762,378710007020,215900,1135830,1351730
R010763,378710007021,215900,1074760,1290660
R010764,378710007022,188700,870460,1059160
R010765,378710007023,188700,584280,772980
R010766,378710007024,188700,0,188700
R010767,378710007025,188700,614450,803150
R010768,378710007026,188700,495060,683760
R010769,378710007027,188700,524620,713320
R010770,378710007028,188700,561570,750270
R010771,378710007029,188700,821540,1010240
R010772,378710007044,188700,716430,905130
R010773,378710007031,215900,0,215900
R010774,378710007032,215900,0,215900
R010775,378710025001,0,679880,679880
R010776,378710025002,0,681370,681370
R010777,378710025004,0,571800,571800
R010778,378710025005,0,531850,531850
R010779,378710025006,0,586460,586460
R010780,378710026007,0,778810,778810
R010781,378710026008,0,647860,647860
R010782,378710026009,0,681440,681440
R010783,378710026010,0,739730,739730
R010784,378710026011,0,617750,617750
R010785,378710026012,0,572580,572580
R010786,378710026013,0,543950,543950
R010787,378710026014,0,617020,617020
R010788,378710027015,0,617470,617470
R010789,378710027016,0,617190,617190
R010790,378710027017,0,617300,617300
R010791,378710027018,0,617470,617470
R010792,378710025029,0,545490,545490
R010794,378710028021,0,744260,744260
R010795,378710028022,0,725650,725650
R010796,378710028023,0,725790,725790
R010797,378710028024,0,744260,744260
R010798,378710029025,0,631300,631300
R010800,378710029027,0,647180,647180
R010802,378710009001,0,445020,445020
R010803,378710009002,0,433900,433900
R010804,378710009003,0,433900,433900
R010805,378710009004,0,433900,433900
R010806,378710009005,0,433900,433900
R010807,378710009006,0,493770,493770
R010808,378710009007,0,433900,433900
R010809,378710009008,0,426210,426210
R010810,378710009009,0,482160,482160
R010811,378710009010,0,490680,490680
R010812,378710009011,0,490680,490680
R010813,378710009013,0,490680,490680
R010814,378710009014,0,503260,503260
R010815,378710009015,0,508320,508320
R010816,378710009016,0,495610,495610
R010817,378710009017,0,495610,495610
R010818,378710009018,0,495610,495610
R010819,378710009019,0,495610,495610
R010820,378710009020,0,495610,495610
R010821,378710009021,0,495610,495610
R010822,378710009022,0,508320,508320
R010823,378710009023,0,507450,507450
R010824,378710009024,0,494760,494760
R010825,378710009025,0,494760,494760
R010826,378710009026,0,494760,494760
R010827,378710009027,0,507450,507450
R010828,378710009028,0,450290,450290
R010829,378710009030,0,439040,439040
R010830,378710009031,0,439040,439040
R010831,378710009032,0,439790,439790
R010832,378710009033,0,451070,451070
R010833,378710009036,0,439040,439040
R010834,378710009039,0,490680,490680
R010836,378710010001,0,252500,252500
R010837,378710010004,0,246190,246190
R010838,378710010034,0,218780,218780
R010839,378710010006,0,252680,252680
R010840,378710010007,0,246370,246370
R010841,378710010010,0,230290,230290
R010842,378710010011,0,252500,252500
R010843,378710010012,0,246190,246190
R010844,378710010013,0,246190,246190
R010845,378710010014,0,218780,218780
R010846,378710010015,0,230500,230500
R010847,378710010016,0,213500,213500
R010848,378710010017,0,246370,246370
R010849,378710010018,0,252500,252500
R010850,378710010020,0,213310,213310
R010851,378710010023,0,252680,252680
R010852,378710010024,0,218780,218780
R010853,378710010025,0,213310,213310
R010854,378710010026,0,246190,246190
R010855,378710010027,0,279080,279080
R010856,378710010028,0,246370,246370
R010857,378710010029,0,246190,246190
R010858,378710010033,0,230290,230290
R010860,378710010032,0,246190,246190
R010861,378710011001,0,504070,504070
R010862,378710011002,0,466900,466900
R010863,378710011003,0,466900,466900
R010864,378710011004,0,552290,552290
R010865,378710011005,0,611220,611220
R010866,378710011006,0,595940,595940
R010867,378710011007,0,595940,595940
R010868,378710011008,0,643390,643390
R010869,378710011009,0,611220,611220
R010870,378710011010,0,611220,611220
R010871,378710012001,0,887360,887360
R010872,378710012002,0,887360,887360
R010873,378710012003,0,962380,962380
R010874,378710012004,0,962380,962380
R010875,378710012005,0,1075710,1075710
R010876,378710012006,0,1068760,1068760
R010877,378710013001,0,646900,646900
R010878,378710013002,0,646900,646900
R010879,378710013003,0,646900,646900
R010880,378710013004,0,646900,646900
R010881,378710013005,0,653700,653700
R010882,378710013006,0,646430,646430
R010883,378710013007,0,646430,646430
R010884,378710013008,0,651530,651530
R010885,378710013009,0,646430,646430
R010886,378710013010,0,646430,646430
R010887,378710013011,0,646430,646430
R010888,378710013040,0,646430,646430
R010889,378710013013,0,649100,649100
R010890,378710013014,0,649100,649100
R010891,378710013033,0,649100,649100
R010892,378710013016,0,674610,674610
R010893,378710013017,0,649100,649100
R010894,378710013018,0,649100,649100
R010897,378710013021,0,616600,616600
R010898,378710013022,0,649100,649100
R010899,378710014001,0,823720,823720
R010900,378710014002,0,581800,581800
R010901,378710014003,0,690850,690850
R010903,378710014005,0,690850,690850
R010905,378710014007,0,804270,804270
R010908,378710014011,0,690850,690850
R010909,378710014012,0,725390,725390
R010912,378711000018,562140,614540,1176680
R010913,378711000004,169040,381910,550950
R010914,378711000006,168200,362780,530980
R010921,378711000015,194340,1039340,1233680
R010922,378714000001,10740,0,10740
R010923,378714000005,175700,617150,792850
R010924,378714000006,150520,588300,738820
R010926,378714000021,199430,452320,651750
R010931,378714000014,9380,15830,25210
R010932,378714000015,178500,625390,803890
R010933,378714001001,123600,449570,573170
R010935,378714001003,123600,408180,531780
R010936,378714001004,123600,639360,762960
R010938,378714001006,123600,598500,722100
R010939,378714001007,123600,578900,702500
R010940,378714001008,123600,740790,864390
R010941,378714001009,123600,777270,900870
R010942,378714001010,123600,721700,845300
R010944,378714002001,123600,331600,455200
R010945,378714002002,123600,301480,425080
R010946,378714002003,142140,588300,730440
R010948,378714003002,107900,541210,649110
R010949,378714003003,107900,772070,879970
R010950,378714003022,107900,668990,776890
R010952,378714003007,107900,608310,716210
R010953,378714003008,107900,515630,623530
R010956,378714003046,107900,659090,766990
R010957,378714003044,107900,454840,562740
R010958,378714003036,107900,734540,842440
R010959,378714003037,107900,713810,821710
R010960,378714003039,107900,540960,648860
R010961,378714003023,107900,535080,642980
R010964,378714004001,107900,777080,884980
R010965,378714004002,107900,671010,778910
R010966,378714004003,107900,781400,889300
R010968,378714004005,107900,697600,805500
R010969,378714004006,107900,488000,595900
R010970,378714004007,107900,517650,625550
R010971,378714004054,107900,455020,562920
R010973,378714004055,215800,475320,691120
R010977,378714005024,107900,591260,699160
R010978,378714005023,107900,864920,972820
R010981,378714005022,107900,556260,664160
R010984,378714006061,107900,604890,712790
R010987,378714006050,107900,973700,1081600
R010988,378714006006,107900,531250,639150
R010989,378714006007,107900,1025840,1133740
R010990,378714006046,107900,790370,898270
R010994,378714006053,107900,782540,890440
R010995,378714006054,107900,632130,740030
R010996,378714006056,107900,1053430,1161330
R010997,378714006043,107900,605680,713580
R011000,378714201002,165000,435040,600040
R011001,378714201003,165000,431230,596230
R011002,378714201004,165000,458830,623830
R011003,378714201005,165000,499240,664240
R011004,378714201006,165000,464820,629820
R011005,378714201007,165000,435190,600190
R011006,378714201008,165000,458930,623930
R011007,378714201009,165000,386000,551000
R011008,378714201010,165000,360050,525050
R011009,378714201011,165000,439670,604670
R011010,378714201012,165000,459560,624560
R011011,378714201013,165000,410330,575330
R011012,378714201014,165000,440070,605070
R011013,378714201015,165000,410330,575330
R011014,378714201016,165000,326760,491760
R011015,378714201017,165000,382870,547870
R011016,378714201018,165000,531190,696190
R011017,378714201019,165000,407200,572200
R011018,378714201020,165000,492320,657320
R011019,378714201021,165000,440900,605900
R011020,378714201022,165000,486730,651730
R011021,378714201023,165000,404070,569070
R011022,378714201024,165000,370900,535900
R011023,378714201025,165000,450000,615000
R011024,378714201026,165000,455140,620140
R011027,378714201030,165000,506700,671700
R011029,378714201032,165000,382930,547930
R011030,378714201033,165000,423270,588270
R011031,378714201034,165000,527090,692090
R011032,378714201035,165000,405970,570970
R011033,378714201036,165000,431480,596480
R011034,378714201039,165000,391950,556950
R011035,378714201040,165000,435260,600260
R011036,378714201041,320,0,320
R011037,378714201051,165000,677510,842510
R011038,378714201046,165000,428960,593960
R011042,378717000002,177610,691210,868820
R011043,378717000003,4010,682630,686640
R011045,378723100002,125770,415020,540790
R011046,378723100003,126110,516120,642230
R011047,378723100006,223240,0,223240
R011048,378723100005,126680,478400,605080
R011051,378900000013,40,0,40
R011131,405100000019,44660,0,44660
R011134,398303300044,10700,0,10700
R011135,398300000029,37580,515460,553040
R011136,404918003031,52000,0,52000
R011137,326300000003,4470,12760,17230
R011139,404918004019,75000,0,75000
R011141,404918003033,26000,0,26000
R011142,405130006024,24000,0,24000
R011143,405118005037,30600,0,30600
R011144,404906001027,105000,0,105000
R011145,404906002018,40000,0,40000
R011146,326321401001,30000,486950,516950
R011147,405300000046,5570,391370,396940
R011148,397900000011,4760,0,4760
R011149,405700000024,81290,283120,364410
R011151,405107003001,24000,0,24000
R011154,405100000083,106690,0,106690
R011155,405130001013,30000,0,30000
R011156,404918004027,95000,217070,312070
R011157,404906002009,65000,5100,70100
R011158,316907001001,0,139300,139300
R011160,405100000042,141760,659730,801490
R011161,404918003001,77000,0,77000
R011162,325900000019,0,30710,30710
R011163,404907004066,105000,8770,113770
R011164,405119003024,15300,0,15300
R011165,398300000045,45420,113360,158780
R011166,398303300038,10700,363220,373920
R011167,397915401004,35000,503740,538740
R011168,404918004028,107000,207250,314250
R011169,404907006012,107000,473710,580710
R011170,326322101014,90000,321400,411400
R011171,326322101013,90000,910160,1000160
R011172,326300002006,3030,0,3030
R011174,326300000004,479140,3455370,3934510
R011175,404918005012,107000,321170,428170
R011176,404907004050,107000,261470,368470
R011177,404918003011,95000,267710,362710
R011178,405107003005,47250,885010,932260
R011179,404918005035,36000,0,36000
R011180,405119001010,16830,310340,327170
R011181,404907006016,61500,0,61500
R011182,404907006018,95000,400110,495110
R011183,398100000039,26690,0,26690
R011184,404907003014,119000,792650,911650
R011185,424300000059,109130,0,109130
R011186,404907006032,36000,0,36000
R011187,424300000037,68440,201430,269870
R011188,404918003017,81000,278870,359870
R011190,405130006017,16800,0,16800
R011191,404907006035,75000,9120,84120
R011192,317100000007,105720,200240,305960
R011194,424500000037,2160,0,2160
R011196,326500000004,17720,284980,302700
R011198,405130001026,26460,339300,365760
R011199,316907001005,0,111570,111570
R011200,398303300030,10700,0,10700
R011201,398304101031,87890,25420,113310
R011202,404906004007,95000,383790,478790
R011203,404918005005,40000,0,40000
R011204,404918005015,107000,206980,313980
R011205,326300000005,0,320080,320080
R011206,424700000002,14460,62480,76940
R011207,404907004040,40000,0,40000
R011208,398300000068,66590,210310,276900
R011209,405100003029,136860,1092500,1229360
R011213,424300000021,175370,0,175370
R011214,398303300033,10700,0,10700
R011215,405300000052,94970,0,94970
R011216,405700000027,13560,0,13560
R011217,404906003004,107000,225480,332480
R011218,325900000022,393650,1234690,1628340
R011219,398303400028,10700,0,10700
R011220,404918004009,107000,606570,713570
R011221,404907006045,56300,0,56300
R011222,405130003056,24000,0,24000
R011223,404907004032,105000,0,105000
R011225,404907004063,95000,500330,595330
R011226,316907001003,0,188370,188370
R011227,316900000027,25320,264480,289800
R011228,404918005003,52000,0,52000
R011229,404907006027,107000,528680,635680
R011231,398300000025,66080,0,66080
R011232,398300000086,40550,1064720,1105270
R011233,398300000087,27620,218100,245720
R011234,398303300031,10700,765700,776400
R011235,398303300021,10700,0,10700
R011236,398303400023,10700,417940,428640
R011237,404907006049,107000,0,107000
R011238,326322103010,90000,406020,496020
R011239,404907002004,95000,351130,446130
R011240,325900000006,64310,235150,299460
R011241,398100000042,9500,0,9500
R011242,404906001039,107000,291380,398380
R011244,397900000003,53500,133210,186710
R011245,404907004014,95000,645960,740960
R011246,398304101034,23250,0,23250
R011247,398300000040,2230,0,2230
R011248,405100001003,520000,0,520000
R011249,404907004001,40000,0,40000
R011251,405700000002,7890,0,7890
R011252,404918001006,119000,525580,644580
R011253,404918005007,40000,0,40000
R011254,398300000049,2070,0,2070
R011255,299500000043,27760,1286090,1313850
R011256,398100003005,520000,0,520000
R011257,325300000034,493650,128980,622630
R011258,404907006047,107000,325790,432790
R011259,405130003061,85800,485660,571460
R011260,398303300025,10700,0,10700
R011261,424300000027,68280,392170,460450
R011262,398100003020,520000,446230,966230
R011263,326100000002,928380,3239520,4167900
R011264,398303300009,10700,0,10700
R011265,398303300018,10700,203850,214550
R011266,404918005008,107000,221360,328360
R011267,404906004006,65000,0,65000
R011269,405500000016,78870,0,78870
R011272,326118000003,0,50610,50610
R011277,404918003039,81000,258230,339230
R011278,404918004001,65000,0,65000
R011279,405119001008,16830,265890,282720
R011280,404907007006,40000,0,40000
R011281,424300000032,14830,737590,752420
R011283,404907002009,107000,299150,406150
R011284,316900000024,7030,96460,103490
R011285,431700000003,82280,169060,251340
R011286,404907008005,107000,186140,293140
R011287,398300000063,151000,0,151000
R011288,404918003026,107000,265440,372440
R011289,405130005013,36000,218050,254050
R011290,404907006029,40000,0,40000
R011292,404900000005,383790,0,383790
R011293,404900000018,15640,0,15640
R011294,398300000046,288540,1309100,1597640
R011300,398100000045,23280,0,23280
R011301,316900000005,4450,0,4450
R011302,316900000015,2420,0,2420
R011303,316900000011,14990,266270,281260
R011304,404907003027,46800,0,46800
R011305,404907004034,107000,413380,520380
R011306,404906001018,36000,0,36000
R011307,424700000011,6900,0,6900
R011308,326321400002,47780,342740,390520
R011309,431300000003,20360,6760,27120
R011311,404918004020,105000,0,105000
R011312,404907004048,105000,0,105000
R011313,404906001026,40000,0,40000
R011314,405118003025,15300,0,15300
R011315,404906004004,49500,0,49500
R011316,424300000005,9940,0,9940
R011318,432100000002,2230,0,2230
R011319,424300000036,5320,0,5320
R011320,404918003035,81000,209960,290960
R011321,404918005044,107000,265580,372580
R011322,405300000102,33100,283070,316170
R011323,398303300019,10700,300540,311240
R011324,424300001009,42400,620,43020
R011325,424300000063,32990,712650,745640
R011326,424300000040,5250,0,5250
R011327,424300000049,38220,0,38220
R011328,431700000009,49550,0,49550
R011329,398303300022,10700,585070,595770
R011330,325900000017,211310,106150,317460
R011331,424300000043,0,23130,23130
R011332,299500000003,10140,0,10140
R011333,317100000006,50200,0,50200
R011334,317300000002,26440,0,26440
R011337,291500000086,80,0,80
R011339,405700000003,21240,0,21240
R011343,291533000014,8280,0,8280
R011344,299500000015,10730,0,10730
R011345,326300000012,7050,0,7050
R011350,291500000043,10010,0,10010
R011351,299900000004,24690,0,24690
R011353,316500000002,8230,0,8230
R011355,405300000009,12480,0,12480
R011358,291500000086,160,0,160
R011359,300300000002,5670,0,5670
R011360,299700000003,10730,0,10730
R011361,299900000009,8040,0,8040
R011362,299500000011,13550,0,13550
R011363,405100000008,9190,0,9190
R011371,317900000071,17650,0,17650
R011373,299500000029,1970,0,1970
R011374,299500000026,8040,0,8040
R011376,291533000020,7230,0,7230
R011378,325300000002,8830,0,8830
R011379,299500000016,20630,0,20630
R011380,299300000068,5040,0,5040
R011382,299700000004,11250,0,11250
R011388,299300000059,33850,0,33850
R011389,299900000003,7190,0,7190
R011390,299300000045,20260,0,20260
R011391,299900000012,4910,0,4910
R011392,317300000005,21180,0,21180
R011393,405300000038,44900,0,44900
R011394,325300000007,134520,0,134520
R011395,326300000014,157380,0,157380
R011396,299300000049,17650,0,17650
R011397,316700000003,9830,0,9830
R011399,299300000075,760,0,760
R011400,299300000069,11120,0,11120
R011402,299900000015,35220,0,35220
R011404,291500000086,160,0,160
R011406,317100000015,224110,0,224110
R011407,317100000004,24760,0,24760
R011409,405100000062,16630,0,16630
R011410,299500000028,5020,0,5020
R011411,317700000000,200,0,200
R011412,325700000000,240,0,240
R011413,325900000015,41070,102640,143710
R011414,398100003013,520000,0,520000
R011415,404918004006,105000,0,105000
R011416,405117002055,24000,0,24000
R011417,398303400005,10700,316570,327270
R011418,325300000000,230,0,230
R011419,404906001025,117000,1221150,1338150
R011420,404907006048,40000,0,40000
R011421,404907006002,81000,300800,381800
R011422,404906004002,40000,0,40000
R011423,405100000057,150330,767980,918310
R011424,404907006013,40000,0,40000
R011426,405130006033,71250,347500,418750
R011427,404900000153,6430,0,6430
R011429,404918003027,119000,249840,368840
R011435,404907004028,52000,0,52000
R011436,404907008011,107000,350430,457430
R011437,405118001010,47250,521150,568400
R011438,398300000057,43130,0,43130
R011439,404907006023,95000,382960,477960
R011440,404907008014,95000,238620,333620
R011441,405130006016,31500,0,31500
R011442,404907007002,52000,0,52000
R011443,404907004017,65000,0,65000
R011444,398303400025,10700,210690,221390
R011445,404907002002,49500,0,49500
R011446,325300000037,15590,0,15590
R011447,405117002075,75600,423540,499140
R011448,405130006003,47250,292010,339260
R011449,397900000006,9070,0,9070
R011451,424300000039,100380,207550,307930
R011452,404918004012,95000,0,95000
R011454,404906001004,95000,328910,423910
R011456,398300000054,2070,0,2070
R011457,404918003038,23400,0,23400
R011458,404907004056,40000,0,40000
R011459,398300000097,71840,0,71840
R011460,404918005014,52000,0,52000
R011462,326322102010,90000,353760,443760
R011463,398303201009,93000,79790,172790
R011466,404918000004,113430,0,113430
R011467,404900000152,131300,0,131300
R011468,398100000063,91760,0,91760
R011469,404907004008,49500,0,49500
R011470,398300000051,4130,0,4130
R011471,404906001015,107000,372970,479970
R011472,405118006017,15300,0,15300
R011473,398303300040,10700,174740,185440
R011474,404907003007,107000,533230,640230
R011475,398100003010,520000,334500,854500
R011476,404907006017,107000,188720,295720
R011477,404906003003,95000,494580,589580
R011478,404918005046,46800,0,46800
R011479,398100003023,520000,423350,943350
R011481,326322101005,90000,381290,471290
R011482,404907009003,119000,380690,499690
R011483,404906002011,105000,5830,110830
R011484,326322102005,90000,337420,427420
R011485,398100003019,520000,0,520000
R011487,405100001006,520000,398250,918250
R011488,405130003062,48000,0,48000
R011490,404918002006,107000,0,107000
R011491,404907006040,95000,187400,282400
R011492,404918005027,52000,0,52000
R011494,398303202019,87890,0,87890
R011496,404907004009,36000,0,36000
R011497,424300000065,45980,0,45980
R011499,398331002005,36000,0,36000
R011500,405300000104,1810,38570,40380
R011501,404918004017,107000,252500,359500
R011502,404907006022,40000,0,40000
R011503,405100000028,151000,472030,623030
R011504,404907006028,40000,0,40000
R011505,405100001004,520000,0,520000
R011507,405119001019,30000,0,30000
R011508,404918002004,52000,0,52000
R011509,404918001005,107000,266130,373130
R011510,398331002001,95000,551150,646150
R011512,326322102013,90000,0,90000
R011513,326322102012,90000,0,90000
R011514,316900000006,4450,0,4450
R011516,326322102009,90000,352270,442270
R011517,398100003017,520000,0,520000
R011518,404907006038,107000,271520,378520
R011519,404907003010,119000,317230,436230
R011520,398300002001,112120,737780,849900
R011521,404906002007,119000,431610,550610
R011523,326322103013,90000,527990,617990
R011524,404918003045,95000,0,95000
R011525,398300000059,2090,0,2090
R011526,398304101035,23250,0,23250
R011527,431700000004,31560,133600,165160
R011529,404907008013,95000,326600,421600
R011530,325900000003,225100,1101770,1326870
R011531,405300000085,31520,221130,252650
R011532,316900000003,29950,1587460,1617410
R011533,291527000005,38990,0,38990
R011534,397900000002,104720,824460,929180
R011535,404907006041,50000,0,50000
R011536,397911305020,2600,0,2600
R011537,404907008003,119000,538470,657470
R011538,325300000000,120,0,120
R011539,398303300042,10700,231090,241790
R011540,398303400020,10700,0,10700
R011541,404918003047,52000,0,52000
R011542,398100000022,94970,229490,324460
R011543,404918005032,95000,482620,577620
R011544,405120002003,16830,0,16830
R011545,405130006004,24000,0,24000
R011546,405117002050,30000,0,30000
R011547,405130002004,60000,0,60000
R011548,405118008001,30600,0,30600
R011549,326322103002,90000,600140,690140
R011551,405130005017,71250,441460,512710
R011553,398303400004,10700,0,10700
R011554,405130005006,25200,0,25200
R011555,404907004006,40000,0,40000
R011556,404906001017,105000,0,105000
R011557,398303400026,10700,510240,520940
R011558,398303300012,10700,465710,476410
R011560,424300000038,108250,175170,283420
R011561,398303300020,10700,0,10700
R011562,405119004019,16830,222500,239330
R011563,404907005006,107000,198390,305390
R011565,398331003004,36000,0,36000
R011566,398331003002,45500,0,45500
R011567,398300000001,96940,0,96940
R011568,398100000014,94720,383930,478650
R011570,404907004065,40000,0,40000
R011571,404918004016,40000,0,40000
R011572,404918005028,40000,0,40000
R011574,397915401003,35000,219540,254540
R011575,397911301001,1300,0,1300
R011578,404918003014,87000,6700,93700
R011579,404918003016,52000,0,52000
R011580,404907003024,107000,184330,291330
R011581,405300000116,135590,347200,482790
R011582,404900000064,2230,0,2230
R011583,398303300045,10700,338740,349440
R011584,404906002010,40000,0,40000
R011585,404907002003,105000,7630,112630
R011586,404907006026,95000,4410,99410
R011588,326322102008,90000,415360,505360
R011589,326322102011,90000,459830,549830
R011590,404907006008,95000,128150,223150
R011591,398331002003,40000,0,40000
R011592,404907004053,49500,0,49500
R011593,405700000011,20210,0,20210
R011594,326322103006,90000,663990,753990
R011597,325900000013,12850,43070,55920
R011598,325300000000,460,0,460
R011600,404907004007,105000,0,105000
R011602,404907004026,95000,287730,382730
R011603,405118006006,16830,426240,443070
R011604,404907004005,95000,380690,475690
R011605,404907006009,40000,0,40000
R011607,404907004062,50000,0,50000
R011608,405300000031,140700,261680,402380
R011609,404907004049,95000,337160,432160
R011610,404918004013,95000,265290,360290
R011612,404907006042,40000,0,40000
R011613,404918005049,47500,173800,221300
R011614,404906002023,71500,0,71500
R011615,404906002024,119000,0,119000
R011617,325300000035,45170,257620,302790
R011618,405130003024,48000,0,48000
R011619,405118006001,15300,0,15300
R011620,404907004004,95000,300280,395280
R011622,404918004026,40000,8770,48770
R011623,325300000038,48130,234850,282980
R011624,404906002001,40000,0,40000
R011625,404906001006,95000,453080,548080
R011626,405118001002,24000,0,24000
R011627,404907008002,107000,252000,359000
R011628,398300000088,2950,0,2950
R011629,398300000060,25710,137470,163180
R011630,424300000041,208240,596500,804740
R011631,325900000004,265330,1288810,1554140
R011632,405118006005,15300,0,15300
R011633,405117004001,15300,0,15300
R011634,404907004044,36000,0,36000
R011635,404907004015,95000,403110,498110
R011636,404907006033,36000,0,36000
R011637,404907004003,40000,0,40000
R011638,398300000067,62370,0,62370
R011639,398300000041,26290,543400,569690
R011640,398100003003,520000,337720,857720
R011641,404918003008,40000,0,40000
R011642,404918004007,95000,0,95000
R011643,405130006021,37800,429740,467540
R011644,405130006020,24000,0,24000
R011645,404907008009,52000,0,52000
R011646,398300000043,141760,573160,714920
R011648,404906002017,49500,11740,61240
R011649,404907004058,95000,0,95000
R011650,404918003049,107000,228290,335290
R011651,405300000036,76090,395210,471300
R011652,404918003032,95000,232270,327270
R011653,404907003021,75000,6220,81220
R011654,404907007001,95000,416280,511280
R011655,326321401003,30000,0,30000
R011656,404906001002,95000,539860,634860
R011657,398303300010,10700,0,10700
R011659,405130001019,37800,439870,477670
R011660,398303300003,10700,249060,259760
R011661,398303300004,10700,0,10700
R011662,404907006010,40000,0,40000
R011663,404906001007,40000,0,40000
R011665,405130007005,16830,0,16830
R011667,404918005031,105000,5830,110830
R011668,404918004023,107000,295460,402460
R011669,405100001007,520000,538270,1058270
R011670,404918005021,119000,219580,338580
R011671,404907004037,52000,0,52000
R011672,404907004033,52000,0,52000
R011673,404918004029,61500,0,61500
R011674,405300000053,141760,121020,262780
R011675,404907004039,40000,0,40000
R011676,405119001011,30600,706770,737370
R011678,398100003021,520000,0,520000
R011680,404906002012,65000,8490,73490
R011682,326322102007,90000,0,90000
R011683,316907001002,0,156310,156310
R011684,404907009001,105000,5830,110830
R011685,405130001020,25200,0,25200
R011686,424500000016,262570,0,262570
R011687,398300000070,93470,33740,127210
R011688,398300000031,25900,262510,288410
R011689,404918003042,107000,0,107000
R011690,404918003048,95000,282950,377950
R011691,405300000071,1680,0,1680
R011692,405300000105,99720,376820,476540
R011694,398303400018,10700,296130,306830
R011695,398303400008,10700,123420,134120
R011696,398303400032,10700,300220,310920
R011697,299500000025,29980,256650,286630
R011698,405130001021,24000,0,24000
R011699,405119004001,16830,0,16830
R011700,404900000063,27850,528090,555940
R011701,404907006053,52000,0,52000
R011702,404906004008,91000,0,91000
R011703,404918002003,119000,264350,383350
R011704,397900000008,3390,0,3390
R011705,404907004023,107000,325840,432840
R011706,398303400013,10700,247660,258360
R011707,404918005013,119000,310430,429430
R011708,404907002008,107000,0,107000
R011709,405130003034,99600,280700,380300
R011711,404907004011,75000,0,75000
R011712,404918004018,95000,345920,440920
R011713,326322103005,90000,239070,329070
R011714,404907003015,119000,236280,355280
R011715,326322101004,90000,847300,937300
R011716,398331002004,95000,0,95000
R011717,398304101027,23250,0,23250
R011718,404907003004,40000,0,40000
R011719,404918003004,107000,184070,291070
R011720,404918005016,95000,263940,358940
R011722,404906003001,107000,184440,291440
R011723,398303400015,10700,199780,210480
R011724,398303400014,10700,0,10700
R011725,404918002002,107000,505790,612790
R011726,398303400027,10700,287400,298100
R011727,404907006015,40000,0,40000
R011728,404907004045,40000,0,40000
R011730,398303400033,10700,209690,220390
R011731,326321401002,30000,188580,218580
R011732,325900000007,54020,576570,630590
R011733,404907006036,40000,0,40000
R011734,404907004051,95000,299570,394570
R011735,404906001003,40000,0,40000
R011736,405130003030,37800,71890,109690
R011737,404907007005,107000,361090,468090
R011738,404918003019,45500,0,45500
R011739,404907004030,95000,184780,279780
R011740,404918003023,52000,0,52000
R011741,404918003028,23400,0,23400
R011742,404918003022,52000,0,52000
R011743,398100000047,10,0,10
R011744,398100000044,1900,0,1900
R011746,326322101011,90000,545140,635140
R011747,326322102006,180000,240940,420940
R011748,405300000114,57210,39770,96980
R011749,404918005009,119000,553850,672850
R011750,398303300046,10700,129210,139910
R011751,404907003006,52000,0,52000
R011752,398303400034,10700,300590,311290
R011753,405118007014,15300,0,15300
R011754,405130003003,24000,0,24000
R011755,404907004067,107000,338180,445180
R011756,404918003043,107000,0,107000
R011757,404906001023,95000,0,95000
R011758,405130001022,47250,673730,720980
R011759,404918004004,95000,156770,251770
R011760,404906004009,95000,479230,574230
R011761,405700000004,6130,0,6130
R011762,404918005042,105000,11400,116400
R011763,404918005037,95000,436760,531760
R011765,404918005038,65000,0,65000
R011766,404907005004,61500,0,61500
R011767,404907007003,95000,300150,395150
R011768,404907003023,107000,308010,415010
R011770,404907006050,26000,0,26000
R011771,398303300026,10700,0,10700
R011772,405119004021,24000,0,24000
R011773,405107003008,37800,193050,230850
R011774,404906001012,36000,0,36000
R011775,404906002013,57600,0,57600
R011777,398303400029,10700,0,10700
R011778,398303400017,10700,0,10700
R011779,404907002006,40000,0,40000
R011780,404918003012,46800,0,46800
R011781,404907005003,107000,436110,543110
R011782,404907006039,57600,0,57600
R011783,405119004015,16800,0,16800
R011784,405130006014,16800,0,16800
R011785,398303400030,10700,160970,171670
R011786,404918003025,70000,0,70000
R011787,405130003039,24000,0,24000
R011788,404907004042,59500,0,59500
R011789,404906001034,95000,367650,462650
R011790,404907008004,52000,13190,65190
R011792,404918004030,40000,0,40000
R011793,398331003003,119000,345630,464630
R011794,405100000058,29000,0,29000
R011795,398300000053,2040,0,2040
R011796,404907003025,40000,0,40000
R011797,405130003031,24000,0,24000
R011798,404906001037,95000,321920,416920
R011800,404918003029,81000,406250,487250
R011801,404918005004,95000,218360,313360
R011802,404907004038,52000,0,52000
R011803,326322101010,90000,0,90000
R011804,326322101007,90000,0,90000
R011805,431700000005,342260,1139730,1481990
R011806,404907009008,40000,0,40000
R011807,398303400021,10700,0,10700
R011808,404906002019,26000,0,26000
R011809,404913001009,15300,0,15300
R011811,405119001016,24000,0,24000
R011812,404906001035,40000,0,40000
R011813,404907003020,129000,8770,137770
R011815,405119004017,30000,0,30000
R011816,398303300039,10700,0,10700
R011817,404907004041,45500,0,45500
R011818,397900000009,16900,0,16900
R011820,404907003019,117000,0,117000
R011821,398303300001,10700,0,10700
R011822,398303300014,10700,0,10700
R011823,404918002008,81000,267160,348160
R011824,404918002005,119000,371730,490730
R011825,397900000042,6760,0,6760
R011828,405300000006,1130,433050,434180
R011829,398331002007,107000,502860,609860
R011831,398303300011,10700,0,10700
R011832,405117002051,36000,320540,356540
R011833,398303300035,10700,0,10700
R011834,404918003024,81000,304570,385570
R011835,404907003002,119000,239030,358030
R011836,326322101012,90000,29220,119220
R011837,404907006001,46800,0,46800
R011838,405300000037,76090,215740,291830
R011839,404918004025,40000,0,40000
R011843,398100000040,480,0,480
R011844,404907003013,92000,0,92000
R011847,404906001010,40000,0,40000
R011848,404907004016,95000,474350,569350
R011849,404907004002,49500,0,49500
R011850,404907003026,95000,426890,521890
R011851,405118002001,15300,376670,391970
R011853,398303300015,10700,0,10700
R011854,405119004010,15300,0,15300
R011855,316900000020,25530,679450,704980
R011856,398300000075,7950,559270,567220
R011857,398303300041,10700,167030,177730
R011858,398303300032,10700,0,10700
R011859,398303400006,10700,0,10700
R011860,405500000004,1080,0,1080
R011861,405120003021,16830,241420,258250
R011862,405120003020,50400,0,50400
R011863,325900000005,96470,347270,443740
R011864,398303400001,10700,123880,134580
R011865,404918005029,107000,306740,413740
R011866,326322103001,90000,231930,321930
R011867,404906002015,81000,228040,309040
R011868,404907009005,95000,394980,489980
R011869,404906002008,107000,245530,352530
R011870,326321401006,320,0,320
R011871,398303400016,10700,245990,256690
R011873,424300000024,560,163180,163740
R011874,398303400019,10700,283690,294390
R011875,404918004022,95000,582980,677980
R011876,404918002007,64000,0,64000
R011877,404907009002,107000,306200,413200
R011878,404918005017,52000,0,52000
R011879,404907006003,107000,476690,583690
R011880,404907006004,52000,0,52000
R011881,398100003006,520000,0,520000
R011882,405300000029,1690,202110,203800
R011883,405300000121,67910,545030,612940
R011884,398331002008,107000,327240,434240
R011885,404918004024,40000,0,40000
R011886,404907004025,105000,0,105000
R011887,404918003034,119000,333050,452050
R011888,404906001019,36000,0,36000
R011889,398300000013,26720,0,26720
R011890,398303400009,10700,168680,179380
R011891,404918001004,52000,0,52000
R011892,404918003013,95000,293650,388650
R011894,404907003001,64000,0,64000
R011895,299900000023,33060,146140,179200
R011896,404907008015,50000,0,50000
R011897,404906002021,40000,0,40000
R011898,398303400031,10700,0,10700
R011899,405100001008,520000,0,520000
R011900,326322103004,90000,436000,526000
R011901,326322102003,90000,365400,455400
R011902,326322102004,90000,0,90000
R011903,404907004018,95000,311890,406890
R011904,404907004057,95000,0,95000
R011906,405130001024,17640,687310,704950
R011907,299300000053,6280,0,6280
R011908,405130001023,24000,0,24000
R011909,404918005036,40000,0,40000
R011910,404918004021,80000,6160,86160
R011911,404907002001,75000,0,75000
R011912,405130005018,71250,318150,389400
R011913,405130003058,75600,183970,259570
R011914,404906003005,117000,0,117000
R011915,404906002004,95000,327560,422560
R011917,404918003036,107000,231500,338500
R011919,398300000042,24830,39000,63830
R011920,404918005001,40000,0,40000
R011921,398303300034,10700,312320,323020
R011923,405130001015,47250,502420,549670
R011925,398100003024,346660,0,346660
R011926,404907006031,46800,0,46800
R011927,404907004043,52000,13440,65440
R011928,398303400012,10700,0,10700
R011929,405130005009,24000,0,24000
R011930,404907004064,61500,0,61500
R011931,404918004008,36000,0,36000
R011932,316907001004,0,192270,192270
R011933,404907002007,52000,0,52000
R011934,299500000000,180,0,180
R011935,424500000030,560,0,560
R011936,424300000057,19770,328960,348730
R011937,404907002005,40000,0,40000
R011938,404900000090,2230,0,2230
R011939,398331002006,49500,0,49500
R011941,404907004046,95000,179450,274450
R011942,404907003005,40000,0,40000
R011943,397911301003,1300,0,1300
R011945,404907004010,36000,0,36000
R011946,405130006023,47250,432980,480230
R011947,404907008012,105000,0,105000
R011949,404906001009,40000,0,40000
R011951,404907009004,40000,0,40000
R011952,404918003021,81000,270230,351230
R011957,404907005007,40000,0,40000
R011958,404907009007,95000,193730,288730
R011959,405117005002,15300,0,15300
R011963,404900000072,2230,0,2230
R011964,326322103012,90000,410620,500620
R011965,404906004003,107000,434590,541590
R011966,404907006037,95000,0,95000
R011967,404907003018,64000,0,64000
R011968,404907003017,119000,0,119000
R011969,404907004029,95000,435290,530290
R011970,404907004031,95000,0,95000
R011971,404907004036,36000,0,36000
R011972,404918005045,36000,0,36000
R011973,404918003020,107000,0,107000
R011975,405120002002,20960,281960,302920
R011976,404907003003,40000,0,40000
R011978,398100003014,520000,331460,851460
R011979,404918005024,59500,0,59500
R011980,404918005025,52000,0,52000
R011981,404906001011,95000,402180,497180
R011983,405130001003,30000,0,30000
R011984,326321400001,19360,1109660,1129020
R011985,404906001032,36000,0,36000
R011986,404918001001,52000,0,52000
R011988,404918003037,107000,449270,556270
R011991,405117002048,37800,386470,424270
R011992,404907004061,95000,192280,287280
R011993,404907003009,73500,0,73500
R011994,404907006030,40000,0,40000
R011995,325700000118,0,1120660,1120660
R011997,404900000066,2230,0,2230
R011999,404900000142,490,0,490
R012001,404900000008,225140,0,225140
R012002,405100000076,2090,0,2090
R012003,405130001011,47250,399450,446700
R012004,326322102001,90000,739740,829740
R012006,398300000004,45020,0,45020
R012009,299500000027,5040,0,5040
R012010,326322103011,90000,560660,650660
R012011,404907003022,61500,0,61500
R012012,398100003004,520000,0,520000
R012013,404918003044,107000,236230,343230
R012015,405300000077,530980,666760,1197740
R012016,405119004018,37800,0,37800
R012017,398100003016,520000,419920,939920
R012018,398331002002,40000,0,40000
R012020,398303300007,10700,402500,413200
R012021,398303300028,10700,141250,151950
R012022,424300000055,134770,255400,390170
R012023,398100003022,520000,0,520000
R012024,404907008007,52000,0,52000
R012025,404907004027,107000,275300,382300
R012026,326322102002,90000,473040,563040
R012027,398300000048,5360,0,5360
R012028,405130007004,15300,0,15300
R012029,404907004019,40000,0,40000
R012031,431500000005,4510,0,4510
R012043,404907003011,89000,0,89000
R012044,404906002016,119000,414550,533550
R012045,404918004003,40000,0,40000
R012046,405130001008,30000,0,30000
R012047,404918001003,107000,497310,604310
R012048,404918003030,107000,339950,446950
R012049,404906001020,119000,417200,536200
R012050,404918005047,119000,509990,628990
R012052,405300000109,93560,1350620,1444180
R012053,397900000000,1170,0,1170
R012054,397900000000,1170,0,1170
R012055,404906002006,105000,8770,113770
R012056,398303300043,10700,0,10700
R012057,404907004060,95000,476710,571710
R012058,326322101009,90000,456630,546630
R012059,404918005018,119000,234460,353460
R012060,405100000034,142930,0,142930
R012061,325300000000,230,0,230
R012062,405119004016,15300,35030,50330
R012063,404918005006,107000,214760,321760
R012064,404907006007,46800,0,46800
R012065,405300000011,21080,507610,528690
R012068,404900000151,9600,0,9600
R012069,404900000050,16380,0,16380
R012070,404900000159,215360,261860,477220
R012071,404906001001,40000,0,40000
R012072,404907004024,40000,0,40000
R012073,404907008001,52000,0,52000
R012074,404907006019,119000,190670,309670
R012075,398331001001,40000,0,40000
R012078,398303300002,10700,215780,226480
R012079,326300000015,15810,1008620,1024430
R012080,326322103003,90000,550360,640360
R012081,398303400022,10700,268290,278990
R012082,398303400024,10700,0,10700
R012083,405119004031,15300,0,15300
R012085,405119001004,15300,0,15300
R012086,405119001005,15300,0,15300
R012087,405300000030,34420,42580,77000
R012088,405300000042,151000,0,151000
R012089,404918005030,36000,0,36000
R012091,405119000004,18570,0,18570
R012093,404918005033,119000,555590,674590
R012094,424700000006,325850,660050,985900
R012095,404918004011,95000,287930,382930
R012096,405119001009,15300,0,15300
R012097,404906001016,40000,0,40000
R012098,404907006044,119000,284040,403040
R012099,405119001017,24000,0,24000
R012100,398303400035,10700,125210,135910
R012101,405130006029,50400,0,50400
R012102,405119004020,15300,0,15300
R012103,404907003008,95000,232270,327270
R012104,398100000013,142040,0,142040
R012105,326322101001,90000,304460,394460
R012106,404918005039,107000,548970,655970
R012107,405120002010,16830,237060,253890
R012108,404918005020,107000,224480,331480
R012109,404907009006,95000,13150,108150
R012110,404907006046,119000,360050,479050
R012113,404918003018,81000,206200,287200
R012114,404907004055,105000,0,105000
R012115,404907006011,40000,0,40000
R012116,405100001005,520000,0,520000
R012118,325300000000,230,0,230
R012119,404906001040,81000,262290,343290
R012120,404907006034,95000,335080,430080
R012121,404907006052,77000,0,77000
R012123,431300000027,3310,446990,450300
R012124,404918005043,92000,0,92000
R012125,404918005010,52000,0,52000
R012126,316900000025,24530,48610,73140
R012127,316900000030,86320,11480,97800
R012130,316900000022,810,0,810
R012133,404907004047,95000,276660,371660
R012135,397911301021,1300,0,1300
R012136,326322103008,90000,185210,275210
R012137,405300000118,11700,596480,608180
R012139,405130004006,31500,0,31500
R012140,405118002002,16830,0,16830
R012142,398300000085,10700,317910,328610
R012143,404918005019,119000,762450,881450
R012144,404918004005,95000,438950,533950
R012145,405130005010,25200,211930,237130
R012147,398331002009,119000,0,119000
R012148,398300000044,26200,123970,150170
R012149,405130005007,36000,166390,202390
R012150,405130005008,24000,0,24000
R012151,404906001024,36000,0,36000
R012152,404906001014,40000,263260,303260
R012153,404907005008,107000,509840,616840
R012154,398100003001,520000,476250,996250
R012156,405130006025,60000,0,60000
R012158,404918005034,92000,0,92000
R012159,404906001029,40000,0,40000
R012160,404907004012,40000,0,40000
R012161,404907004013,40000,0,40000
R012162,405130001002,30000,0,30000
R012163,404907004054,36000,0,36000
R012164,404907004059,36000,0,36000
R012165,398300000019,8400,0,8400
R012166,398303202027,46500,0,46500
R012168,405117002054,30000,0,30000
R012169,398303400011,10700,0,10700
R012172,404918001002,107000,302810,409810
R012173,404906001022,50000,0,50000
R012174,404907006051,65000,0,65000
R012175,404907006043,40000,0,40000
R012176,398100003009,520000,0,520000
R012177,398303300006,10700,0,10700
R012178,405130001010,94500,290230,384730
R012179,404918003015,107000,298590,405590
R012181,398300000080,8000,130860,138860
R012185,424300000051,7890,238130,246020
R012186,326322101008,90000,494020,584020
R012187,405130003007,37800,204790,242590
R012188,404906003002,95000,329360,424360
R012190,404918005011,147000,0,147000
R012192,398303202018,65100,0,65100
R012193,398331003001,36000,0,36000
R012194,404907008006,52000,0,52000
R012196,398331003005,107000,0,107000
R012198,404907006025,40000,0,40000
R012199,405118006018,15300,275520,290820
R012200,398300000052,2140,0,2140
R012201,326322103009,90000,449680,539680
R012202,398303400007,10700,0,10700
R012203,404900000076,26290,339560,365850
R012204,299300000056,9360,0,9360
R012206,317300000003,7860,0,7860
R012207,325300000004,74720,0,74720
R012208,291527000002,65300,0,65300
R012209,405300000033,77070,0,77070
R012210,299900000019,870,0,870
R012211,405700000005,9300,0,9300
R012213,291500000086,80,0,80
R012214,325300000005,37600,0,37600
R012216,291500000086,160,0,160
R012218,299500000013,5040,0,5040
R012219,291500000086,80,0,80
R012220,405100000011,9190,0,9190
R012226,405100000017,26180,0,26180
R012227,405100000094,16630,6060,22690
R012231,299300000070,16680,0,16680
R012232,291500000086,80,0,80
R012233,299500000029,1970,0,1970
R012234,299900000005,4500,0,4500
R012235,405100000014,3280,0,3280
R012236,291527000003,67400,211910,279310
R012237,405300000039,1730,0,1730
R012243,405700000009,23730,0,23730
R012244,299500000014,66670,379350,446020
R012245,317900000000,120,0,120
R012252,405300000019,30170,308460,338630
R012255,299900000018,12530,0,12530
R012259,405300000020,76650,0,76650
R012260,405100000006,20070,0,20070
R012262,299300000062,10900,0,10900
R012263,299700000006,9110,0,9110
R012264,299300000067,13160,0,13160
R012265,405100000007,7470,0,7470
R012268,431700000002,8180,0,8180
R012269,405100000012,9190,0,9190
R012270,325303000002,173630,887240,1060870
R012272,299700000001,6170,0,6170
R012273,405300000040,5310,0,5310
R012274,405700000006,18530,0,18530
R012275,299300000034,30570,0,30570
R012276,299500000010,8040,0,8040
R012277,405700000010,5930,0,5930
R012279,405700000008,4910,0,4910
R012280,299500000023,580,0,580
R012286,299900000008,7230,0,7230
R012287,299500000030,24610,0,24610
R012288,300100000003,10600,0,10600
R012291,405700000013,6240,0,6240
R012292,405700000012,19280,0,19280
R012293,299500000002,11060,0,11060
R012295,299300000086,19620,0,19620
R012296,317900000026,38920,0,38920
R012297,299300000026,11060,0,11060
R012299,405100000010,9190,0,9190
R012300,299900000013,19330,0,19330
R012305,299500000009,20270,0,20270
R012306,398300000000,1820,0,1820
R012308,424100000000,6540,0,6540
R012309,325500000000,180,0,180
R012310,378100000000,3510,0,3510
R012312,325300000000,200,0,200
R012313,317700000000,230,0,230
R012314,325700000000,110,0,110
R012315,404900000000,14770,0,14770
R012316,398300000000,27720,0,27720
R012317,405300000000,360,0,360
R012318,398300000000,240,0,240
R012319,325300000000,1810,0,1810
R012320,405100000000,5200,0,5200
R012321,325700000000,100,0,100
R012322,325700000000,140,0,140
R012323,405100000000,18070,0,18070
R012324,404906001008,95000,571130,666130
R012325,398100000061,15200,36710,51910
R012326,398100000012,66930,0,66930
R012328,398300000094,770,0,770
R012329,404900000092,9110,0,9110
R012332,326500000002,3910,0,3910
R012334,405100001009,520000,228540,748540
R012335,424700000007,490390,381240,871630
R012336,424700000003,349540,385330,734870
R012338,404900000071,94970,0,94970
R012339,404900000078,24030,30310,54340
R012340,404900000075,25610,116930,142540
R012342,404900000074,2230,0,2230
R012343,404900000070,2950,0,2950
R012344,404900000073,141760,98080,239840
R012345,404900000083,26290,291810,318100
R012347,404900000082,25610,93430,119040
R012348,398300000015,42800,582310,625110
R012349,405300000054,14920,187390,202310
R012351,404900000077,141760,343620,485380
R012352,404900000089,26290,499840,526130
R012354,424500000015,58960,405130,464090
R012359,405119004025,15300,0,15300
R012361,405118001014,61800,386280,448080
R012362,326322103007,90000,405430,495430
R012363,405100000059,115580,0,115580
R012364,404900000065,25610,158060,183670
R012365,405100000022,94970,353630,448600
R012367,404900000054,30180,104890,135070
R012368,404900000069,25610,253630,279240
R012369,404900000098,32320,320570,352890
R012371,424500000022,85380,810380,895760
R012372,299500000000,200,0,200
R012373,316900000019,1570,0,1570
R012377,326322101003,90000,0,90000
R012378,405108002023,60000,417130,477130
R012380,404900000062,25610,330090,355700
R012383,404900000080,141760,269650,411410
R012384,404900000084,25610,368440,394050
R012385,404900000088,2230,0,2230
R012386,404900000057,25610,189920,215530
R012387,405108002008,24000,0,24000
R012388,405130006022,24000,0,24000
R012390,404900000061,141760,0,141760
R012391,404900000067,141760,191460,333220
R012392,398100000017,143870,92170,236040
R012393,404900000056,2230,0,2230
R012395,405300000049,31520,174150,205670
R012397,404900000059,37010,300160,337170
R012398,404900000085,2230,0,2230
R012401,424500000004,104720,983360,1088080
R012403,404918005026,95000,494310,589310
R012414,398100000002,94970,234500,329470
R012415,398100000020,94970,0,94970
R012417,352500000013,7440,0,7440
R012419,404907008008,49500,7680,57180
R012420,404918003046,40000,0,40000
R012421,404918003041,95000,0,95000
R012422,404906001038,95000,0,95000
R012423,404906001021,105000,0,105000
R012424,404907005005,95000,250380,345380
R012425,404907004021,95000,330350,425350
R012426,398331001002,36000,0,36000
R012427,398303400002,10700,0,10700
R012428,398303400010,10700,0,10700
R012429,398303300016,10700,594220,604920
R012431,405130005001,126000,0,126000
R012433,326322101006,90000,427890,517890
R012434,397915401002,35000,474010,509010
R012437,326322101002,90000,714820,804820
R012438,405130001014,47250,530090,577340
R012440,404907004022,40000,0,40000
R012441,405130003006,24000,0,24000
R012442,398300000002,20750,0,20750
R012443,405100001001,520000,0,520000
R012444,325300000045,6220,105730,111950
R012446,404918005040,119000,155320,274320
R012447,405117002049,24000,0,24000
R012448,404918003040,95000,7550,102550
R012449,404907003016,64000,13290,77290
R012450,404907007004,77000,0,77000
R012451,398303400003,10700,0,10700
R012452,404918003002,107000,258370,365370
R012453,404918005023,119000,272680,391680
R012454,398300000027,120940,377600,498540
R012455,405130001012,47250,352760,400010
R012456,405120002001,16830,189990,206820
R012457,405130003026,37800,294860,332660
R012458,405130003027,24000,0,24000
R012459,404907006020,40000,0,40000
R012460,405120002013,20960,295140,316100
R012461,404918005048,107000,152850,259850
R012462,404918003006,105000,0,105000
R012463,404918003005,95000,249820,344820
R012464,405130001025,24000,0,24000
R012465,405300000055,51800,151100,202900
R012466,404918003010,95000,0,95000
R012467,404918003009,36000,0,36000
R012468,404918003007,95000,179270,274270
R012470,325900000020,196750,1148710,1345460
R012471,398300000058,25610,228730,254340
R012472,404907008010,119000,296380,415380
R012473,404918002001,57600,0,57600
R012474,404906001013,95000,497650,592650
R012475,404907006021,65000,0,65000
R012477,325300000000,120,0,120
R012478,316900000000,1900,0,1900
R012479,325300000000,460,0,460
R012482,398300000050,2470,91460,93930
R012483,424500000011,9180,587250,596430
R012484,424300000054,10,278820,278830
R012485,424300000064,28830,1066910,1095740
R012491,404918004014,36000,0,36000
R012492,404918004010,40000,0,40000
R012493,404918003003,81000,0,81000
R012495,404907004052,40000,0,40000
R012496,404906004001,107000,7430,114430
R012497,404918004002,65000,0,65000
R012500,397900000000,1170,0,1170
R012501,404907006024,95000,352600,447600
R012502,404907006014,65000,0,65000
R012503,404907005001,107000,577820,684820
R012510,317500000046,43990,80030,124020
R012514,317500000012,980,0,980
R012515,317500000029,900,0,900
R012516,317500000014,980,0,980
R012517,317500000015,17730,0,17730
R012519,317500000017,4470,0,4470
R012522,317700000166,2250,0,2250
R012525,317700000165,6710,1060,7770
R012528,317700000007,16240,0,16240
R012529,317700000008,49180,0,49180
R012530,317700000009,23960,0,23960
R012532,317700000167,132020,0,132020
R012535,317700000146,184850,85410,270260
R012538,317700000017,15640,0,15640
R012539,317700000018,560,0,560
R012540,317700000171,6420,0,6420
R012541,317700000020,840,0,840
R012542,317700000020,840,0,840
R012543,317700000022,22140,0,22140
R012544,317700000178,2290,0,2290
R012545,317700000152,25010,0,25010
R012553,317700000032,5040,0,5040
R012554,317700000106,3790,0,3790
R012555,317700000034,6330,0,6330
R012556,317700000035,1130,0,1130
R012562,317727300022,950,0,950
R012563,317727300021,500,0,500
R012564,317727300023,2870,0,2870
R012565,317727300024,803760,1794980,2598740
R012566,317727300026,5090,0,5090
R012567,317700000050,5450,0,5450
R012569,317700000052,1560,0,1560
R012572,317700000147,2280,0,2280
R012573,317700000059,1261010,1804470,3065480
R012575,317700000062,0,1509170,1509170
R012577,317700000137,0,89780,89780
R012582,317700000151,25600,0,25600
R012583,317727300029,992250,3891770,4884020
R012599,317703000041,4500,240940,245440
R012600,317703000019,4500,205320,209820
R012601,317703000043,1220,0,1220
R012602,317703000042,4500,174050,178550
R012603,317703000022,4500,163010,167510
R012604,317703000024,104030,0,104030
R012605,317703000025,3510,0,3510
R012606,317703000045,39480,155580,195060
R012611,317703000032,101190,0,101190
R012614,317703000035,20550,204510,225060
R012619,317703001028,220000,0,220000
R012622,317703001024,55000,0,55000
R012623,317703001007,55000,0,55000
R012624,317703001008,55000,0,55000
R012625,317703001026,55000,0,55000
R012626,317703001025,55000,0,55000
R012627,317703001030,220000,50670,270670
R012631,317703001029,55000,0,55000
R012633,317710100001,15500,0,15500
R012634,317710100019,128970,306740,435710
R012635,317710100003,15030,246530,261560
R012636,317710100004,8400,0,8400
R012637,317710100005,8400,0,8400
R012638,317710100013,15530,442960,458490
R012640,317710100008,47520,233520,281040
R012641,317710100009,28000,373210,401210
R012644,317710100012,8400,0,8400
R012648,317722202001,305600,585430,891030
R012649,317722202018,351440,1188400,1539840
R012650,317722202003,305600,941790,1247390
R012651,317722202004,305600,0,305600
R012652,317722202005,351440,1813290,2164730
R012653,317722202006,351440,155090,506530
R012654,317722202007,351440,1254940,1606380
R012655,317722202008,351440,0,351440
R012656,317722202009,369010,1317830,1686840
R012657,317722202010,369010,1386470,1755480
R012658,317722202011,401100,1869220,2270320
R012659,317722202012,305600,0,305600
R012660,317722202013,382000,1370290,1752290
R012661,317722202014,305600,0,305600
R012663,317722203029,401100,0,401100
R012664,317722203002,401100,1007170,1408270
R012665,317722203003,401100,1402190,1803290
R012666,317722203004,305600,1646630,1952230
R012667,317722203005,351440,1313320,1664760
R012668,317722203006,305600,0,305600
R012669,317722203007,351440,0,351440
R012670,317722203009,401100,1169980,1571080
R012671,317722203010,401100,0,401100
R012672,317722203028,702880,1202230,1905110
R012673,317722203012,305600,1864390,2169990
R012674,317722203013,305600,0,305600
R012675,317722203014,351440,1454720,1806160
R012676,317722203015,351440,1138770,1490210
R012677,317722203016,351440,0,351440
R012678,317722203017,305600,1073500,1379100
R012679,317722203018,351440,1575200,1926640
R012680,317722203019,351440,0,351440
R012681,317722203020,305600,1302400,1608000
R012683,317722203022,401100,1694990,2096090
R012685,317722203027,401100,1216310,1617410
R012687,317722204017,702880,1208070,1910950
R012688,317722204003,351440,1145880,1497320
R012689,317722204004,351440,1716040,2067480
R012690,317722204005,351440,1125660,1477100
R012691,317722204006,369010,1353010,1722020
R012692,317722204007,305600,1144830,1450430
R012693,317722204008,351440,1745410,2096850
R012694,317722204015,351440,889840,1241280
R012695,317722204010,351440,1208870,1560310
R012696,317722204011,351440,1101190,1452630
R012697,317722204012,351440,1716510,2067950
R012698,317722205002,351440,0,351440
R012699,317722205003,351440,1213510,1564950
R012700,317722205020,351440,0,351440
R012701,317722205005,351440,1234320,1585760
R012702,317722205006,351440,1285010,1636450
R012703,317722205007,351440,1943730,2295170
R012704,317722205008,305600,1242270,1547870
R012705,317722205026,702880,1355720,2058600
R012707,317722205011,382000,1327000,1709000
R012708,317722205012,351440,1276900,1628340
R012709,317722205013,351440,0,351440
R012710,317722205014,351440,1830220,2181660
R012711,317722205015,351440,0,351440
R012712,317722205016,351440,1439590,1791030
R012714,317722205018,351440,1313650,1665090
R012715,317722205019,351440,0,351440
R012717,317722206017,519600,2048280,2567880
R012718,317722206003,259800,1244510,1504310
R012719,317722206018,259800,1029840,1289640
R012721,317722206008,298770,1640440,1939210
R012722,317722206009,324750,1920940,2245690
R012723,317722206010,324750,2044670,2369420
R012724,317722206011,259800,843620,1103420
R012725,317722206012,298770,0,298770
R012726,317722206013,259800,1798840,2058640
R012727,317722206014,259800,1286930,1546730
R012730,317722207001,340990,2398770,2739760
R012731,317722207002,340990,958970,1299960
R012732,317722207003,340990,1280450,1621440
R012733,317722207004,259800,1081470,1341270
R012734,317722207005,259800,1292030,1551830
R012735,317722207006,259800,1136400,1396200
R012736,317722207007,220830,0,220830
R012737,317722207008,259800,1172800,1432600
R012738,317722207009,259800,0,259800
R012739,317722207010,340990,1257400,1598390
R012740,317722303001,93600,850220,943820
R012744,317722301005,220830,1006600,1227430
R012746,317722301007,298770,543700,842470
R012747,317722301008,259800,1220080,1479880
R012752,317726300005,457780,0,457780
R012753,317726300006,653150,0,653150
R012754,317726301002,305600,0,305600
R012755,317726301003,259760,2451140,2710900
R012756,317726301004,397280,0,397280
R012757,317726301005,305600,2238120,2543720
R012758,317726301006,305600,2275190,2580790
R012759,317726301007,305600,2120690,2426290
R012760,317726301008,305600,2338280,2643880
R012761,317726301009,305600,3781680,4087280
R012762,317726301010,305600,3188730,3494330
R012763,317726301011,305600,1479120,1784720
R012764,317726301012,305600,1513240,1818840
R012765,317726301013,305600,1911470,2217070
R012767,317726301036,305600,2054690,2360290
R012768,317726301016,305600,2151500,2457100
R012770,317726301027,397280,2288380,2685660
R012773,317726301028,305600,2301960,2607560
R012774,317726301022,305600,2326750,2632350
R012775,317726301023,397280,2950790,3348070
R012776,317726301031,397280,2120970,2518250
R012777,317727300001,390,10210,10600
R012778,317727300001,390,10210,10600
R012779,317727300001,390,10210,10600
R012780,317727300001,390,10210,10600
R012781,317727300001,390,10210,10600
R012782,317727300001,390,10210,10600
R012783,317727300007,238200,1034090,1272290
R012784,317727300008,238200,267570,505770
R012785,317727300009,238200,951470,1189670
R012786,317727300010,238200,1125720,1363920
R012787,317727300011,238200,827630,1065830
R012788,317727300012,238200,0,238200
R012789,317727300013,30,0,30
R012790,317727300013,30,0,30
R012791,317727300013,30,0,30
R012792,317727300013,30,0,30
R012793,317727300013,30,0,30
R012794,317727300013,30,0,30
R012795,317728000001,2470,0,2470
R012797,317728000008,1505940,87910,1593850
R012798,317728001001,412110,0,412110
R012799,317728001002,412110,2868570,3280680
R012800,317728001003,412110,3325120,3737230
R012801,317728002001,525700,2636370,3162070
R012803,317728002003,525700,3340370,3866070
R012804,317728002004,525700,3114260,3639960
R012806,317728002006,525700,6260,531960
R012807,317728002007,525700,1843770,2369470
R012809,317728002009,525700,1645200,2170900
R012811,317728003001,657130,6210300,6867430
R012812,317728003002,525700,1955490,2481190
R012813,317728003003,525700,2678660,3204360
R012814,317728003004,525700,1324710,1850410
R012815,317728003005,525700,5121470,5647170
R012816,317728003006,525700,5043430,5569130
R012817,317728003007,525700,2639390,3165090
R012818,317728003008,525700,2088470,2614170
R012819,317728003027,525700,2305790,2831490
R012820,317728003010,525700,3373100,3898800
R012821,317728003011,525700,3222820,3748520
R012822,317728003025,525700,2138050,2663750
R012823,317728003026,525700,2614240,3139940
R012825,317730000006,10600,0,10600
R012827,317730000003,970,0,970
R012828,317730000007,41850,0,41850
R012836,317735001037,819000,3766940,4585940
R012837,317735001029,819000,2627230,3446230
R012838,317735001030,819000,1331130,2150130
R012839,317735001031,819000,0,819000
R012840,317735001032,1638000,5348040,6986040
R012842,317735001016,777250,1388760,2166010
R012846,317735002018,2050,0,2050
R012849,317735002019,400,0,400
R012851,317735002021,366740,3914660,4281400
R012852,317735003017,10,0,10
R012853,317735003017,10,0,10
R012854,317735003017,10,0,10
R012856,317735003011,620,0,620
R012860,317735004010,409500,2059350,2468850
R012861,317735004006,409500,1689740,2099240
R012862,317735004005,409500,1051730,1461230
R012864,317900000001,41230,0,41230
R012865,317900000003,28350,0,28350
R012867,317900000007,19420,0,19420
R012868,317901000001,127200,575400,702600
R012869,317901000002,100970,0,100970
R012870,317901000003,126510,370350,496860
R012871,317901000014,78790,472830,551620
R012873,317901000006,82180,366180,448360
R012874,317901000007,1050,0,1050
R012875,317901000008,97690,224660,322350
R012876,317901000009,130070,208930,339000
R012877,317901000010,58980,0,58980
R012878,317901000011,8740,0,8740
R012879,317901000012,167000,1450120,1617120
R012880,317900000072,29240,393160,422400
R012881,317900000062,27040,0,27040
R012882,317900000063,7230,0,7230
R012883,317900000064,11780,0,11780
R012884,317900000065,17230,0,17230
R012891,317900000012,17710,0,17710
R012892,317900000013,12530,0,12530
R012893,317900000055,255820,0,255820
R012894,317900000019,86790,0,86790
R012897,317900000021,75940,0,75940
R012899,317900000022,159840,0,159840
R012900,317900000084,76210,0,76210
R012901,317900000024,39470,0,39470
R012903,317900000025,44390,0,44390
R012904,317900000016,59510,0,59510
R012905,317900000088,170900,0,170900
R012907,317900000020,17650,0,17650
R012909,317900000018,132550,0,132550
R012910,317900000029,17230,0,17230
R012911,317900000030,33820,0,33820
R012912,317900000031,54980,0,54980
R012914,317900000081,41520,0,41520
R012915,317900000036,33360,0,33360
R012918,317900000040,176140,589330,765470
R012919,317900000041,73860,0,73860
R012922,317900000042,169740,0,169740
R012924,317900000043,141900,0,141900
R012925,317900000044,51190,0,51190
R012926,317900000045,82990,0,82990
R012927,317900000092,454710,820380,1275090
R012930,317900000050,19940,0,19940
R012931,317900000093,104400,0,104400
R012932,317900000060,157580,325920,483500
R012933,317900000061,55300,0,55300
R012934,317900000034,20000,0,20000
R012935,317900000035,20000,0,20000
R012937,317900000028,16370,0,16370
R012939,317900000027,12530,0,12530
R012941,325303000005,161190,178070,339260
R012942,325303000003,151350,971220,1122570
R012946,325303001004,5480,0,5480
R012947,317934002004,42670,0,42670
R012951,317934003004,100620,934220,1034840
R012959,317934005006,136560,967240,1103800
R012960,317934006008,88640,547430,636070
R012961,317934006006,55100,0,55100
R012966,317934009007,135960,0,135960
R012967,317934009008,142550,413930,556480
R012968,317934010002,10890,0,10890
R012969,317934010005,3630,0,3630
R012970,317934010015,17610,0,17610
R012971,317934010008,4350,0,4350
R012973,317934010017,2910,0,2910
R012974,317934010012,10890,0,10890
R012975,317934010013,43560,0,43560
R012976,317934010014,80580,343260,423840
R012977,325303002001,15010,0,15010
R012978,325303002003,125580,0,125580
R012979,325303002002,1820,0,1820
R012988,325303004004,1910,0,1910
R012989,325303004005,1390,0,1390
R012990,325303004006,8700,0,8700
R012991,325303005001,90,0,90
R012994,325303005003,12180,0,12180
R012995,325303005004,4350,0,4350
R012996,325303005005,6090,0,6090
R012997,325303005007,12180,0,12180
R012998,325303005008,6090,0,6090
R013000,325303005009,4920,0,4920
R013001,325303005006,6090,0,6090
R013003,317934015003,4350,0,4350
R013004,317934015004,27570,0,27570
R013005,317934015025,14520,0,14520
R013006,317934015008,7260,0,7260
R013007,317934015011,3630,0,3630
R013008,317934015012,7260,0,7260
R013009,317934015013,4350,0,4350
R013010,317934015014,2900,0,2900
R013011,317934015014,1440,0,1440
R013012,317934015016,4350,0,4350
R013013,317934015017,4350,0,4350
R013014,317934015018,3630,0,3630
R013015,317934015019,4350,0,4350
R013017,317934016017,23960,0,23960
R013020,317934016019,43140,329100,372240
R013026,317934017003,87120,0,87120
R013027,317934018001,98010,0,98010
R013028,317934019003,85020,0,85020
R013029,317934019004,96920,0,96920
R013032,325303006001,1440,0,1440
R013037,325303007001,13710,194500,208210
R013038,325303007002,15230,0,15230
R013040,325303007003,24360,0,24360
R013041,325303007004,36540,0,36540
R013042,325303008001,30,0,30
R013043,325303008002,19590,0,19590
R013044,325303008003,3960,0,3960
R013045,325303008004,910,0,910
R013046,325303008005,4350,0,4350
R013047,325303008006,8700,0,8700
R013048,325303009001,6440,0,6440
R013050,325303009002,23940,426760,450700
R013051,325303009003,21780,0,21780
R013052,325303009004,28290,0,28290
R013053,325303010001,137210,0,137210
R013054,325303010002,137210,317700,454910
R013058,317934028007,71870,0,71870
R013059,317934028002,65340,0,65340
R013060,317934028011,5990,0,5990
R013061,317934028011,5990,0,5990
R013062,317934029002,247970,301260,549230
R013063,317934030009,119790,1088660,1208450
R013064,317934030002,103770,0,103770
R013066,317934031004,72020,0,72020
R013067,325303012003,78920,0,78920
R013068,325303012004,72020,0,72020
R013071,325303014001,174410,355840,530250
R013072,325303014002,72740,0,72740
R013073,325303015001,11700,0,11700
R013074,325303015007,87210,241030,328240
R013077,325303015008,105410,395910,501320
R013078,325303015009,5990,0,5990
R013079,325303015009,5990,0,5990
R013083,325500000154,282720,2115440,2398160
R013086,325500000031,325690,438410,764100
R013087,325500000032,2230,0,2230
R013090,325502000007,335030,2146190,2481220
R013091,325502000008,335030,1222710,1557740
R013092,325500000129,1776010,0,1776010
R013099,325502000011,551940,410530,962470
R013102,325501300069,585460,1921900,2507360
R013104,325502002003,23169190,16396710,39565900
R013107,325502000006,0,332040,332040
R013108,325506000001,178060,2292820,2470880
R013109,317731000003,152650,0,152650
R013110,325512000008,303240,1364790,1668030
R013111,325512000009,433100,0,433100
R013112,325512000010,216600,1236890,1453490
R013113,325512000011,259920,1326930,1586850
R013114,325511000003,344150,910200,1254350
R013117,325512000018,368180,1000130,1368310
R013120,325512000069,767720,1100340,1868060
R013121,325512000066,763710,1223540,1987250
R013122,325512000080,757430,0,757430
R013123,325512000082,180,0,180
R013124,325512000079,180,0,180
R013135,325512018002,675960,374280,1050240
R013138,325511000006,360790,1127760,1488550
R013141,325512002002,216600,1164430,1381030
R013142,325512002003,216600,1190350,1406950
R013143,325512002004,216600,1325390,1541990
R013144,325512002005,216600,664950,881550
R013145,325512002006,216600,1285150,1501750
R013146,325512002009,216600,1280020,1496620
R013147,325512002010,216600,1055400,1272000
R013148,325512002011,216600,1195940,1412540
R013149,325512002012,216600,1444010,1660610
R013150,325512002054,678700,1015970,1694670
R013152,325512002042,323540,1264960,1588500
R013153,325512002019,231100,1803130,2034230
R013154,325512002020,231100,1401810,1632910
R013155,325512002021,231100,1073590,1304690
R013156,325512002022,231100,1139190,1370290
R013158,325512002045,433100,0,433100
R013159,325512002038,216600,1433830,1650430
R013160,325512002035,216600,552740,769340
R013161,325512002041,231100,1337160,1568260
R013163,325512002037,216600,1092760,1309360
R013164,325512002033,231100,1293040,1524140
R013165,325512002034,216600,1414550,1631150
R013166,325512003003,216600,2030670,2247270
R013168,325512004025,0,495090,495090
R013169,325512004002,0,860340,860340
R013170,325512004003,0,561380,561380
R013171,325512004004,0,533310,533310
R013172,325512004005,0,589850,589850
R013173,325512004019,0,533670,533670
R013174,325512004007,0,535540,535540
R013175,325512004008,0,535540,535540
R013176,325512004009,0,679480,679480
R013177,325512004010,0,715530,715530
R013178,325512004011,0,736730,736730
R013179,325512004012,0,581770,581770
R013180,325512004013,0,739280,739280
R013181,325512004024,0,702490,702490
R013182,325512005001,0,521450,521450
R013183,325512005002,0,610030,610030
R013184,325512005003,0,579530,579530
R013185,325512005004,0,521450,521450
R013187,325512005006,0,612280,612280
R013188,325512005007,0,612280,612280
R013189,325512005008,0,498190,498190
R013190,325512005009,0,403230,403230
R013191,325512005010,0,525990,525990
R013192,325512005011,0,525990,525990
R013193,325512005012,0,403230,403230
R013194,325512005013,0,480140,480140
R013195,325512005014,0,480140,480140
R013196,325512006001,172400,1032520,1204920
R013197,325512006002,172400,1948920,2121320
R013198,325512006018,241360,2040590,2281950
R013199,325512006005,172400,1131340,1303740
R013200,325512006006,344800,0,344800
R013201,325512006017,344800,2325330,2670130
R013203,325512006009,172400,1216100,1388500
R013205,325512006014,172400,868170,1040570
R013206,325512007003,172400,790030,962430
R013207,325512007004,172400,1550700,1723100
R013208,325512007024,172400,1281200,1453600
R013212,325512007014,172400,1336940,1509340
R013213,325512011001,675960,392150,1068110
R013215,325512011006,878750,504670,1383420
R013216,325512011004,675960,935100,1611060
R013219,325513001002,675960,644800,1320760
R013220,325513001003,675960,566300,1242260
R013223,325513001014,677030,195750,872780
R013225,325513002001,675960,229360,905320
R013226,325513002002,675960,496010,1171970
R013228,325700000001,24450,396200,420650
R013231,325700000008,104890,0,104890
R013233,325700000010,11380,0,11380
R013235,325700000012,1618370,4428920,6047290
R013236,325700004002,7490,0,7490
R013238,325700000141,96370,3500,99870
R013239,325700000072,247460,1401390,1648850
R013241,325718000006,300,0,300
R013245,325722001001,649220,1370160,2019380
R013247,325700000101,9900,276560,286460
R013251,325700000121,78000,3240,81240
R013253,325700000038,2230,0,2230
R013257,325700000127,0,1146070,1146070
R013261,325700000067,600,0,600
R013270,325707000055,4880,0,4880
R013271,325707000043,2100,0,2100
R013273,325707000051,742980,1402530,2145510
R013274,325707000053,340,0,340
R013275,325718000001,570,746390,746960
R013278,325716001085,1947650,893160,2840810
R013282,325716001077,649220,1113100,1762320
R013285,325716001075,843980,769280,1613260
R013288,325716001082,811520,0,811520
R013291,325716001080,843980,0,843980
R013296,325716001073,811520,1455520,2267040
R013297,325716001079,741960,0,741960
R013300,325716001074,649220,1380270,2029490
R013306,325716001076,803790,1944780,2748570
R013310,325716001067,779060,1364760,2143820
R013311,325716001068,649210,1429730,2078940
R013312,325716001069,779060,1443100,2222160
R013313,325716001083,649220,1361260,2010480
R013314,325716001071,649220,539780,1189000
R013315,325716002001,711050,0,711050
R013316,325716002006,746600,923390,1669990
R013317,325716002003,711050,1945680,2656730
R013320,325721000001,618300,0,618300
R013321,325721000002,649220,1035440,1684660
R013322,325721000003,649220,573130,1222350
R013323,325721000004,649220,1562890,2212110
R013324,325721000005,649220,805450,1454670
R013325,325721000006,746600,2029340,2775940
R013326,325721000007,714140,1040820,1754960
R013327,325721000017,649220,762110,1411330
R013328,325721000009,746600,1284910,2031510
R013329,325721000010,649220,1083260,1732480
R013330,325721000012,680130,90130,770260
R013331,325721000013,649220,977790,1627010
R013333,325721000016,746600,1338350,2084950
R013336,325722000022,480610,1837430,2318040
R013340,325724001001,0,185810,185810
R013341,325724001002,0,237560,237560
R013342,325724001003,0,310000,310000
R013343,325724001004,0,195040,195040
R013344,325724001005,0,234730,234730
R013346,325724001007,0,275820,275820
R013348,325724001009,0,218260,218260
R013349,325724001010,0,184890,184890
R013350,325724001011,0,147240,147240
R013351,325724001012,0,300330,300330
R013352,325724001013,0,146530,146530
R013353,325724001014,0,303170,303170
R013354,325724001015,0,147340,147340
R013355,325724001016,0,267550,267550
R013356,325727300027,2550,0,2550
R013358,325727300025,23710,0,23710
R013360,325727300008,525960,1223130,1749090
R013361,325727300009,497750,4421020,4918770
R013363,325727300022,1104330,3409420,4513750
R013365,325727301004,214600,752860,967460
R013366,325727301003,214600,816210,1030810
R013367,325727302001,214600,1272570,1487170
R013368,325727302002,214600,0,214600
R013369,325727302003,214600,1739610,1954210
R013370,325727302004,214600,1193680,1408280
R013371,325727303001,475500,1057860,1533360
R013374,325727303012,356630,918090,1274720
R013376,325727303006,475500,576270,1051770
R013377,325727303007,475500,1888080,2363580
R013378,325727303008,475500,1017330,1492830
R013379,325727304016,475500,1050030,1525530
R013380,325727304002,475500,1162050,1637550
R013381,325727304014,475500,876670,1352170
R013383,325727304015,475500,1351610,1827110
R013384,325727304006,475500,826490,1301990
R013385,325727304007,356630,642220,998850
R013387,325727304010,475500,937380,1412880
R013388,325727304011,475500,665570,1141070
R013391,325727306003,482000,1018170,1500170
R013392,325727306004,482000,1597970,2079970
R013393,325727306005,295500,758010,1053510
R013394,325727306006,295500,909070,1204570
R013395,325728000043,278850,1234780,1513630
R013396,325728000003,278850,1098880,1377730
R013397,325728000005,30,0,30
R013398,325728000018,307650,1270090,1577740
R013400,325728000009,186760,2633530,2820290
R013401,325728000011,445040,988940,1433980
R013404,325728000040,6650,0,6650
R013406,325734000044,18210,197430,215640
R013407,325734000003,217060,807650,1024710
R013408,325734000004,552880,1401390,1954270
R013409,325734000005,506570,1050580,1557150
R013410,325734000006,150,0,150
R013412,325734001004,1300410,831250,2131660
R013427,371300000003,7030,0,7030
R013428,371500000011,33960,0,33960
R013429,371500000012,23520,0,23520
R013430,371500000003,32640,181830,214470
R013431,371300000004,2950,421740,424690
R013432,324900000002,51960,5415220,5467180
R013433,350300000025,10330,0,10330
R013435,350300000008,19850,0,19850
R013436,350300000018,6100,0,6100
R013438,377900000004,2950,128060,131010
R013439,324900001001,169740,966740,1136480
R013441,350300000017,31360,358800,390160
R013442,324700000008,14320,638180,652500
R013443,350500000003,6080,0,6080
R013444,299312107002,90000,6680,96680
R013446,299312111008,18000,0,18000
R013447,318100000005,244270,0,244270
R013448,291534009001,5800,96940,102740
R013450,291534010004,8700,47360,56060
R013451,299301417004,45000,0,45000
R013453,318100002003,0,97000,97000
R013454,299507001001,117000,0,117000
R013455,299312112003,54000,0,54000
R013456,371500000010,28110,533460,561570
R013458,371300000006,25930,0,25930
R013459,371300000005,25220,0,25220
R013461,299507003001,117000,0,117000
R013462,318100000009,148530,373070,521600
R013463,299312111007,18000,0,18000
R013466,371500000002,840,0,840
R013467,299301417001,740,0,740
R013470,299300000074,7230,0,7230
R013471,291533000018,4530,0,4530
R013476,291500000126,14020,0,14020
R013477,291500000084,10690,0,10690
R013478,291500000000,1030,0,1030
R013479,291500000020,25030,0,25030
R013483,299101000004,19650,0,19650
R013484,291500000037,29280,0,29280
R013486,291500000087,19850,0,19850
R013487,291500000085,10190,0,10190
R013488,291533000006,7280,0,7280
R013489,291500000017,8370,0,8370
R013490,291500000082,5870,0,5870
R013492,291500000120,101120,0,101120
R013493,299300000038,33990,0,33990
R013494,291528000013,46820,0,46820
R013496,299300000006,2230,0,2230
R013497,299101000010,220740,0,220740
R013498,299101000008,59150,21980,81130
R013499,291500000015,27670,0,27670
R013501,291533000021,8540,0,8540
R013503,299300000028,34760,0,34760
R013504,291528000006,32470,0,32470
R013506,291534000002,42640,0,42640
R013507,291500000000,30,0,30
R013509,291528000019,39040,0,39040
R013510,299312113003,31350,0,31350
R013513,291500000000,440,0,440
R013514,299500000008,127450,131030,258480
R013515,291527000022,6870,0,6870
R013516,291527000013,7230,0,7230
R013517,291500000073,1330,0,1330
R013520,291527000009,12520,0,12520
R013521,377900000003,21070,305690,326760
R013522,291534002001,14500,157510,172010
R013523,299301414007,9000,0,9000
R013524,371300000007,11800,0,11800
R013526,299312108005,45000,0,45000
R013527,318100000004,81420,336900,418320
R013528,324700000014,13090,0,13090
R013529,324700000010,76370,1493680,1570050
R013530,299312111005,27000,0,27000
R013531,299312111009,31500,0,31500
R013532,299312108003,31500,0,31500
R013533,299312108002,49500,0,49500
R013534,299507003004,9000,0,9000
R013536,371500000005,2250,134890,137140
R013538,299300000039,28330,700030,728360
R013539,318100000002,29600,365090,394690
R013540,291527000006,37860,0,37860
R013541,318100000008,130850,231810,362660
R013542,350300000006,1620,0,1620
R013543,371500000008,3240,97830,101070
R013545,324700000006,9180,0,9180
R013546,377300000005,25880,305600,331480
R013547,371500000007,3710,0,3710
R013548,350300000022,11040,0,11040
R013549,299312111001,4500,0,4500
R013550,291500000116,69020,740590,809610
R013551,299312111004,18000,0,18000
R013552,370900000002,24080,790240,814320
R013553,344300000001,240,0,240
R013554,350500000004,20460,0,20460
R013555,299507002009,36000,0,36000
R013556,299507001003,9000,0,9000
R013558,318100002001,0,122090,122090
R013559,318100002006,0,92960,92960
R013560,318100000006,24810,0,24810
R013562,299312103003,18000,0,18000
R013563,377900000005,8050,155800,163850
R013564,299507001002,45000,0,45000
R013565,318100002002,0,86590,86590
R013566,299301414006,27000,47310,74310
R013567,299301417003,22500,0,22500
R013568,291500000027,73070,275770,348840
R013569,299312111010,22500,0,22500
R013570,291534005001,2900,0,2900
R013571,371500000021,7320,0,7320
R013572,299312109003,27000,0,27000
R013573,371500000016,4610,0,4610
R013574,299312103004,18000,0,18000
R013576,299312111006,18000,0,18000
R013577,299301419002,36000,116890,152890
R013579,299507002001,70,0,70
R013580,299507003002,27000,0,27000
R013581,299507002008,18000,0,18000
R013582,299301413009,9000,0,9000
R013583,299301413012,9000,0,9000
R013584,299301413011,9000,0,9000
R013585,299301413010,9000,0,9000
R013587,324700000020,154970,164370,319340
R013588,318100002005,0,58200,58200
R013591,299301416006,4500,0,4500
R013592,291500000036,34410,0,34410
R013593,324700000011,27110,0,27110
R013594,377300000010,17790,193110,210900
R013595,324700000002,54360,0,54360
R013597,350300000005,3320,0,3320
R013599,318100002007,0,72480,72480
R013600,299301419001,13500,0,13500
R013605,377700000002,319380,1504560,1823940
R013607,324700000015,1880,0,1880
R013608,324700000018,940,0,940
R013609,291527000014,46560,0,46560
R013610,318100002004,0,120380,120380
R013612,324700000013,93530,175800,269330
R013615,299507003003,18000,0,18000
R013617,324900001004,166500,830560,997060
R013618,291500000109,53070,0,53070
R013619,291500000000,1240,0,1240
R013622,291500000132,78760,980490,1059250
R013624,318100000011,257280,678130,935410
R013629,291500000121,171220,260590,431810
R013634,299300000043,22810,0,22810
R013635,291533000002,8460,0,8460
R013636,291527000024,6850,0,6850
R013637,291527000020,84820,61790,146610
R013638,291700000000,50,0,50
R013639,299300000010,25040,0,25040
R013640,291500000035,19770,0,19770
R013641,291500000110,207520,0,207520
R013644,324900001003,26120,1434560,1460680
R013645,291500000004,148260,298230,446490
R013648,299300000019,11040,0,11040
R013649,299300000036,11050,0,11050
R013650,291528000002,15640,0,15640
R013651,291528000009,900,0,900
R013653,291528000009,15520,0,15520
R013654,291500000016,11060,0,11060
R013657,299300000024,17650,0,17650
R013659,291500000135,251090,0,251090
R013660,291700000000,1580,0,1580
R013663,291533000022,16720,0,16720
R013665,299100000014,302590,0,302590
R013668,291500000112,14220,0,14220
R013670,291533000004,5650,0,5650
R013671,291500000000,390,0,390
R013672,299312113002,1600,0,1600
R013674,291500000006,132410,239300,371710
R013675,299300000027,6050,0,6050
R013676,299300000052,11060,0,11060
R013678,291527000010,34420,0,34420
R013679,291528000012,34410,0,34410
R013680,299300000017,11060,0,11060
R013681,291500000105,15780,0,15780
R013682,299300000041,9410,0,9410
R013683,291500000028,9910,0,9910
R013686,299101000005,54610,0,54610
R013688,299100000000,10,0,10
R013691,291533000016,53500,0,53500
R013692,299101000002,52020,0,52020
R013694,299300000042,17430,0,17430
R013697,291500000021,10000,0,10000
R013698,291500000133,61300,808520,869820
R013700,377900000000,900,0,900
R013701,324700000000,28790,0,28790
R013703,299312112002,54000,0,54000
R013704,299312111002,9000,0,9000
R013707,370900000001,0,71120,71120
R013708,324900001002,3500,220360,223860
R013709,299312103005,18000,0,18000
R013710,299301417002,22500,0,22500
R013711,291700000039,0,76230,76230
R013712,291700000013,68660,251270,319930
R013713,291700000015,171900,0,171900
R013716,291707302018,143800,1068720,1212520
R013718,291736000002,226800,1704490,1931290
R013719,291736000013,162350,346270,508620
R013722,291736000012,160630,256700,417330
R013723,291736000007,317080,0,317080
R013726,291736000016,274590,73920,348510
R013727,291736000011,41500,184990,226490
R013729,325100000003,23550,0,23550
R013737,291700000028,256000,0,256000
R013742,291723301004,78800,251220,330020
R013747,291723303002,12800,0,12800
R013750,291723303022,84320,758810,843130
R013755,291723303010,12800,0,12800
R013756,291723304001,144170,292210,436380
R013758,291723304003,78800,0,78800
R013759,291723304004,78800,0,78800
R013760,291723304005,78800,0,78800
R013761,291723304006,78800,288330,367130
R013762,291723304007,78800,0,78800
R013763,291723304008,78800,248330,327130
R013764,291723304009,78800,350420,429220
R013765,291723304010,12800,0,12800
R013766,291723304011,12800,0,12800
R013768,291723304059,84320,287800,372120
R013771,291723304061,78800,189930,268730
R013772,291723304017,78800,42830,121630
R013773,291723304018,78800,259200,338000
R013781,291723304060,104970,465860,570830
R013782,291723304027,84320,316420,400740
R013783,291723304028,12800,0,12800
R013784,291723304029,12800,0,12800
R013785,291723304030,12800,0,12800
R013786,291723304031,84320,496620,580940
R013787,291723304032,78800,0,78800
R013788,291723304033,12800,35830,48630
R013789,291723304034,12800,0,12800
R013790,291723304035,72510,675560,748070
R013791,291723304050,78800,370570,449370
R013793,291723304046,6400,0,6400
R013794,291723304039,12800,0,12800
R013795,291723304048,6400,0,6400
R013796,291723304044,59380,404400,463780
R013797,291723304045,78800,615700,694500
R013806,291723401041,84320,365170,449490
R013808,291723401004,140000,0,140000
R013809,291723401038,86800,794040,880840
R013810,291723401006,140000,0,140000
R013811,291723401037,84320,391360,475680
R013813,291723401009,8000,0,8000
R013814,291723401010,140000,0,140000
R013815,291723401011,84320,583280,667600
R013821,291723401044,4370,0,4370
R013822,291723401044,4370,0,4370
R013826,291723401044,4370,0,4370
R013831,291723401044,4370,0,4370
R013836,291723401044,13100,0,13100
R013837,291723401039,84320,236630,320950
R013839,291723401035,84320,946040,1030360
R013840,291723401036,84320,812830,897150
R013841,291723402001,8000,0,8000
R013842,291723402005,12800,0,12800
R013843,291723402006,84320,359310,443630
R013844,291723402009,12800,0,12800
R013847,291723302003,78800,186630,265430
R013850,291723402054,84320,529640,613960
R013851,291723402021,12800,55430,68230
R013855,291723402048,84320,297020,381340
R013861,291723402053,178400,97310,275710
R013866,291723402037,140000,0,140000
R013867,291723402049,84320,724600,808920
R013868,291723403001,78800,254940,333740
R013869,291723403002,12800,0,12800
R013871,291723403009,84320,822330,906650
R013876,291723404005,78800,129380,208180
R013877,291723404006,84320,295150,379470
R013878,291723404007,12800,0,12800
R013881,291723404019,188720,333500,522220
R013883,291724300008,8910,178850,187760
R013887,291724301001,140000,0,140000
R013888,291724301002,84320,592390,676710
R013889,291724301018,140000,0,140000
R013890,291724301017,84320,841560,925880
R013891,291724301005,8000,0,8000
R013892,291724301014,140000,0,140000
R013894,291724301008,140000,0,140000
R013895,291724301009,84320,341340,425660
R013896,291724301010,140000,0,140000
R013897,291724301016,168630,682670,851300
R013899,291724301013,84320,965910,1050230
R013901,291725000026,254520,0,254520
R013902,291725201001,77000,0,77000
R013904,291725201018,280000,0,280000
R013905,291725201004,14000,53260,67260
R013906,291725201005,84000,0,84000
R013907,291725201019,506400,0,506400
R013910,291725201010,140000,0,140000
R013911,291725201011,140000,0,140000
R013912,291725201012,140000,0,140000
R013913,291725201013,140000,0,140000
R013914,291725201014,203000,0,203000
R013915,291725201015,84320,202700,287020
R013916,291725201016,140000,0,140000
R013918,291725203001,140000,0,140000
R013919,291725203002,14000,0,14000
R013922,291725203005,72510,540790,613300
R013923,291725203006,84320,552250,636570
R013924,291725203007,140000,0,140000
R013925,291725204001,8000,0,8000
R013926,291726101001,84320,652170,736490
R013928,291726102007,84320,286620,370940
R013929,291726102002,84320,595740,680060
R013930,291726102008,14000,0,14000
R013931,291726102004,8000,0,8000
R013934,291726103008,14000,0,14000
R013936,291726103006,8000,0,8000
R013947,291726200017,8000,0,8000
R013949,291726208001,55150,0,55150
R013950,291726208002,78800,346470,425270
R013951,291726208009,78800,1309300,1388100
R013954,291726208007,12800,0,12800
R013956,291726209001,12800,58780,71580
R013958,291726209003,12800,0,12800
R013960,291726209013,78800,425200,504000
R013961,291726209006,12800,0,12800
R013962,291726209007,26000,0,26000
R013963,291726209008,26000,0,26000
R013964,291726209009,12800,0,12800
R013965,291726209011,8000,0,8000
R013966,291726209012,26790,0,26790
R013970,291726210007,78800,262290,341090
R013971,291726210008,24000,0,24000
R013973,291726211002,12800,0,12800
R013974,291726211003,12800,0,12800
R013978,291726212014,157600,0,157600
R013979,291726212006,78800,527250,606050
R013985,291726213045,78800,0,78800
R013988,291726213005,8000,0,8000
R013989,291726213006,12800,0,12800
R013990,291726213047,78800,492230,571030
R013993,291726213010,8000,0,8000
R013995,291726213012,8000,0,8000
R013996,291726213013,16000,0,16000
R014000,291726213046,94800,0,94800
R014002,291726213019,8000,0,8000
R014004,291726214001,16000,0,16000
R014005,291726214002,9600,0,9600
R014006,291726214015,32000,0,32000
R014016,291726215002,39400,0,39400
R014017,291726215003,12800,0,12800
R014020,291726215006,15760,0,15760
R014022,291726215017,24000,0,24000
R014024,291726215018,8000,0,8000
R014025,291726215015,16000,0,16000
R014029,291726216021,63040,0,63040
R014034,291726216009,15760,0,15760
R014043,291726217049,78800,802940,881740
R014045,291726217036,78800,1084360,1163160
R014050,291726217047,91600,0,91600
R014052,291726217042,78800,694930,773730
R014054,291726217020,12800,0,12800
R014055,291726217046,78800,546970,625770
R014057,291726226001,212760,0,212760
R014058,291726218005,268080,0,268080
R014059,291726219001,12800,0,12800
R014060,291726219002,12800,0,12800
R014061,291726219003,12800,0,12800
R014063,291726219007,78800,572240,651040
R014066,291726220011,25600,68970,94570
R014067,291726220003,12800,0,12800
R014069,291726220005,12800,0,12800
R014070,291726220006,12800,0,12800
R014071,291726220007,12800,0,12800
R014072,291726220008,78800,943090,1021890
R014073,291726220017,12800,0,12800
R014074,291726220020,12800,0,12800
R014075,291726220023,78800,451580,530380
R014080,291726220032,12800,0,12800
R014081,291726300012,126220,0,126220
R014082,291726400013,156560,0,156560
R014083,291726400009,760,0,760
R014089,291727100008,1980,0,1980
R014092,291727101001,63040,0,63040
R014093,291727101010,78800,227930,306730
R014094,291727101005,12800,0,12800
R014095,291727101006,78800,793300,872100
R014096,291727101008,12800,0,12800
R014098,291727102001,12800,0,12800
R014104,291727102007,25600,0,25600
R014106,291727102020,99290,366510,465800
R014107,291727102010,12800,0,12800
R014110,291727102013,12800,0,12800
R014111,291727102014,8000,0,8000
R014112,291727102015,8000,0,8000
R014113,291727102016,8000,0,8000
R014114,291727102017,8000,0,8000
R014116,291727103001,8000,0,8000
R014117,291727103002,8000,0,8000
R014118,291727103007,32000,0,32000
R014119,291727103004,12800,0,12800
R014121,291727103006,8000,0,8000
R014122,291727104001,78800,379180,457980
R014124,291727104023,78800,323310,402110
R014125,291727104004,78800,801700,880500
R014126,291727104005,12800,0,12800
R014127,291727104006,63040,825090,888130
R014128,291727104032,78800,1164320,1243120
R014132,291727104031,114880,1258870,1373750
R014136,291727104025,78800,842620,921420
R014138,291727104017,12800,0,12800
R014139,291727104018,12800,0,12800
R014140,291727104019,12800,0,12800
R014143,291727105037,78800,684920,763720
R014145,291727105005,12800,0,12800
R014146,291727105006,12800,0,12800
R014147,291727105007,12800,0,12800
R014149,291727105038,78800,483380,562180
R014150,291727105010,78800,458220,537020
R014151,291727105011,12800,0,12800
R014152,291727105043,12800,0,12800
R014155,291727105041,78800,609290,688090
R014158,291727105018,12800,0,12800
R014159,291727105019,12800,0,12800
R014160,291727105020,12800,0,12800
R014162,291727105022,12800,0,12800
R014163,291727105023,12800,0,12800
R014165,291727105025,12800,0,12800
R014166,291727105026,78800,671380,750180
R014169,291727105044,78800,0,78800
R014173,291727105033,8000,0,8000
R014174,291727106003,8000,0,8000
R014175,291727106004,8000,0,8000
R014176,291727106005,12800,0,12800
R014177,291727106012,12800,13140,25940
R014178,291727106039,12800,0,12800
R014186,291727106022,12800,16030,28830
R014187,291727106041,63040,1012510,1075550
R014190,291727106029,78800,0,78800
R014191,291727106031,78800,519560,598360
R014192,291727106032,63040,723920,786960
R014196,291727200006,4030,0,4030
R014201,291727201006,12800,0,12800
R014204,291727201031,67100,313330,380430
R014206,291727201012,78800,561840,640640
R014207,291727201015,39400,355800,395200
R014209,291727201035,78800,451600,530400
R014210,291727201020,78800,0,78800
R014211,291727201034,12800,0,12800
R014217,291727202005,78800,258520,337320
R014219,291727203001,7220,0,7220
R014220,291727203002,7220,0,7220
R014221,291727203003,7220,0,7220
R014222,291727203004,7220,0,7220
R014223,291727203005,7220,0,7220
R014224,291727203006,14440,0,14440
R014225,291727203007,7220,0,7220
R014226,291727203008,7220,0,7220
R014227,291727203009,7220,0,7220
R014228,291727203010,7220,0,7220
R014229,291727203011,7220,0,7220
R014230,291727203012,7220,0,7220
R014231,291727203013,7220,0,7220
R014232,291727203014,7220,0,7220
R014233,291727203015,8000,0,8000
R014234,291727203016,8000,0,8000
R014235,291727203017,8000,0,8000
R014236,291727203018,8000,0,8000
R014237,291727203019,8000,0,8000
R014238,291727203034,2520,0,2520
R014242,291727203033,7550,0,7550
R014243,291727203025,2520,0,2520
R014244,291727203026,5030,0,5030
R014245,291727203027,2520,0,2520
R014246,291727203028,2520,0,2520
R014248,291727204001,7220,0,7220
R014249,291727204002,7220,0,7220
R014250,291727204003,7220,0,7220
R014251,291727204004,7220,0,7220
R014252,291727204005,7220,0,7220
R014253,291727204006,7220,0,7220
R014254,291727204007,7220,0,7220
R014255,291727204008,7220,0,7220
R014256,291727204009,7220,0,7220
R014257,291727204010,7220,0,7220
R014258,291727204011,8000,0,8000
R014259,291727204012,8000,0,8000
R014262,291727204037,5030,0,5030
R014263,291727204016,7220,0,7220
R014264,291727204017,7220,0,7220
R014265,291727204018,7220,0,7220
R014266,291727204034,7220,0,7220
R014267,291727204035,7220,0,7220
R014268,291727204036,7220,0,7220
R014269,291727204022,7220,0,7220
R014270,291727204023,7220,0,7220
R014271,291727204024,7220,0,7220
R014272,291727204025,7220,0,7220
R014274,291727204027,7220,0,7220
R014275,291727204028,7220,0,7220
R014276,291727204029,7220,0,7220
R014277,291727204030,7220,0,7220
R014278,291727204031,7220,0,7220
R014279,291727204032,7220,0,7220
R014280,291727211001,144900,0,144900
R014284,291727211002,144900,837720,982620
R014288,291727211003,144900,0,144900
R014291,291727205012,7220,0,7220
R014294,291727205021,144900,300310,445210
R014302,291727206042,144900,429070,573970
R014318,291727211005,144900,0,144900
R014320,291727211004,144900,0,144900
R014329,291727207004,78800,637260,716060
R014330,291727207005,78800,958180,1036980
R014331,291727208001,78800,590450,669250
R014332,291727208002,78800,544620,623420
R014334,291727208011,78800,799510,878310
R014337,291727208007,78800,536590,615390
R014339,291727208010,78800,572560,651360
R014343,291727209004,20000,0,20000
R014347,291727210006,78800,257830,336630
R014349,291728100018,58370,318100,376470
R014351,291728100016,69330,466100,535430
R014354,291728101001,8000,0,8000
R014355,291728101002,20000,0,20000
R014356,291728101061,84000,0,84000
R014364,291728101066,32000,0,32000
R014365,291728101056,84320,890300,974620
R014370,291728101067,144320,608820,753140
R014374,291728101022,20000,0,20000
R014376,291728101060,84320,853760,938080
R014379,291728101064,84320,0,84320
R014387,291728101057,84320,623130,707450
R014389,291728101037,12000,0,12000
R014390,291728101038,2000,0,2000
R014391,291728101038,2000,0,2000
R014392,291728101038,2000,0,2000
R014394,291728101038,8000,0,8000
R014396,291728101038,2000,0,2000
R014397,291728101038,2000,0,2000
R014399,291728101038,1000,0,1000
R014401,291728101038,1000,0,1000
R014402,291728102009,65770,0,65770
R014407,291728102011,84320,0,84320
R014414,291728103027,20000,0,20000
R014417,291728103008,20000,0,20000
R014418,291728103009,20000,0,20000
R014419,291728103010,20000,0,20000
R014421,291728103028,20000,0,20000
R014422,291728103030,20000,0,20000
R014425,291728103025,84320,428440,512760
R014427,291728103032,84320,872460,956780
R014429,291728103031,100000,0,100000
R014430,291728108001,8000,0,8000
R014431,291728108002,8000,0,8000
R014435,291728108007,37510,0,37510
R014436,291728109001,78800,613690,692490
R014437,291728109002,78800,484470,563270
R014438,291728109003,78800,344990,423790
R014439,291728109007,78800,682730,761530
R014443,291728110012,78800,0,78800
R014447,291728110009,78800,659800,738600
R014448,291728110015,78800,0,78800
R014449,291728110014,78800,1030790,1109590
R014450,291728111001,78800,1198200,1277000
R014452,291728111010,78800,380330,459130
R014454,291728111005,20000,0,20000
R014455,291728111006,20000,0,20000
R014461,291728112005,78800,598450,677250
R014462,291728112006,20000,0,20000
R014463,291728112007,78800,0,78800
R014467,291726220019,12800,0,12800
R014468,291726220022,12800,0,12800
R014470,291726223002,78800,752710,831510
R014471,291726221001,12800,0,12800
R014475,291726221005,78800,655600,734400
R014476,291726221008,78800,786200,865000
R014477,291726221009,78800,722790,801590
R014478,291726221010,12800,0,12800
R014479,291726221011,78800,605660,684460
R014480,291726300001,330,0,330
R014481,291726305007,510,0,510
R014482,291726400002,780,0,780
R014486,317726400052,1380,0,1380
R014488,317726400004,650210,0,650210
R014489,317726400005,10,0,10
R014491,317735100002,210,1671470,1671680
R014492,317735100005,3750,0,3750
R014505,317735002020,366740,1010730,1377470
R014507,317734400001,584810,1793810,2378620
R014511,317714000002,316010,0,316010
R014513,317714000016,718200,0,718200
R014515,317726100029,97550,10190,107740
R014519,299100000009,113410,0,113410
R014528,425100000010,20720,1880090,1900810
R014529,425105001028,102360,267530,369890
R014530,404300000003,24320,0,24320
R014531,404532001008,49500,242340,291840
R014532,425105002013,115160,0,115160
R014533,425105002005,102360,189330,291690
R014534,425105001024,85300,379740,465040
R014535,425105002015,102360,475980,578340
R014536,425100000008,86220,1455190,1541410
R014538,425105002022,85300,0,85300
R014540,425105001026,85300,280200,365500
R014541,404532001004,49500,342120,391620
R014542,425105002038,255900,0,255900
R014543,425105002034,85300,0,85300
R014544,425105002033,85300,0,85300
R014545,425105001019,85300,248440,333740
R014546,404500000032,4310,0,4310
R014547,425105002004,140000,195430,335430
R014549,425105002021,102360,852990,955350
R014550,425105002035,102360,158400,260760
R014551,404532001001,49500,307870,357370
R014552,404532000012,29360,350410,379770
R014556,425105002002,140000,301110,441110
R014557,404500000045,40590,34720,75310
R014558,425105002028,140000,190750,330750
R014559,425105001001,102360,0,102360
R014562,425105000001,41500,285120,326620
R014563,425105002029,140000,293440,433440
R014564,425105001040,170600,286630,457230
R014565,425105002017,88500,0,88500
R014566,404532001006,49500,192090,241590
R014567,425105001027,85300,290390,375690
R014569,404500000028,514130,422610,936740
R014572,404532000004,8400,0,8400
R014573,425105001012,85300,456150,541450
R014577,425105002026,219800,1892220,2112020
R014580,404532001007,49500,216840,266340
R014583,425105001018,85300,294130,379430
R014584,425105002025,140000,420370,560370
R014585,425105001009,85300,537730,623030
R014586,425105002001,102360,634710,737070
R014587,404532000015,49500,281300,330800
R014588,404532000007,52060,2250180,2302240
R014589,404300000008,312470,5638770,5951240
R014590,425105002020,102360,561370,663730
R014591,404500000000,4210,0,4210
R014592,404500000000,4210,0,4210
R014595,425105001014,204720,465790,670510
R014596,425105001015,85300,0,85300
R014598,425105001039,85300,430690,515990
R014599,425105001002,85300,232180,317480
R014600,425105001029,102360,242660,345020
R014601,425105001013,85300,311990,397290
R014602,404532001014,49500,470450,519950
R014604,425105001033,85300,233310,318610
R014605,425105001016,85300,397740,483040
R014606,425105001017,85300,276930,362230
R014607,425105002003,140000,0,140000
R014608,425105002018,223490,442690,666180
R014609,425105002016,102360,660070,762430
R014610,425105002006,102360,534660,637020
R014611,425105002007,102360,755050,857410
R014612,425105002008,102360,170890,273250
R014613,425105002014,140000,141210,281210
R014614,425105002012,140000,269390,409390
R014615,425105002024,140000,252670,392670
R014616,425105002030,140000,258380,398380
R014617,425105002031,102360,392180,494540
R014618,425105002023,102360,509020,611380
R014619,425105002032,102360,316890,419250
R014620,425105002011,140000,273250,413250
R014621,425105002027,102360,402880,505240
R014623,344500000004,540,0,540
R014624,344500000003,45190,491690,536880
R014625,350900000005,35610,0,35610
R014627,350900000010,29960,187340,217300
R014629,350900000003,15500,214100,229600
R014630,350900000004,15500,0,15500
R014631,350900000009,15500,0,15500
R014634,404701004059,95000,0,95000
R014636,404701004040,95000,355780,450780
R014637,404700000018,17570,266540,284110
R014638,404700000017,2350,0,2350
R014639,325300000033,141760,0,141760
R014640,404701004031,107000,499090,606090
R014641,404701003020,119000,266500,385500
R014642,404700000029,950,0,950
R014643,404701004042,107000,0,107000
R014646,404701005007,40000,0,40000
R014647,404701001001,36000,0,36000
R014648,325300000030,155770,251120,406890
R014649,325300000023,155770,164990,320760
R014650,424900000005,15220,48510,63730
R014652,404701005004,57600,0,57600
R014653,325300000022,156370,284570,440940
R014654,325300000031,155170,262260,417430
R014655,404701001007,65000,0,65000
R014656,404701004065,40000,0,40000
R014657,404701004034,40000,0,40000
R014658,404701004053,45500,0,45500
R014659,404701004058,36000,0,36000
R014660,404701004060,95000,556270,651270
R014662,425112000001,13280,146920,160200
R014663,404701003011,95000,482660,577660
R014664,377900000019,18340,0,18340
R014665,404701003021,46800,0,46800
R014666,404701004011,49500,0,49500
R014667,404701005002,147000,571940,718940
R014668,325300000016,142830,168680,311510
R014669,425112000004,15500,0,15500
R014670,404701004044,107000,183320,290320
R014671,404500000025,560,0,560
R014672,404701004072,36000,0,36000
R014673,404701004063,107000,287630,394630
R014674,404701004075,65000,0,65000
R014676,377900000026,284490,2590940,2875430
R014679,398500000002,13610,0,13610
R014680,404701004071,105000,5830,110830
R014681,404701004047,40000,0,40000
R014682,404701004002,40000,0,40000
R014683,424900000004,16940,174220,191160
R014684,404701003007,119000,478040,597040
R014685,404701003002,147000,649230,796230
R014686,404701004007,40000,0,40000
R014687,404701003022,101500,0,101500
R014688,404701004039,95000,315520,410520
R014689,404701005009,95000,0,95000
R014690,424900000012,16750,201910,218660
R014691,404732000003,31380,199600,230980
R014692,404701005011,40000,0,40000
R014693,404701003017,36000,0,36000
R014694,404701004051,81000,593780,674780
R014695,404701002001,36000,0,36000
R014696,404701004021,107000,369140,476140
R014697,404701004025,40000,0,40000
R014698,425101000005,15500,178410,193910
R014699,424900000009,23630,310950,334580
R014700,404701003014,40000,0,40000
R014702,404701004049,77000,0,77000
R014703,424900000003,15690,216810,232500
R014704,404701001006,107000,412730,519730
R014705,404700000009,27720,126740,154460
R014706,404701004022,45500,0,45500
R014707,424900000010,15870,160250,176120
R014708,404732000005,22350,531260,553610
R014709,404701004052,95000,450530,545530
R014710,425101000009,15310,170060,185370
R014712,404701003024,147000,438500,585500
R014713,425101000012,25080,682640,707720
R014714,404701004043,40000,0,40000
R014715,325300000029,141760,209540,351300
R014716,404701004041,95000,303680,398680
R014717,425101000007,22640,180950,203590
R014718,425101000010,16180,0,16180
R014719,377900000009,15230,0,15230
R014720,377700000004,13410,31170,44580
R014721,404701004030,40000,0,40000
R014722,325300000020,141760,322910,464670
R014724,404701003004,119000,287320,406320
R014725,404701004067,107000,337740,444740
R014726,425101000006,15500,153850,169350
R014727,404701004014,50000,0,50000
R014729,404700000022,29510,0,29510
R014730,325300000026,141760,349650,491410
R014731,404700000011,6040,0,6040
R014733,404700000021,56490,0,56490
R014735,377700000008,65830,955030,1020860
R014736,425101000008,15500,130720,146220
R014740,404701004045,40000,0,40000
R014741,425101000004,35340,0,35340
R014742,404701005008,147000,735690,882690
R014743,425101000016,15500,146230,161730
R014744,404701004012,80000,0,80000
R014745,404500000055,37380,74640,112020
R014747,404701002005,40000,0,40000
R014748,325300000021,141760,183470,325230
R014749,424900000006,16540,75660,92200
R014750,404701004009,40000,0,40000
R014751,404701004005,95000,324910,419910
R014752,404701003005,95000,5770,100770
R014754,398700000002,1680,10320,12000
R014755,404701004013,59500,9540,69040
R014756,404701004001,105000,0,105000
R014757,404700000004,7110,0,7110
R014758,404700000003,7880,0,7880
R014759,404701004061,95000,773370,868370
R014760,377900000023,59930,264310,324240
R014761,404701004015,95000,9330,104330
R014762,404701005010,147000,309140,456140
R014763,404701005006,147000,1358370,1505370
R014764,404732000004,21980,5870,27850
R014765,404701004023,36000,0,36000
R014766,425101000011,15590,331430,347020
R014767,404701004055,81000,8770,89770
R014768,404701004064,40000,0,40000
R014770,425101000001,23700,361980,385680
R014771,404701004068,75000,0,75000
R014772,404701002002,36000,0,36000
R014773,425100000006,141760,47770,189530
R014774,404701005005,107000,338570,445570
R014775,404701000001,34690,69380,104070
R014780,404701001002,36000,0,36000
R014782,425101000002,15500,76990,92490
R014783,404701003015,95000,746930,841930
R014785,404701004073,40000,0,40000
R014786,404700000024,18080,0,18080
R014787,404701004056,40000,0,40000
R014788,425100000007,1860,0,1860
R014789,404701004062,36000,0,36000
R014790,425101000013,25080,139470,164550
R014791,425101000014,15500,297890,313390
R014792,404701003019,77000,0,77000
R014796,425100000014,214870,370410,585280
R014797,425100000003,214870,0,214870
R014798,425100000013,141760,0,141760
R014799,404500000043,133100,208130,341230
R014800,425100000005,124050,0,124050
R014801,425100000019,31920,311320,343240
R014802,325300000027,141760,0,141760
R014803,404701002003,107000,446670,553670
R014804,325300000044,214870,724180,939050
R014805,404701004024,40000,0,40000
R014806,404701003016,36000,0,36000
R014807,404701004037,36000,0,36000
R014808,404701003012,49500,0,49500
R014809,404701003003,65000,0,65000
R014811,404701003023,46800,0,46800
R014812,404701004066,40000,0,40000
R014813,404701001004,105000,7860,112860
R014814,404701005003,107000,347140,454140
R014815,404701005001,77000,0,77000
R014816,404701004038,95000,267060,362060
R014818,404700000027,126790,390,127180
R014821,404500000037,167600,383610,551210
R014822,377900000015,10920,247390,258310
R014824,404701004069,95000,344740,439740
R014825,404701004003,40000,0,40000
R014826,404701004070,40000,0,40000
R014827,404701004008,40000,0,40000
R014828,404732000006,15410,103250,118660
R014829,325300000024,141760,384660,526420
R014830,404701004028,77000,0,77000
R014831,404701004004,40000,0,40000
R014832,404701004050,52000,0,52000
R014833,404701003010,40000,0,40000
R014834,404701004018,40000,0,40000
R014835,425112000003,19850,228840,248690
R014836,425112000002,15500,130870,146370
R014837,404701004035,107000,221510,328510
R014838,404701004033,95000,597580,692580
R014839,404701003008,61000,0,61000
R014840,404701004020,40000,0,40000
R014841,404701002004,40000,0,40000
R014842,404701003018,70000,0,70000
R014844,404701003006,52000,0,52000
R014845,404701004032,117000,0,117000
R014846,404701004019,95000,0,95000
R014847,404701003009,107000,424380,531380
R014848,404701004026,107000,0,107000
R014849,404701004010,95000,426720,521720
R014850,404701004036,40000,0,40000
R014851,404701004046,107000,335530,442530
R014852,404732000002,15500,63560,79060
R014853,404701004054,117000,8770,125770
R014854,404701004029,107000,468040,575040
R014855,404701004048,91000,0,91000
R014858,317900000091,4099360,0,4099360
R014859,317900000068,12530,0,12530
R014860,317900000037,40830,0,40830
R014861,317900000059,280680,0,280680
R014862,317900000058,149430,0,149430
R014863,370500000006,113410,0,113410
R014886,325721101015,351900,1180730,1532630
R014895,325721101019,275560,1278700,1554260
R014897,325721102008,229640,0,229640
R014898,325721102022,262440,846150,1108590
R014900,325721102019,243000,0,243000
R014903,325721103016,351900,899400,1251300
R014906,325721103018,351900,894190,1246090
R014908,325721103012,656100,0,656100
R014909,325721103017,391000,846720,1237720
R014917,325721104007,218700,0,218700
R014918,325721104032,218700,1178040,1396740
R014919,325721104034,306180,1502900,1809080
R014922,325721104037,218700,0,218700
R014923,325721104029,229640,918890,1148530
R014925,325721104018,369500,821800,1191300
R014928,325721105022,424920,0,424920
R014931,325721105021,262440,0,262440
R014938,325721105034,229640,0,229640
R014939,325721105014,229640,1141030,1370670
R014941,325721105028,459270,0,459270
R014943,325721105026,366560,1269640,1636200
R014945,325721105037,301810,0,301810
R014958,325721402065,218700,0,218700
R014961,325721402010,229640,0,229640
R014962,325721402011,243000,788880,1031880
R014967,325721402016,229640,0,229640
R014969,325721402018,262440,787870,1050310
R014972,325721402021,191360,0,191360
R014973,325721402022,220070,0,220070
R014974,325721402032,229640,0,229640
R014976,325721402052,275560,1021290,1296850
R014977,325721402027,191360,1048570,1239930
R014979,325721403027,459270,0,459270
R014981,325721403004,255150,0,255150
R014982,325721403006,255150,932500,1187650
R014983,325721403007,255150,0,255150
R014984,325721403008,255150,0,255150
R014985,325721403009,255150,889700,1144850
R014986,325721403010,243000,0,243000
R014987,325721403011,291600,124060,415660
R014988,325721403028,243000,564850,807850
R014989,325721403032,243000,0,243000
R014991,325722304055,369500,0,369500
R014992,325721403031,218700,803600,1022300
R014993,325721404001,195190,0,195190
R014998,325721404030,229640,1687420,1917060
R014999,325721405022,369500,825650,1195150
R015000,325721405002,262440,578020,840460
R015001,325721405003,229640,936880,1166520
R015002,325721405004,349310,872400,1221710
R015003,325721405020,349310,905200,1254510
R015004,325721405027,322760,1014500,1337260
R015005,325721405018,288180,887290,1175470
R015007,325721405019,461090,891920,1353010
R015008,325721406001,227810,95980,323790
R015009,325721406002,382730,0,382730
R015011,325721406007,243000,863730,1106730
R015012,325721406041,255150,900860,1156010
R015013,325721406010,218700,0,218700
R015015,325721406012,267300,0,267300
R015016,325721406034,267300,930400,1197700
R015017,325721406015,267300,883210,1150510
R015018,325721406016,267300,740940,1008240
R015019,325721406017,243000,0,243000
R015020,325721406018,275560,835030,1110590
R015021,325721406020,267300,1395000,1662300
R015022,325721406021,280670,1002640,1283310
R015023,325721406022,229640,920470,1150110
R015024,325721406023,229640,816820,1046460
R015025,325721406045,218700,1225450,1444150
R015028,325721406050,191360,0,191360
R015029,325721406039,243000,0,243000
R015031,325721407016,280670,0,280670
R015032,325721407002,267300,0,267300
R015033,325721407003,267300,704710,972010
R015034,325721408020,267300,905560,1172860
R015036,325721408016,267300,0,267300
R015037,325721408006,280670,819370,1100040
R015038,325722000005,175570,0,175570
R015040,325722201002,275560,872170,1147730
R015043,325722201010,229640,1330740,1560380
R015046,325722202001,369500,1267760,1637260
R015049,325722202040,351900,900670,1252570
R015052,325722202059,191360,0,191360
R015060,325722202051,275560,866180,1141740
R015066,325722202066,229640,0,229640
R015075,325722203003,229640,959570,1189210
R015077,325722203006,518560,1270150,1788710
R015078,325722203007,229640,0,229640
R015081,325722301028,306180,1613320,1919500
R015083,325722301032,229640,782460,1012100
R015084,325722301030,229640,1314260,1543900
R015086,325722302014,229640,914210,1143850
R015088,325722302009,229640,0,229640
R015089,325722302011,182250,0,182250
R015093,325722303024,273380,0,273380
R015094,325722303006,306180,0,306180
R015095,325722303007,229640,0,229640
R015096,325722303008,229640,0,229640
R015097,325722303047,234230,0,234230
R015098,325722303010,275560,933850,1209410
R015099,325722303011,275560,0,275560
R015100,325722303012,275560,1002420,1277980
R015101,325722303013,306180,1200960,1507140
R015102,325722303039,162660,476950,639610
R015104,325722303017,229640,0,229640
R015105,325722303019,229640,0,229640
R015106,325722303020,229640,1270690,1500330
R015107,325722303041,702270,0,702270
R015108,325722303022,229640,0,229640
R015111,325722304023,229640,0,229640
R015112,325722304004,255150,956170,1211320
R015113,325722304005,229640,0,229640
R015115,325722304013,229640,0,229640
R015117,325722304048,191360,0,191360
R015119,325722305009,255150,0,255150
R015120,325722305033,255150,1284850,1540000
R015125,325722306026,574090,0,574090
R015129,325722306008,303750,951700,1255450
R015130,325722306010,255150,0,255150
R015132,325722306025,459280,794350,1253630
R015133,325722306013,229640,0,229640
R015135,325722306015,243000,0,243000
R015136,325722306016,243000,575490,818490
R015137,325722307012,229640,81620,311260
R015138,325722307002,195190,1505320,1700510
R015139,325722307003,273380,1064540,1337920
R015141,325722307018,255150,0,255150
R015142,325722308001,255150,842650,1097800
R015143,325722308002,229640,0,229640
R015145,325722308004,255150,906170,1161320
R015146,325722308005,227810,988670,1216480
R015147,325722308006,267300,776850,1044150
R015148,325722308007,267300,950250,1217550
R015149,325722308008,267300,792940,1060240
R015150,325722308009,227210,0,227210
R015151,325722308010,267300,797150,1064450
R015152,325722308014,240570,703310,943880
R015153,325722308015,227210,0,227210
R015156,325727200013,284990,2534250,2819240
R015157,325727201023,172230,0,172230
R015158,325727201004,510300,0,510300
R015159,325727201006,255150,864460,1119610
R015160,325727201007,437400,0,437400
R015161,325727201008,255150,708110,963260
R015162,325727201009,191360,0,191360
R015163,325727201011,243000,742300,985300
R015165,325727201019,255150,720310,975460
R015166,325727202001,191360,779690,971050
R015169,325727202004,382730,812940,1195670
R015170,325727202005,191360,850660,1042020
R015173,325727202068,191360,0,191360
R015174,325727202011,255150,0,255150
R015175,325727202012,306180,790710,1096890
R015176,325727202013,306180,0,306180
R015180,325727246001,0,908450,908450
R015184,325727202022,297990,862810,1160800
R015186,325727202027,269610,0,269610
R015187,325727202030,283090,0,283090
R015188,325727202031,267300,593250,860550
R015189,325727202033,227210,783700,1010910
R015190,325727202082,534600,910190,1444790
R015195,325727202056,283090,0,283090
R015198,325727202045,240570,1157280,1397850
R015200,325727202072,269610,0,269610
R015202,325727202088,229640,746160,975800
R015204,325727202063,267300,840820,1108120
R015205,325727202080,565290,1160390,1725680
R015207,325727204059,267300,565640,832940
R015208,325727204002,267300,0,267300
R015209,325727204003,267300,850160,1117460
R015210,325727204004,267300,768490,1035790
R015214,325727204008,267300,0,267300
R015215,325727204009,280670,746660,1027330
R015216,325727204010,280670,844590,1125260
R015217,325727204011,280670,0,280670
R015218,325727204052,267300,0,267300
R015220,325727204015,267300,519910,787210
R015221,325727204023,267300,660790,928090
R015222,325727204024,267300,856700,1124000
R015223,325727204025,0,553970,553970
R015224,325727204026,267300,1229170,1496470
R015227,325727204060,297990,215030,513020
R015228,325727204053,283800,0,283800
R015229,325727204049,267300,482200,749500
R015230,325727204032,283800,1025810,1309610
R015231,325727204033,297990,0,297990
R015232,325727204034,298000,564710,862710
R015233,325727204036,243000,1482470,1725470
R015235,325727204038,283800,0,283800
R015238,325727205002,280670,839630,1120300
R015239,325727205003,280670,893420,1174090
R015240,325727205005,267300,749820,1017120
R015241,325727205006,267300,716460,983760
R015242,325727205007,280670,995910,1276580
R015244,325727207009,267300,702970,970270
R015245,325727207002,267300,848620,1115920
R015246,325727207003,267300,433150,700450
R015248,325727207005,267300,535180,802480
R015249,325727207010,267300,836500,1103800
R015250,325727207007,267300,0,267300
R015251,325727208001,267300,749400,1016700
R015252,325727208002,280670,905520,1186190
R015253,325727208009,235000,1061230,1296230
R015254,325727208006,235000,804960,1039960
R015255,325727208005,235000,0,235000
R015256,325727209001,267300,564430,831730
R015258,325727209003,267300,807400,1074700
R015259,325727209005,267300,624470,891770
R015264,325727209031,267300,1093230,1360530
R015265,325727209049,267300,885030,1152330
R015266,325727209013,267300,809600,1076900
R015267,325727209014,267300,1152870,1420170
R015268,325727209015,267300,754930,1022230
R015269,325727225001,0,771920,771920
R015271,325727209054,267300,1028330,1295630
R015273,325727209021,267300,753740,1021040
R015276,325727209056,534600,0,534600
R015277,325727209033,267300,1002370,1269670
R015282,325727210022,267300,0,267300
R015283,325727210007,588060,0,588060
R015284,325727210010,267300,0,267300
R015287,325727211001,0,749870,749870
R015288,325727211002,0,782270,782270
R015289,325727212001,0,445920,445920
R015290,325727212002,0,447280,447280
R015291,325727212003,0,445920,445920
R015292,325727212004,0,445920,445920
R015293,325727213001,0,613270,613270
R015294,325727213002,0,597930,597930
R015295,325727213003,0,597930,597930
R015296,325727213004,0,613270,613270
R015297,325727214001,0,541030,541030
R015298,325727214002,0,513980,513980
R015299,325727214003,0,526940,526940
R015300,325727214012,0,501130,501130
R015301,325727214005,0,500590,500590
R015302,325727214006,0,501130,501130
R015303,325727214007,0,513980,513980
R015304,325727214008,0,541030,541030
R015305,325727215001,0,460140,460140
R015306,325727215002,0,448640,448640
R015307,325727215003,0,448640,448640
R015308,325727215004,0,460140,460140
R015309,325727216001,0,411690,411690
R015310,325727216002,0,411690,411690
R015311,325727216003,0,411690,411690
R015312,325727216004,0,411690,411690
R015313,325727217001,0,587230,587230
R015314,325727217002,0,601990,601990
R015315,325727217003,0,524630,524630
R015316,325727217004,0,524630,524630
R015317,325727217005,0,601990,601990
R015318,325727217006,0,601990,601990
R015319,325727217007,0,601990,601990
R015320,325727217008,0,601990,601990
R015321,325727217009,0,523770,523770
R015322,325727217010,0,552240,552240
R015323,325727217012,0,617420,617420
R015324,325727217013,0,538080,538080
R015325,325727217014,0,538080,538080
R015330,325727218001,0,439020,439020
R015331,325727218002,0,460760,460760
R015332,325727218003,0,664190,664190
R015333,325727218004,0,740850,740850
R015334,325727219001,0,433030,433030
R015335,325727219002,0,433030,433030
R015336,325727219003,0,433030,433030
R015337,325727219004,0,455820,455820
R015338,325727220001,0,580020,580020
R015341,325727220004,0,577460,577460
R015342,325727300005,0,1383140,1383140
R015343,325727300006,3600,0,3600
R015345,325727305020,235000,0,235000
R015348,325727305007,235000,0,235000
R015349,325727307005,0,726970,726970
R015351,325728100001,2400,0,2400
R015353,325728101001,267300,906600,1173900
R015354,325728101002,267300,823450,1090750
R015355,325728101028,267300,1041430,1308730
R015357,325728101034,267300,835500,1102800
R015358,325728101010,267300,0,267300
R015359,325728101011,267300,458190,725490
R015360,325728101012,267300,713170,980470
R015361,325728115001,0,626390,626390
R015362,325728101015,267300,692520,959820
R015363,325728101016,267300,1058740,1326040
R015364,325728101017,267300,780370,1047670
R015365,325728101018,267300,787570,1054870
R015366,325728101021,267300,931370,1198670
R015367,325728101022,267300,0,267300
R015368,325728101033,320760,626070,946830
R015370,325728101030,267300,810010,1077310
R015371,325728101026,267300,801770,1069070
R015373,325728102027,267300,0,267300
R015374,325728102022,267300,636580,903880
R015377,325728102009,267300,566980,834280
R015380,325728103001,267300,0,267300
R015381,325728103053,267300,756570,1023870
R015382,325728103003,267300,477690,744990
R015383,325728103004,267300,1022140,1289440
R015384,325728103006,267300,410410,677710
R015385,325728103008,267300,638260,905560
R015386,325728103016,267300,773020,1040320
R015387,325728103050,267300,0,267300
R015388,325728103054,267300,772020,1039320
R015389,325728103055,267300,0,267300
R015390,325728103035,267300,1104490,1371790
R015391,325728103043,267300,830950,1098250
R015392,325728103044,267300,978980,1246280
R015393,325728103046,267300,0,267300
R015394,325728104003,267300,796800,1064100
R015395,325728104004,267300,796160,1063460
R015396,325728104005,267300,840120,1107420
R015398,325728104007,267300,788120,1055420
R015399,325728104008,267300,759390,1026690
R015401,325728104017,280670,1135330,1416000
R015402,325728104013,267300,1125140,1392440
R015403,325728104014,267300,699520,966820
R015404,325728104015,320760,610490,931250
R015405,325728105001,267300,0,267300
R015408,325728105098,267300,1047250,1314550
R015409,325728105005,267300,799270,1066570
R015413,325728105011,267300,0,267300
R015415,325728105017,267300,1329350,1596650
R015416,325728105021,267300,0,267300
R015417,325728105022,267300,709270,976570
R015418,325728105023,267300,0,267300
R015419,325728105027,320760,1075300,1396060
R015420,325728105028,267300,752030,1019330
R015421,325728105029,267300,933460,1200760
R015422,325728105030,267300,910010,1177310
R015423,325728105062,267300,696520,963820
R015424,325728116001,0,735780,735780
R015425,325728105033,267300,798940,1066240
R015426,325728105090,267300,952330,1219630
R015428,325728105060,267300,817230,1084530
R015430,325728105047,267300,893940,1161240
R015432,325728105049,267300,790440,1057740
R015434,325728105099,320760,862560,1183320
R015435,325728105054,267300,1037460,1304760
R015437,325728105061,240570,1148140,1388710
R015438,325728105102,267300,914640,1181940
R015442,325728106002,384240,0,384240
R015443,325728106003,384240,853630,1237870
R015446,325728106051,384240,796180,1180420
R015447,325728106007,384240,821580,1205820
R015448,325728106008,384240,884850,1269090
R015450,325728106010,384240,982840,1367080
R015451,325728106011,384240,1034870,1419110
R015452,325728106012,235000,972810,1207810
R015453,325728106013,282000,1060770,1342770
R015454,325728106014,235000,1158350,1393350
R015455,325728106058,282000,909550,1191550
R015457,325728106064,282000,944980,1226980
R015458,325728106027,235000,0,235000
R015459,325728106029,235000,681260,916260
R015460,325728106031,282000,672980,954980
R015461,325728106033,267300,750090,1017390
R015462,325728106034,267300,757460,1024760
R015463,325728106063,235000,1003770,1238770
R015466,325728106041,267300,769980,1037280
R015467,325728106060,133650,0,133650
R015468,325728106043,235000,823310,1058310
R015469,325728106045,235000,1250910,1485910
R015471,325728106047,235000,868740,1103740
R015472,325728106048,235000,1102130,1337130
R015474,325728106057,235000,851270,1086270
R015475,325728107007,267300,877650,1144950
R015476,325728107002,320760,657280,978040
R015477,325728107003,267300,774890,1042190
R015478,325728107004,267300,736740,1004040
R015479,325728107005,267300,887810,1155110
R015480,325728107006,267300,854980,1122280
R015481,325728108002,0,424130,424130
R015482,325728108003,0,392170,392170
R015483,325728108004,0,392170,392170
R015486,325728108011,0,424130,424130
R015487,325728109001,0,518160,518160
R015488,325728109002,0,622200,622200
R015489,325728110002,0,579060,579060
R015490,325728110003,0,579060,579060
R015491,325728110004,0,586910,586910
R015492,325728110007,0,593900,593900
R015493,325728111001,0,627730,627730
R015496,325728111006,0,625400,625400
R015508,325501011001,890500,1870620,2761120
R015509,325501002001,388780,2171170,2559950
R015510,325501002002,483810,2187790,2671600
R015511,325501008001,232600,1340610,1573210
R015512,325501002010,483810,0,483810
R015513,325501002006,483810,2342150,2825960
R015514,325501002007,500000,1600000,2100000
R015515,325501003001,385530,0,385530
R015516,325501003002,481920,0,481920
R015517,325501003003,514050,1999920,2513970
R015518,325501003004,604760,1825820,2430580
R015519,325501003005,465200,0,465200
R015520,325501003008,604760,2375130,2979890
R015521,325501003009,483810,0,483810
R015522,325501004002,0,1007560,1007560
R015523,325501004005,0,958170,958170
R015526,325501006001,0,1034610,1034610
R015527,325501006002,0,1034610,1034610
R015528,325501006003,0,929660,929660
R015529,325501006004,0,872770,872770
R015531,325512008001,514050,0,514050
R015532,325512008002,604760,0,604760
R015533,325512008003,604760,0,604760
R015538,325512008010,388780,1853450,2242230
R015539,325512017009,229900,1270270,1500170
R015545,325512012001,0,1062930,1062930
R015546,325512012002,0,1061840,1061840
R015547,325512012003,0,1062930,1062930
R015553,325512013004,0,1182200,1182200
R015556,325706001047,711450,4427830,5139280
R015557,325706001003,527000,3027110,3554110
R015558,325706001004,527000,1722760,2249760
R015559,325706001005,527000,2138090,2665090
R015560,325706001006,527000,2456570,2983570
R015561,325706001007,527000,1966080,2493080
R015562,325706001008,527000,1281680,1808680
R015565,325706001011,510850,0,510850
R015566,325706001012,480800,2518140,2998940
R015567,325706001013,601000,2496260,3097260
R015568,325706001014,480800,2603450,3084250
R015569,325706001015,408680,2359770,2768450
R015571,325706001048,1021700,0,1021700
R015572,325706001018,527000,2507990,3034990
R015573,325706001019,924890,0,924890
R015574,325706001020,320,0,320
R015575,325706001021,320,0,320
R015577,325706001023,320,0,320
R015578,325706001024,480800,1238020,1718820
R015579,325706001025,531280,3613540,4144820
R015580,325706001026,601000,2956660,3557660
R015581,325706001027,510850,0,510850
R015582,325706001037,685100,3102020,3787120
R015583,325706001029,531280,0,531280
R015584,325706001030,504720,3402550,3907270
R015585,325706008001,0,1756730,1756730
R015586,325706002004,604760,2248870,2853630
R015588,325706002006,837360,0,837360
R015589,325706002007,837360,1735050,2572410
R015591,325706002009,837360,0,837360
R015592,325706002010,879230,1300680,2179910
R015593,325706002011,604760,1881030,2485790
R015595,325706010001,232600,1653440,1886040
R015596,325706005001,0,1671450,1671450
R015597,325706002015,483810,0,483810
R015598,325706003001,0,1674880,1674880
R015599,325706003002,0,1689710,1689710
R015600,325706004001,0,3008240,3008240
R015601,325706004002,0,2610610,2610610
R015603,291500000007,249720,212470,462190
R015604,291500000009,49260,0,49260
R015606,291500000131,146570,1668440,1815010
R015607,291700000003,10610,1716550,1727160
R015608,291700000037,660,453750,454410
R015610,291700000009,162120,356520,518640
R015611,291700000011,49260,0,49260
R015612,291700000014,11450,0,11450
R015613,291700000016,260550,0,260550
R015614,291700000049,4810,0,4810
R015617,291707200019,75930,0,75930
R015619,291707200009,53380,0,53380
R015620,291707200013,65890,858100,923990
R015625,291707201016,79000,1442520,1521520
R015626,291707201020,163930,1125570,1289500
R015628,291707201011,143800,592970,736770
R015629,291707202008,158000,1052700,1210700
R015630,291707202004,79000,0,79000
R015631,291707202009,79000,688200,767200
R015632,291707300004,590,0,590
R015634,291707301039,143800,473760,617560
R015635,291707301002,79000,509740,588740
R015636,291707301003,79000,449030,528030
R015637,291707301004,79000,0,79000
R015638,291707301005,79000,585680,664680
R015640,291707301032,79000,440710,519710
R015641,291707301009,79000,0,79000
R015642,291707301010,79000,0,79000
R015643,291707301011,79000,685050,764050
R015644,291707301013,79000,766660,845660
R015645,291707301015,79000,342260,421260
R015646,291707301038,79000,623740,702740
R015648,291707301018,79000,961660,1040660
R015649,291707301034,79000,548260,627260
R015651,291707301021,79000,684490,763490
R015652,291707301022,79000,588110,667110
R015653,291707301023,79000,686530,765530
R015654,291707301024,79000,498000,577000
R015655,291707302001,143800,1096050,1239850
R015657,291707302022,143800,1545350,1689150
R015662,291707302016,143800,1469040,1612840
R015664,291707302013,143800,570860,714660
R015666,291707303014,90060,0,90060
R015667,291707303012,90060,775630,865690
R015668,291707303010,79000,0,79000
R015669,291707303008,79000,1078230,1157230
R015670,291707303016,180120,823520,1003640
R015671,291723300010,63660,196650,260310
R015673,291723300006,46060,35130,81190
R015674,291723300007,84000,0,84000
R015679,291725000012,142380,0,142380
R015682,291725000046,209940,0,209940
R015684,291725000073,106910,485460,592370
R015685,291725000022,71330,0,71330
R015686,291725000060,123420,140110,263530
R015687,291725000068,122280,539090,661370
R015688,291725000066,18710,123270,141980
R015689,291725000032,51230,550560,601790
R015691,291725000072,61600,599360,660960
R015694,291725001001,227650,904240,1131890
R015695,291725001002,84320,0,84320
R015696,291725001003,78800,1245710,1324510
R015697,291725001014,78800,696470,775270
R015698,291725001015,84320,752610,836930
R015699,291725001006,84320,0,84320
R015700,291725001007,78800,789550,868350
R015701,291725001008,84320,587950,672270
R015702,291725001009,78800,1605250,1684050
R015703,291725001010,84320,464510,548830
R015707,291726148002,51270,55300,106570
R015710,291726100012,191020,0,191020
R015715,291726200001,56520,163980,220500
R015716,291726200002,70920,0,70920
R015717,291726200003,68220,564940,633160
R015719,291726200036,12800,0,12800
R015720,291726200037,90490,111330,201820
R015721,291726200019,63260,0,63260
R015724,291726200035,41810,1307330,1349140
R015726,291726200038,78800,448990,527790
R015727,291726200039,320,0,320
R015728,291726200031,320,0,320
R015729,291726224013,78800,696730,775530
R015730,291726224012,78800,0,78800
R015731,291726224006,78800,703430,782230
R015732,291726224007,78800,662030,740830
R015735,291726300011,196760,0,196760
R015741,291726307004,143800,1483030,1626830
R015742,291726400012,133800,0,133800
R015743,291726400005,158250,0,158250
R015745,291700000040,185260,506520,691780
R015746,291727100018,78800,0,78800
R015748,291700000036,268670,935260,1203930
R015752,291728100011,8000,0,8000
R015753,291728100012,46910,634050,680960
R015754,291728100015,191200,85720,276920
R015756,291728104020,78800,1069870,1148670
R015758,291728104021,78800,1373310,1452110
R015760,291728104022,78800,439340,518140
R015761,291728104023,78800,1471450,1550250
R015763,291728104010,20000,0,20000
R015766,291728104013,106240,15900,122140
R015767,291728104025,40000,0,40000
R015769,291728105001,106240,490940,597180
R015770,291728106003,78800,1559750,1638550
R015772,291728107009,114240,0,114240
R015773,291728107002,20000,0,20000
R015774,291728107008,40000,0,40000
R015776,291728107005,78800,304340,383140
R015777,291500000010,33720,0,33720
R015778,291700000027,7960,0,7960
R015780,325512000063,1248070,0,1248070
R015805,298700000009,3860,0,3860
R015806,318517011003,30900,28970,59870
R015807,318517002003,20000,104050,124050
R015808,318517008001,20000,159790,179790
R015810,318517001001,10,0,10
R015812,298900000035,106460,1038450,1144910
R015813,318517001003,30900,193720,224620
R015814,318517004001,20000,79290,99290
R015815,318517002004,20000,97470,117470
R015816,318517001002,48690,0,48690
R015817,318517008007,20000,71560,91560
R015819,318517002001,20000,126350,146350
R015821,292100000006,65370,764220,829590
R015822,318517007003,20000,82290,102290
R015824,291900000057,141420,428770,570190
R015827,324700000007,3090,0,3090
R015828,318508007001,20000,0,20000
R015829,318517008004,20000,85740,105740
R015830,318500000022,25600,0,25600
R015838,298700000004,84430,319940,404370
R015839,298700000011,40620,0,40620
R015842,318517007001,20000,144180,164180
R015843,291900000007,157470,232210,389680
R015846,291900000011,72000,442440,514440
R015847,291900000059,860,0,860
R015848,298900000013,1060,0,1060
R015849,298900000034,4950,0,4950
R015850,318508002003,20000,91570,111570
R015852,318517003002,20000,116590,136590
R015853,298900000030,135660,33100,168760
R015854,291900000065,1130,0,1130
R015855,291900000015,2230,0,2230
R015857,318508002006,20000,75270,95270
R015858,318508004001,20000,85640,105640
R015859,318517007002,20000,121150,141150
R015860,318500000033,175310,0,175310
R015861,318508003003,20000,88840,108840
R015863,292100000036,1970,0,1970
R015864,292100000012,346460,1808720,2155180
R015867,291900000093,240060,0,240060
R015869,318508005001,105000,0,105000
R015871,318517010009,30900,12070,42970
R015872,318508004004,20000,64650,84650
R015873,318517011001,54100,0,54100
R015874,318517008005,35000,0,35000
R015875,318508002001,20000,179190,199190
R015877,318517010006,30900,142850,173750
R015878,292100000019,289810,908910,1198720
R015879,298700000003,118320,0,118320
R015880,292100000020,105040,1636600,1741640
R015881,292100000029,100730,766650,867380
R015883,318508002005,20000,113550,133550
R015884,298900000012,255750,698620,954370
R015885,318517010005,30900,126450,157350
R015886,318517001004,30900,150860,181760
R015887,318517008006,30900,78860,109760
R015888,298900000021,106860,970530,1077390
R015890,318517010004,30900,139740,170640
R015891,291900000000,150,0,150
R015892,291900000000,690,0,690
R015894,291900000054,59480,446500,505980
R015895,298700000010,32650,0,32650
R015904,318500000005,154560,9478680,9633240
R015905,318500000013,183560,0,183560
R015906,318500000029,13210,0,13210
R015910,291900000018,1310,1081080,1082390
R015911,291900000067,11170,4090,15260
R015913,291900000048,2230,0,2230
R015915,298900000056,29290,1207260,1236550
R015916,291900000049,59480,191390,250870
R015917,291900000038,60160,245270,305430
R015919,318517008002,20000,92150,112150
R015923,291900000021,59480,421990,481470
R015924,291900000053,2230,0,2230
R015925,298900000041,2470,0,2470
R015926,318508004002,20000,179350,199350
R015927,324700000005,80060,1467170,1547230
R015929,318517009003,20000,112060,132060
R015930,318508006003,20000,164040,184040
R015931,298900000014,5110,227620,232730
R015933,318517002002,20000,95450,115450
R015934,318517004003,20000,156310,176310
R015935,291900000030,59760,209980,269740
R015936,318508006002,40000,68240,108240
R015937,291900000033,250000,265480,515480
R015938,318517006004,20000,118510,138510
R015940,291900000035,500000,109540,609540
R015943,298900000051,4650,0,4650
R015946,291900000034,59480,336140,395620
R015947,291900000019,132900,0,132900
R015948,291900000020,69040,0,69040
R015951,318517006001,20000,171440,191440
R015952,291900000041,4470,0,4470
R015953,291900000032,59480,213050,272530
R015954,318508002004,30900,95160,126060
R015955,291900000050,59480,343210,402690
R015956,291900000080,1820,0,1820
R015957,318517006003,20000,137130,157130
R015959,298909000001,86710,240620,327330
R015960,291900000047,61720,238540,300260
R015961,318517004004,20000,135630,155630
R015962,318517003001,20000,59090,79090
R015963,292100000000,4220,0,4220
R015965,292100000033,155800,103930,259730
R015967,292100000027,95530,0,95530
R015969,292300000001,3450,0,3450
R015970,298900000032,730,0,730
R015973,292100000009,32690,38020,70710
R015974,318500000020,449180,0,449180
R015975,292100000028,156580,784010,940590
R015977,291900000000,160,0,160
R015978,292100000015,128240,2057640,2185880
R015980,318517001005,20000,77920,97920
R015981,292100000021,8900,0,8900
R015983,318517006002,35000,0,35000
R015984,291900000031,59480,141150,200630
R015985,291900000052,59480,428420,487900
R015986,318508006004,20000,93540,113540
R015988,291900000026,59480,589200,648680
R015989,318517009002,30900,246020,276920
R015990,318700000005,208210,0,208210
R015992,318500000051,7070,0,7070
R015993,291900000039,59480,381340,440820
R015994,318517010011,30900,134430,165330
R015995,318517010012,30900,13720,44620
R015996,291900000028,59480,404830,464310
R015997,291900000040,61720,188810,250530
R016004,318500000011,213890,0,213890
R016006,292100000018,31950,472340,504290
R016007,298900000011,314230,808480,1122710
R016009,318508003004,20000,130220,150220
R016010,318500000037,38040,221850,259890
R016014,318508004005,20000,92660,112660
R016015,318508002002,20000,73460,93460
R016016,291900000058,40970,303280,344250
R016017,318517009001,30900,156280,187180
R016018,292100000014,73540,849450,922990
R016019,291900000055,59480,364750,424230
R016020,291900000027,2510,0,2510
R016021,318517004005,20000,164750,184750
R016023,318508004003,35000,19810,54810
R016024,318500000045,1121140,1519460,2640600
R016025,318500000009,188690,0,188690
R016027,291900000000,150,0,150
R016028,298909001002,4000,0,4000
R016032,318500000052,68910,39780,108690
R016033,318500000010,31660,333120,364780
R016034,318500000038,12000,0,12000
R016035,318500000047,73830,567720,641550
R016036,318500000008,47910,0,47910
R016038,291900000025,61720,463470,525190
R016039,318517010003,30900,31030,61930
R016041,291900000000,1380,0,1380
R016042,291900000000,150,0,150
R016043,291900000000,310,0,310
R016044,291900000000,150,0,150
R016045,378500000000,13550,0,13550
R016046,291900000000,150,0,150
R016047,298900000000,2120,0,2120
R016048,291900000000,150,0,150
R016049,318700000000,20100,0,20100
R016050,291900000000,150,0,150
R016051,318500000000,1350,0,1350
R016052,291900000000,150,0,150
R016053,291900000000,150,0,150
R016055,291900000000,150,0,150
R016056,291900000000,150,0,150
R016057,291900000000,150,0,150
R016059,291900000000,150,0,150
R016060,291900000000,310,0,310
R016061,291900000000,180,0,180
R016062,291900000000,1750,0,1750
R016063,291900000000,110,0,110
R016064,318500000000,12640,0,12640
R016065,291900000000,150,0,150
R016066,291900000000,150,0,150
R016067,291900000000,150,0,150
R016068,318500000000,560,0,560
R016069,291900000000,150,0,150
R016070,291900000000,150,0,150
R016071,318500000000,20100,0,20100
R016072,291900000000,460,0,460
R016073,318500000000,110,0,110
R016082,298900000000,1810,0,1810
R016083,318508006005,0,27600,27600
R016084,318517004002,20000,141110,161110
R016087,318300000037,41500,0,41500
R016088,272500000000,900,0,900
R016089,318508006001,30900,0,30900
R016092,291900000060,147040,635410,782450
R016093,318500000026,45740,295390,341130
R016094,291900000000,150,0,150
R016096,272500000024,35150,362760,397910
R016097,272500000006,15830,361860,377690
R016099,272500000008,13490,0,13490
R016100,272500000009,1390,0,1390
R016102,272500000025,59540,1176150,1235690
R016103,272500000014,86270,276460,362730
R016114,318325000006,17720,124860,142580
R016115,318300000043,142020,284130,426150
R016116,318500000024,186780,0,186780
R016117,318500000030,5070,0,5070
R016118,318500000000,108280,0,108280
R016120,318300002005,300560,2377750,2678310
R016122,318300000099,319620,1539650,1859270
R016125,318300000012,4300,0,4300
R016126,318325000005,17720,0,17720
R016127,318325000004,62550,58910,121460
R016128,318300000080,222580,484850,707430
R016130,318325000003,15500,0,15500
R016132,318300000079,10,0,10
R016133,318300000044,93190,171420,264610
R016134,318325000002,15500,60620,76120
R016135,318300000057,11800,0,11800
R016137,318300000055,65240,477390,542630
R016140,318300000084,6680,2154630,2161310
R016141,318300000045,168070,0,168070
R016142,318300000005,41380,354950,396330
R016143,318300000003,41380,427630,469010
R016144,318300000004,45190,213480,258670
R016145,318300000040,138450,394640,533090
R016147,318300000050,2970,645770,648740
R016148,272700000001,390,0,390
R016150,318300000052,18820,340120,358940
R016151,318300000033,41500,0,41500
R016158,318325000001,93530,292780,386310
R016160,318300000000,470,0,470
R016161,318300000047,320,0,320
R016162,318300000008,264150,329780,593930
R016163,318301001044,6250,0,6250
R016168,318300000046,344590,0,344590
R016169,318300000000,4650,0,4650
R016170,272700000000,1520,0,1520
R016171,318300000000,230,0,230
R016172,318300000000,3160,0,3160
R016173,318300000000,470,0,470
R016174,318300000056,61710,397500,459210
R016176,318300000081,6380,0,6380
R016177,318300000071,740,277000,277740
R016178,318325000016,45240,0,45240
R016180,318325000014,74440,418630,493070
R016181,318325000008,40710,432420,473130
R016183,318325000015,31670,140030,171700
R016184,318325000011,41290,77210,118500
R016186,318300000074,181570,67620,249190
R016193,272500000002,8940,68590,77530
R016194,272300000002,14080,0,14080
R016210,398500001001,48680,93390,142070
R016211,398700000006,31620,171200,202820
R016213,398700000008,280,291640,291920
R016215,398500000051,30930,825250,856180
R016219,398700000044,13890,0,13890
R016220,398536002009,40000,0,40000
R016221,398536002014,75000,0,75000
R016224,398536002077,40000,0,40000
R016226,398500000042,1840,0,1840
R016228,398536002079,40000,0,40000
R016230,398700000036,173830,611100,784930
R016232,398700000004,13790,561350,575140
R016233,398536002081,119000,345000,464000
R016234,398700000018,72420,913550,985970
R016235,398500000060,3920,61490,65410
R016236,398536001047,50000,0,50000
R016237,398500000025,16970,0,16970
R016238,398536001015,52000,0,52000
R016239,398536004012,75000,0,75000
R016240,398536002065,95000,580440,675440
R016241,398536002090,77000,0,77000
R016242,398536002055,117000,0,117000
R016243,398700000035,207230,546740,753970
R016244,398536003004,119000,457050,576050
R016245,398536004006,95000,625160,720160
R016246,398536004014,40000,0,40000
R016247,398536004028,50000,0,50000
R016248,398536004037,52000,0,52000
R016249,398536004038,119000,515400,634400
R016250,398536004025,49500,0,49500
R016252,398700000040,126640,20800,147440
R016255,398536002059,105000,0,105000
R016256,398536001021,40000,0,40000
R016258,398536004016,36000,0,36000
R016259,398536004031,36000,0,36000
R016260,398536004004,95000,372380,467380
R016261,398536002062,36000,0,36000
R016262,398536004010,52000,0,52000
R016263,398536002035,147000,680330,827330
R016264,398536001019,40000,0,40000
R016265,398536002067,40000,0,40000
R016266,398536002071,52000,0,52000
R016267,398536004044,95000,308900,403900
R016268,398536002092,36000,0,36000
R016269,398536004040,95000,0,95000
R016270,398536004041,95000,6250,101250
R016271,398536002042,107000,0,107000
R016272,398536002054,119000,581550,700550
R016273,398500000011,51680,50710,102390
R016274,398536002074,77000,0,77000
R016275,398536002093,95000,0,95000
R016276,398700000017,33710,418750,452460
R016277,398536004027,40000,0,40000
R016278,398536002001,92000,0,92000
R016279,398536004023,95000,270450,365450
R016280,398536001026,52000,0,52000
R016281,398500000076,54280,0,54280
R016282,398536001048,65000,0,65000
R016283,398536004020,40000,0,40000
R016284,398500000071,41670,0,41670
R016285,398536004011,36000,0,36000
R016286,398536002066,101500,0,101500
R016287,398536004026,40000,0,40000
R016288,398536003002,107000,235860,342860
R016289,398536002075,49500,0,49500
R016291,404500000002,52750,0,52750
R016292,398536002088,105000,10,105010
R016293,398536002003,95000,224750,319750
R016294,398536002085,50000,0,50000
R016295,398536001040,105000,0,105000
R016296,398536001044,40000,0,40000
R016297,398536004039,95000,0,95000
R016298,398536004018,105000,0,105000
R016299,398536002046,95000,189080,284080
R016300,398536002069,36000,0,36000
R016301,398536001028,36000,0,36000
R016302,398536001039,107000,494050,601050
R016303,398536001024,40000,0,40000
R016304,398536002043,95000,493570,588570
R016305,398536002083,40000,0,40000
R016306,398536002010,105000,8280,113280
R016307,398536004042,40000,0,40000
R016308,398536002072,52000,0,52000
R016309,398536002002,119000,54720,173720
R016310,398536004017,40000,0,40000
R016311,398536002005,95000,398940,493940
R016312,398536002027,107000,285200,392200
R016313,398536002087,49500,0,49500
R016314,398700000010,62740,116940,179680
R016315,398536002045,92000,0,92000
R016316,398536002015,95000,353710,448710
R016317,398525001084,75000,0,75000
R016318,398536002058,95000,235260,330260
R016319,398536001007,40000,0,40000
R016320,398536002073,147000,729810,876810
R016321,398536001036,40000,0,40000
R016323,398536002057,75000,0,75000
R016324,398536001037,65000,6370,71370
R016325,398536002024,95000,566610,661610
R016327,398536004034,99000,0,99000
R016328,404500000014,35450,0,35450
R016329,398700000039,46060,0,46060
R016330,398700000043,99750,85270,185020
R016332,404500000010,12430,54050,66480
R016333,398700000042,23480,0,23480
R016334,398536001025,80000,0,80000
R016335,398536002076,95000,204470,299470
R016336,398536001035,40000,0,40000
R016337,398536002052,92000,0,92000
R016338,398536004043,45500,0,45500
R016339,398536001042,65000,0,65000
R016340,398536004007,36000,0,36000
R016341,398536001043,40000,0,40000
R016342,398536004036,119000,490370,609370
R016343,398536004001,95000,642220,737220
R016344,398536004021,95000,361140,456140
R016345,398536002056,119000,468510,587510
R016346,398536004019,36000,0,36000
R016347,398536002037,147000,717450,864450
R016348,398536004022,40000,0,40000
R016349,398536001018,64000,0,64000
R016350,398536004005,95000,350790,445790
R016351,398536002029,82800,0,82800
R016352,398536002084,65000,6520,71520
R016353,398536001017,95000,264670,359670
R016354,398525001077,57600,0,57600
R016355,398536004024,40000,0,40000
R016356,398536002080,95000,260020,355020
R016357,398536002051,107000,914960,1021960
R016358,398536002089,107000,380620,487620
R016359,398536002038,117000,3080,120080
R016360,398536001011,95000,599140,694140
R016361,398536001041,40000,0,40000
R016362,398536002091,95000,392970,487970
R016364,398500000050,130430,0,130430
R016366,398536002064,147000,1285900,1432900
R016368,398536001022,95000,8020,103020
R016369,398536002082,36000,0,36000
R016373,398536001023,40000,0,40000
R016374,398536002060,40000,0,40000
R016375,398536004003,40000,0,40000
R016376,398500000049,44090,592410,636500
R016378,398536001045,40000,0,40000
R016379,398536004009,36000,0,36000
R016380,398536004002,40000,0,40000
R016381,398536004008,65000,0,65000
R016382,398536001038,40000,0,40000
R016383,398536002086,40000,0,40000
R016385,398536004015,95000,285210,380210
R016386,398500000012,413930,444610,858540
R016387,398536003001,52000,0,52000
R016388,398536004013,95000,418280,513280
R016389,398525001074,50000,0,50000
R016390,398536001030,57600,0,57600
R016391,398536001046,50000,0,50000
R016392,398536004035,95000,327090,422090
R016393,398726300000,30,0,30
R016394,398700000000,900,0,900
R016395,398700000000,530,0,530
R016396,404500000000,1050,0,1050
R016397,404500000008,26120,521840,547960
R016398,404500000011,35230,218590,253820
R016399,398525001057,50000,0,50000
R016402,398525001012,157000,0,157000
R016403,398525001013,147000,489170,636170
R016404,398525001017,82800,0,82800
R016405,404500000009,59250,389960,449210
R016406,398536002068,36000,0,36000
R016407,398536002050,95000,422050,517050
R016408,398536004032,64000,0,64000
R016409,398536001034,40000,0,40000
R016410,398536002016,57600,0,57600
R016411,398536001014,107000,250350,357350
R016412,398525001067,52000,0,52000
R016413,398525001071,119000,387440,506440
R016414,398525001048,89000,412760,501760
R016415,398525001007,147000,617120,764120
R016416,398525001072,105000,7200,112200
R016417,398536002070,40000,0,40000
R016418,398536001020,95000,424000,519000
R016419,398536002053,147000,958630,1105630
R016420,398525001062,147000,412110,559110
R016421,398536002013,50000,0,50000
R016422,398536002008,36000,0,36000
R016423,398536002007,95000,362480,457480
R016424,398536002006,40000,0,40000
R016425,398525001068,92000,0,92000
R016426,398536002012,107000,510920,617920
R016427,398525001061,147000,580830,727830
R016428,398525001053,73500,0,73500
R016429,398525001052,99000,0,99000
R016430,398525001047,92000,0,92000
R016431,398525001046,92000,0,92000
R016432,398525001040,92000,0,92000
R016433,398525001039,64000,0,64000
R016434,398525001031,119000,0,119000
R016435,398525001018,147000,705570,852570
R016436,398536002047,57600,0,57600
R016437,398536002048,107000,0,107000
R016438,398536002041,79500,0,79500
R016439,398536002039,105000,0,105000
R016440,398536002040,107000,270750,377750
R016441,398536002033,40000,0,40000
R016442,398536002032,105000,0,105000
R016443,398536002034,95000,535140,630140
R016444,398536002031,40000,0,40000
R016445,398536002026,40000,0,40000
R016446,398536002028,45500,0,45500
R016447,398536002023,36000,0,36000
R016448,398536002019,64000,0,64000
R016449,398536002018,95000,348130,443130
R016450,398536002020,40000,0,40000
R016451,398536002022,46800,0,46800
R016452,398536002021,147000,627960,774960
R016453,398536002017,52000,0,52000
R016454,398536002063,36000,0,36000
R016455,398536002061,36000,0,36000
R016456,398525001066,36000,0,36000
R016457,398525001064,46800,0,46800
R016458,398525001063,74000,0,74000
R016459,398525001059,64000,0,64000
R016460,398525001055,52000,0,52000
R016461,398525001054,62000,0,62000
R016462,398525001051,119000,558920,677920
R016463,398525001050,52000,0,52000
R016464,398536002049,95000,436640,531640
R016465,398536002004,36000,0,36000
R016466,398536001012,40000,0,40000
R016467,398525001083,50000,8770,58770
R016468,398536002011,119000,494180,613180
R016469,398525001070,92000,0,92000
R016470,398536002025,40000,0,40000
R016471,398525001060,147000,349810,496810
R016472,398525001069,147000,425610,572610
R016473,398525001058,40000,0,40000
R016474,398525001056,57600,0,57600
R016475,398525001065,50000,0,50000
R016476,398525001022,36000,0,36000
R016477,398525001016,119000,333710,452710
R016478,398525001019,89000,0,89000
R016479,398525001045,107000,272230,379230
R016480,398525001014,36000,0,36000
R016481,398536001013,52000,0,52000
R016482,398536004030,75000,0,75000
R016483,398536001029,105000,6290,111290
R016484,398536001016,40000,0,40000
R016485,398536004029,107000,348340,455340
R016486,398536001031,40000,0,40000
R016487,398536001032,36000,0,36000
R016488,398536001027,40000,0,40000
R016489,398536003003,105000,6100,111100
R016490,398536002030,57600,0,57600
R016491,369109414001,238510,351710,590220
R016492,342707416004,7090,0,7090
R016494,404701001003,95000,398240,493240
R016495,404701004057,50000,0,50000
R016496,404906002005,107000,367800,474800
R016497,299312101001,90000,0,90000
R016498,404701002006,40000,0,40000
R016500,318508004006,20000,101730,121730
R016502,398536002078,95000,397540,492540
R016504,404701004027,107000,320880,427880
R016506,398536001033,40000,0,40000
R016507,369908002004,171800,497450,669250
R016508,369110214008,157390,814070,971460
R016509,398331002010,64000,0,64000
R016510,398536004033,119000,548750,667750
R016511,299301418001,740,0,740
R016512,369110225003,26000,0,26000
R016513,398303300037,10700,1212420,1223120
R016518,342707404001,12870,0,12870
R016521,318100001001,143800,1229230,1373030
R016522,318100001002,143800,479790,623590
R016524,398303202020,46500,0,46500
R016526,398303202003,87890,636220,724110
R016528,398303202022,65100,0,65100
R016530,398303202023,46500,0,46500
R016531,398303202024,46500,0,46500
R016534,398303202021,87890,629870,717760
R016540,398304101061,65100,0,65100
R016543,398304101047,65100,0,65100
R016544,398304101048,87890,359890,447780
R016546,398304101045,87890,445530,533420
R016548,398304101059,65100,0,65100
R016550,398304101062,46500,0,46500
R016552,398304101060,46500,0,46500
R016554,398304101063,46500,0,46500
R016556,398304101046,87890,0,87890
R016558,398304101053,46500,0,46500
R016559,398304101052,46500,0,46500
R016560,398304101051,87890,6560,94450
R016561,398304101065,87890,0,87890
R016562,398304101064,46500,0,46500
R016563,398304101054,46500,0,46500
R016566,398303201027,87890,485540,573430
R016569,405108002021,15300,0,15300
R016575,405108002002,47430,251640,299070
R016577,405108002003,16830,554380,571210
R016578,405108002004,15300,0,15300
R016579,405108002005,42030,0,42030
R016581,405108002013,24000,0,24000
R016582,405108002014,24000,0,24000
R016583,405108002015,15300,224150,239450
R016584,405108002016,15300,0,15300
R016585,405108002017,15300,0,15300
R016586,405108002018,15300,0,15300
R016587,405117002001,15300,0,15300
R016588,405117002003,15300,0,15300
R016589,405117002004,15300,0,15300
R016590,405117002005,15300,0,15300
R016591,405117002006,15300,0,15300
R016592,405117002007,15300,0,15300
R016593,405117002008,15300,0,15300
R016594,405117002009,15300,0,15300
R016595,405117002082,31500,1233000,1264500
R016596,405117002023,30000,0,30000
R016597,405117002022,24000,0,24000
R016598,405117002021,24000,0,24000
R016599,405117002020,30000,0,30000
R016600,405117002019,16830,0,16830
R016601,405117002085,33660,702130,735790
R016604,405117002015,25200,0,25200
R016605,405117002014,24000,0,24000
R016606,405117002013,30000,0,30000
R016607,405117002012,30000,0,30000
R016608,405117002011,30000,11400,41400
R016609,405117002010,30000,0,30000
R016610,405108002012,24000,0,24000
R016611,405108002011,24000,0,24000
R016612,405107004004,24000,0,24000
R016613,405107004003,24000,0,24000
R016629,405108001024,15300,0,15300
R016631,405108001025,47430,482350,529780
R016635,405108001026,45900,0,45900
R016638,405108001010,15300,0,15300
R016639,405108001011,15300,0,15300
R016640,405108001012,15300,0,15300
R016641,405108001013,15300,0,15300
R016642,405108001014,15300,0,15300
R016643,405117001018,30600,163260,193860
R016645,405117001015,15300,0,15300
R016646,405117001014,15300,0,15300
R016647,405117001013,15300,0,15300
R016648,405117001012,15300,0,15300
R016649,405117001011,15300,0,15300
R016650,405117001010,15300,0,15300
R016651,405117001009,15300,0,15300
R016652,405117001008,15300,0,15300
R016653,405117001007,15300,0,15300
R016654,405117001006,15300,0,15300
R016655,405117001005,15300,0,15300
R016656,405117001002,15300,0,15300
R016657,405117001003,15300,0,15300
R016658,405117001004,15300,0,15300
R016659,405107003002,24000,0,24000
R016660,405107003003,47250,656450,703700
R016661,405107003004,60000,0,60000
R016664,405118001003,47250,537320,584570
R016665,405118001016,37800,439010,476810
R016667,405117002079,48000,0,48000
R016669,405117002089,24000,0,24000
R016670,405117002090,53100,361010,414110
R016671,405117002046,60000,0,60000
R016673,405117002056,24000,0,24000
R016674,405117002087,30600,863600,894200
R016678,405117002077,63000,0,63000
R016682,405117002026,24000,0,24000
R016683,405117002027,24000,0,24000
R016684,405117002028,24000,0,24000
R016685,405117002029,24000,0,24000
R016686,405117002030,24000,0,24000
R016687,405117002031,30000,0,30000
R016688,405117002032,24000,0,24000
R016689,405117002033,24000,0,24000
R016690,405117002034,15300,0,15300
R016691,405117002074,60000,0,60000
R016693,405117002037,24000,0,24000
R016694,405117002038,24000,0,24000
R016695,405117002039,24000,0,24000
R016696,405117002040,24000,0,24000
R016697,405118001005,24000,0,24000
R016698,405118001001,24000,0,24000
R016699,405118001004,24000,0,24000
R016701,405107003012,32130,0,32130
R016712,405118005001,16830,0,16830
R016713,405118005035,45900,0,45900
R016719,405118005017,15300,0,15300
R016720,405118005018,15300,0,15300
R016721,405118005021,16830,0,16830
R016722,405118005022,15300,0,15300
R016723,405118005025,15300,0,15300
R016724,405118005026,15300,0,15300
R016725,405118005029,15300,0,15300
R016726,405118005030,15300,0,15300
R016727,405118005033,15300,0,15300
R016729,405118005032,16830,0,16830
R016730,405118005031,16830,0,16830
R016731,405118005028,16830,0,16830
R016732,405118005027,16830,0,16830
R016733,405118005024,16830,0,16830
R016734,405118005023,16830,0,16830
R016735,405118005020,16830,0,16830
R016736,405118005019,16830,0,16830
R016737,405118005016,16830,0,16830
R016744,405107002017,24000,0,24000
R016745,405107002015,30600,0,30600
R016748,405107002005,15300,0,15300
R016749,405107002009,15300,0,15300
R016750,405107002006,15300,0,15300
R016751,405107002007,15300,0,15300
R016752,405107002010,15300,0,15300
R016753,405107002008,15300,0,15300
R016754,405107002011,15300,0,15300
R016756,405118002004,15300,0,15300
R016757,405118002005,15300,0,15300
R016758,405118002006,15300,0,15300
R016759,405118002008,15300,0,15300
R016760,405118002007,15300,0,15300
R016761,405118002009,15300,0,15300
R016762,405118002010,15300,0,15300
R016763,405118002011,15300,0,15300
R016764,405118002012,15300,0,15300
R016765,405118002015,15300,0,15300
R016766,405118002016,15300,0,15300
R016767,405118002017,15300,0,15300
R016768,405118002018,15300,0,15300
R016769,405118002019,15300,0,15300
R016770,405118002020,15300,0,15300
R016771,405118002021,15300,0,15300
R016772,405118002022,15300,0,15300
R016786,405118002043,50490,0,50490
R016788,405118002047,30600,288370,318970
R016796,404913001008,15300,0,15300
R016797,404913001019,72520,856280,928800
R016804,405118004003,16830,17320,34150
R016805,405118004020,50400,0,50400
R016807,405118004006,37800,0,37800
R016808,405118004022,62880,0,62880
R016811,405118004026,16830,286680,303510
R016814,405118004013,15300,0,15300
R016815,405118004014,16830,403380,420210
R016816,405118004015,15300,0,15300
R016817,405118004016,20960,0,20960
R016818,405118004017,15300,0,15300
R016819,405118004018,15300,0,15300
R016820,405118004019,15300,0,15300
R016821,405118003034,45900,0,45900
R016825,405118003032,45900,0,45900
R016827,405118003012,16830,0,16830
R016828,405118003013,16830,0,16830
R016829,405118003014,15300,0,15300
R016830,405118003020,15300,0,15300
R016831,405118003021,15300,0,15300
R016832,405118003028,15300,0,15300
R016833,405118003029,15300,0,15300
R016834,405118003031,15300,0,15300
R016835,405118003026,15300,0,15300
R016836,405118003030,15300,0,15300
R016837,405118003027,15300,0,15300
R016838,405118003022,15300,0,15300
R016839,405118003019,15300,0,15300
R016840,405118003018,15300,0,15300
R016841,405118003023,15300,0,15300
R016842,405118003024,15300,0,15300
R016843,405118003017,15300,0,15300
R016844,405118003016,15300,0,15300
R016845,405118003015,15300,0,15300
R016846,405118003011,15300,0,15300
R016851,405117003001,15300,0,15300
R016852,405117003015,15300,0,15300
R016854,405130003010,26460,213550,240010
R016855,405130001027,50400,0,50400
R016856,405130006018,24000,0,24000
R016857,405130006027,48000,0,48000
R016859,405130003040,24000,0,24000
R016862,405130007006,45900,403610,449510
R016863,405130004010,91800,0,91800
R016869,405130004011,61200,0,61200
R016873,405119004024,15300,0,15300
R016874,405130003052,63300,0,63300
R016878,405130003063,30600,0,30600
R016881,405130003066,96000,0,96000
R016883,405130003042,24000,0,24000
R016884,405130003041,24000,0,24000
R016889,405130003017,37800,836610,874410
R016894,405130003060,24000,0,24000
R016896,405130003005,26460,381240,407700
R016897,405130003004,24000,0,24000
R016898,405130001017,24000,0,24000
R016899,405130001016,24000,0,24000
R016900,405130001004,31500,0,31500
R016901,405130001001,30000,0,30000
R016903,405130002001,20960,0,20960
R016904,405119001018,24000,0,24000
R016907,405119004033,30600,0,30600
R016909,405119004006,15300,0,15300
R016910,405119004005,15300,0,15300
R016911,405119004004,15300,0,15300
R016912,405119004008,15300,0,15300
R016913,405119004009,15300,0,15300
R016914,405119004012,15300,0,15300
R016915,405119004013,15300,0,15300
R016916,405119003027,33660,0,33660
R016918,405119003013,15300,0,15300
R016919,405119004029,15300,0,15300
R016920,405119004028,15300,0,15300
R016921,405119004027,15300,0,15300
R016922,405119004026,15300,0,15300
R016923,405119003025,15300,0,15300
R016924,405119003020,16830,0,16830
R016925,405119003021,16830,0,16830
R016926,405119003022,16830,0,16830
R016927,405119003023,16830,0,16830
R016928,405119003028,167690,6630,174320
R016936,405119003026,45900,0,45900
R016939,405119003004,15300,0,15300
R016940,405119003003,15300,0,15300
R016941,405119003002,15300,0,15300
R016942,405119003001,15300,0,15300
R016943,405119002002,15300,0,15300
R016944,405119002003,15300,0,15300
R016945,405119002010,76500,0,76500
R016950,405119002004,15300,0,15300
R016951,405119002001,15300,0,15300
R016952,405119001001,15300,0,15300
R016955,405119004007,15300,0,15300
R016957,405119001022,30600,0,30600
R016959,405120002014,30600,0,30600
R016962,405120002006,16830,19420,36250
R016963,405118008002,45900,0,45900
R016966,405118007008,16830,5460,22290
R016968,405118007016,45900,311640,357540
R016970,405118007012,15300,0,15300
R016971,405118007013,15300,0,15300
R016972,405118007015,15300,0,15300
R016973,405117003002,16830,0,16830
R016974,405117003003,16830,0,16830
R016975,405117003004,20960,0,20960
R016976,405117003005,15300,0,15300
R016977,405117003006,20960,0,20960
R016978,405120003002,20960,0,20960
R016979,405120003004,20960,0,20960
R016980,405120003005,20960,0,20960
R016981,405120003008,15300,0,15300
R016982,405120003009,15300,0,15300
R016983,405120003012,15300,0,15300
R016984,405120003013,20960,0,20960
R016985,405120003015,20960,0,20960
R016991,405120003035,48960,451360,500320
R016993,405120003031,15300,0,15300
R016994,405120003030,15300,0,15300
R016995,405120003029,20960,0,20960
R016997,405120003028,30000,0,30000
R016998,405120003036,33660,46150,79810
R017002,405120003007,16830,0,16830
R017003,405120003006,15300,0,15300
R017004,405120003003,15300,0,15300
R017005,405120003001,15300,0,15300
R017006,405117003007,15300,0,15300
R017007,405117003008,15300,0,15300
R017008,405117003009,15300,0,15300
R017009,405117003010,15300,0,15300
R017010,405117003012,15300,0,15300
R017011,405117003013,15300,0,15300
R017012,405117003014,15300,0,15300
R017014,405117002066,24000,0,24000
R017015,405117002067,24000,0,24000
R017016,405117002068,24000,0,24000
R017017,405117002069,24000,0,24000
R017018,405117002070,15300,0,15300
R017019,405117002071,15300,0,15300
R017020,405120001001,16830,0,16830
R017021,405120001002,16830,0,16830
R017022,405120003018,30000,385630,415630
R017023,405120003019,30000,0,30000
R017024,343901002006,75860,369530,445390
R017025,343901002008,74160,1597430,1671590
R017026,343901004003,74820,1022500,1097320
R017027,343902001001,75090,722540,797630
R017028,343902001004,73980,1059000,1132980
R017029,343902001026,300,0,300
R017030,343902001020,73350,2309490,2382840
R017031,343902001019,73230,457740,530970
R017032,343902001021,73320,374790,448110
R017033,343902001010,151990,860640,1012630
R017034,343902002013,73140,589680,662820
R017035,343902002031,73110,786550,859660
R017037,397911301002,1300,0,1300
R017038,397911301004,1300,0,1300
R017039,397911301005,1300,0,1300
R017040,397911301006,1300,0,1300
R017041,397911301007,1300,0,1300
R017042,397911301008,1300,0,1300
R017043,397911301009,1300,0,1300
R017044,397911301010,1300,0,1300
R017045,397911301011,1300,0,1300
R017046,397911301012,1300,0,1300
R017047,397911301013,1300,0,1300
R017048,397911301014,1300,0,1300
R017049,397911301015,1300,0,1300
R017050,397911301016,1300,0,1300
R017051,397911301017,1300,0,1300
R017052,397911301018,1300,0,1300
R017053,397911301019,1300,0,1300
R017054,397911301020,1300,0,1300
R017055,397911302001,1300,0,1300
R017056,397911302004,1300,0,1300
R017057,397911302005,1300,0,1300
R017058,397911302008,1300,0,1300
R017059,397911302009,1300,0,1300
R017060,397911302012,1300,0,1300
R017061,397911302013,1300,0,1300
R017062,397911302016,1300,0,1300
R017063,397911302017,1300,0,1300
R017064,397911302020,1300,0,1300
R017065,397911302021,1300,0,1300
R017066,397911302024,1300,0,1300
R017067,397911302025,1300,0,1300
R017068,397911302026,1300,0,1300
R017069,397911302023,1300,0,1300
R017070,397911302022,1300,0,1300
R017071,397911302019,1300,0,1300
R017072,397911302018,1300,0,1300
R017073,397911302015,1300,0,1300
R017074,397911302014,1300,0,1300
R017075,397911302011,1300,0,1300
R017076,397911302010,1300,0,1300
R017077,397911302007,1300,0,1300
R017078,397911302006,1300,0,1300
R017079,397911302003,1300,0,1300
R017080,397911302002,1300,0,1300
R017081,397911303001,1300,0,1300
R017082,397911303004,1300,0,1300
R017083,397911303005,1300,0,1300
R017084,397911303008,1300,0,1300
R017085,397911303009,1300,0,1300
R017086,397911303012,1300,0,1300
R017087,397911303013,1300,0,1300
R017088,397911303017,1300,0,1300
R017089,397911303020,1300,0,1300
R017090,397911303021,1300,0,1300
R017091,397911303024,1300,0,1300
R017092,397911303025,1300,0,1300
R017093,397911303029,1300,0,1300
R017094,397911303030,1300,0,1300
R017097,397911303023,1300,0,1300
R017098,397911303019,1300,0,1300
R017099,397911303015,1300,0,1300
R017100,397911303014,1300,0,1300
R017101,397911303011,1300,0,1300
R017102,397911303010,1300,0,1300
R017103,397911303007,1300,0,1300
R017104,397911303006,1300,0,1300
R017105,397911303003,1300,0,1300
R017106,397911303002,1300,0,1300
R017108,397911304007,1300,0,1300
R017109,397911304006,1300,0,1300
R017110,397911304005,1300,0,1300
R017111,397911304004,1300,0,1300
R017112,397911304003,1300,0,1300
R017113,397911304002,1300,0,1300
R017115,397911305002,1300,0,1300
R017116,397911303016,1300,0,1300
R017117,397911303026,1300,0,1300
R017119,397911303018,1300,0,1300
R017120,397911305003,1300,0,1300
R017121,397911305004,1300,0,1300
R017122,397911305005,1300,0,1300
R017123,397911305006,1300,0,1300
R017124,397911305007,1300,0,1300
R017125,397911305008,1300,0,1300
R017126,397911305009,1300,0,1300
R017127,397911305010,1300,0,1300
R017128,397911305011,1300,0,1300
R017129,397911305012,1300,0,1300
R017130,397911305013,1300,0,1300
R017131,397911305014,1300,0,1300
R017132,397911305015,1300,0,1300
R017133,397911305016,1300,0,1300
R017134,397911305017,1300,0,1300
R017135,397911305018,1300,0,1300
R017136,397911305019,1300,0,1300
R017137,397911305021,1300,0,1300
R017138,397911306004,1300,0,1300
R017139,397911306001,1300,0,1300
R017141,397911306003,1300,0,1300
R017142,397911307004,1300,0,1300
R017143,397911307001,1300,0,1300
R017144,397911307002,1300,0,1300
R017145,397911307003,1300,0,1300
R017146,369920201007,63200,475060,538260
R017147,369920203004,63200,686900,750100
R017148,369920203003,63200,557950,621150
R017149,369920203002,63200,469160,532360
R017150,369920206004,63200,0,63200
R017151,369920201026,126400,0,126400
R017153,369920201022,90000,500260,590260
R017154,369920201019,63200,0,63200
R017155,369920201017,90000,381040,471040
R017156,369920201027,237000,90620,327620
R017159,425105001003,102360,484040,586400
R017160,425105001011,85300,640010,725310
R017162,425105001004,115160,0,115160
R017163,425105001008,85300,0,85300
R017165,425105001037,85300,0,85300
R017166,425105001006,85300,699570,784870
R017167,425105001023,102360,0,102360
R017169,425105001034,85300,334590,419890
R017170,425105001032,138190,299480,437670
R017171,425105001031,85300,281220,366520
R017172,425105001030,102360,618660,721020
R017173,425105001025,170600,339480,510080
R017174,351300001003,76730,0,76730
R017175,351300001002,76730,0,76730
R017176,351300001001,76730,0,76730
R017177,351300001007,76730,113180,189910
R017178,351300001006,76730,0,76730
R017179,351300001005,76730,0,76730
R017180,351300001008,76730,0,76730
R017186,299301414004,18000,0,18000
R017187,299301401003,2367000,0,2367000
R017195,299301413008,9000,0,9000
R017199,352532000031,27380,0,27380
R017201,352533000011,13430,10150,23580
R017202,352531000032,16780,0,16780
R017203,369106000012,17810,0,17810
R017204,369108000011,37130,0,37130
R017207,352532000004,19690,108410,128100
R017209,404906001033,95000,437570,532570
R017210,404906001031,105000,0,105000
R017211,404906001030,107000,282200,389200
R017212,404906001028,46800,0,46800
R017213,404906002020,95000,260560,355560
R017225,404500000036,35560,0,35560
R017226,404906005014,28150,64070,92220
R017227,404906005015,21700,0,21700
R017228,404906005003,10850,0,10850
R017229,404906005004,10850,0,10850
R017230,404906005016,35640,65520,101160
R017248,398536001009,95000,357400,452400
R017249,398536001010,50000,0,50000
R017250,398536001005,105000,0,105000
R017251,398536001006,40000,0,40000
R017252,398536001008,95000,767160,862160
R017253,398536001002,40000,0,40000
R017254,398536001001,40000,0,40000
R017255,398525001082,49500,0,49500
R017256,398525001081,36000,0,36000
R017257,398525001075,40000,5100,45100
R017258,398525001073,40000,0,40000
R017259,398525001080,95000,276390,371390
R017260,398525001076,64000,0,64000
R017261,398525001079,40000,0,40000
R017262,398525001078,119000,367710,486710
R017263,398536001003,36000,0,36000
R017264,398536001004,57600,0,57600
R017265,398525001049,119000,521120,640120
R017266,398525001044,46800,0,46800
R017267,398525001043,57600,0,57600
R017268,398525001089,119000,464000,583000
R017269,398525001041,52000,0,52000
R017270,398525001038,52000,0,52000
R017271,398525001091,119000,462630,581630
R017272,398525001036,57600,0,57600
R017273,398525001035,157000,0,157000
R017274,398525001034,40000,0,40000
R017275,398525001033,95000,5100,100100
R017276,398525001032,95000,0,95000
R017277,398525001030,95000,356440,451440
R017278,398525001029,40000,0,40000
R017279,398525001028,95000,3690,98690
R017280,398525001027,52000,0,52000
R017281,398525001026,64000,0,64000
R017282,398525001025,94000,375180,469180
R017283,398525001024,46800,0,46800
R017284,398525001023,57600,0,57600
R017285,398525001021,36000,0,36000
R017286,398525001020,64000,0,64000
R017287,398525001006,92000,456580,548580
R017288,398525001002,147000,699750,846750
R017289,398525001001,82800,0,82800
R017290,398525001003,36000,0,36000
R017291,398525001005,95000,518270,613270
R017292,398525001004,36000,0,36000
R017293,398525001008,52000,0,52000
R017294,398525001009,49500,0,49500
R017295,398525001011,40000,0,40000
R017296,398525001010,57600,0,57600
R017297,398525001015,119000,239750,358750
R017298,378903002014,235860,253260,489120
R017299,378903002005,237600,160610,398210
R017300,378903002012,193830,0,193830
R017302,378903002016,431430,48900,480330
R017304,378903001003,107900,0,107900
R017305,378903001002,107900,0,107900
R017306,378903001001,107900,0,107900
R017307,378903001005,107900,0,107900
R017308,378903001004,107900,0,107900
R017310,316932001001,24000,342350,366350
R017311,316932001002,24000,342860,366860
R017312,316932001003,24000,268160,292160
R017313,316932001004,55000,573980,628980
R017314,316932001005,55000,842660,897660
R017315,316932001006,55000,433800,488800
R017316,316932001007,55000,409850,464850
R017318,316932001009,55000,700540,755540
R017319,316932001010,55000,0,55000
R017320,298909001003,4000,0,4000
R017321,298909001004,4000,0,4000
R017322,298909001005,4000,0,4000
R017323,298909001006,4000,0,4000
R017324,298909001007,4000,0,4000
R017325,298909001008,4000,0,4000
R017326,298909001009,4000,0,4000
R017327,298909001010,4000,0,4000
R017328,298909004006,4000,0,4000
R017329,298909004005,4000,0,4000
R017330,298909004004,4000,0,4000
R017331,298909004003,4000,0,4000
R017332,298909004002,4000,0,4000
R017333,298909004001,4000,0,4000
R017334,298909002001,4000,0,4000
R017335,298909002002,4000,0,4000
R017336,298904001007,4000,0,4000
R017337,298904001008,4000,0,4000
R017338,298904001009,4000,0,4000
R017339,298904001010,4000,0,4000
R017340,298904001011,4000,0,4000
R017341,298904001012,4000,0,4000
R017342,298904001013,4000,0,4000
R017343,298904001014,4000,0,4000
R017344,298904001015,4000,0,4000
R017345,298904001016,4000,0,4000
R017346,298904001006,4000,0,4000
R017347,298904001005,4000,0,4000
R017348,298904001004,4000,0,4000
R017349,298904001003,4000,0,4000
R017350,298904001002,4000,0,4000
R017351,298904001017,4000,0,4000
R017352,298904001018,4000,0,4000
R017353,298904001019,4000,0,4000
R017354,298904001020,4000,0,4000
R017355,298904001021,4000,0,4000
R017356,298904001022,4000,0,4000
R017357,298904001023,4000,0,4000
R017358,298904001024,4000,0,4000
R017359,298904001025,4000,0,4000
R017360,298904001026,4000,0,4000
R017361,298909003001,4000,0,4000
R017362,298909003002,4000,0,4000
R017363,298909003003,4000,0,4000
R017364,298909003004,4000,0,4000
R017365,298904001027,4000,0,4000
R017366,298909003006,4000,0,4000
R017367,298909003005,4000,0,4000
R017368,298909003007,4000,0,4000
R017369,298909003008,4000,0,4000
R017370,298909003009,4000,0,4000
R017371,298909003010,4000,0,4000
R017372,298909003011,4000,0,4000
R017373,298909003012,4000,0,4000
R017374,298909003013,4000,0,4000
R017375,298909003020,4000,0,4000
R017376,298909003021,4000,0,4000
R017377,298909003019,4000,0,4000
R017378,298909003018,4000,0,4000
R017379,298909003014,4000,0,4000
R017380,298909003017,4000,0,4000
R017381,298909003015,4000,0,4000
R017382,298909003016,4000,0,4000
R017383,298904002001,4000,0,4000
R017384,318301001043,6250,0,6250
R017385,318301001042,6250,0,6250
R017386,318301001041,6250,0,6250
R017387,318301001040,6250,0,6250
R017388,318301001011,6250,0,6250
R017389,318301001010,6250,0,6250
R017390,318301001009,6250,0,6250
R017391,318301001008,6250,0,6250
R017392,318301001007,6250,0,6250
R017393,318301001006,6250,0,6250
R017394,318301001005,6250,0,6250
R017395,318301001004,6250,0,6250
R017396,318301001003,6250,0,6250
R017397,318301001002,6250,0,6250
R017398,318301001019,6250,0,6250
R017399,318301001018,6250,0,6250
R017400,318301001017,6250,0,6250
R017401,318301001016,6250,0,6250
R017402,318301001015,6250,0,6250
R017403,318301001014,6250,0,6250
R017404,318301001013,6250,0,6250
R017405,318301001012,6250,0,6250
R017406,318301001026,6250,0,6250
R017407,318301001025,6250,0,6250
R017408,318301001024,6250,0,6250
R017409,318301001023,6250,0,6250
R017410,318301001022,6250,0,6250
R017411,318301001021,6250,0,6250
R017412,318301001020,6250,0,6250
R017413,318301001039,6250,0,6250
R017414,318301001037,6250,0,6250
R017415,318301001038,6250,0,6250
R017416,318301001036,6250,0,6250
R017417,318301001035,6250,0,6250
R017418,318301001034,6250,0,6250
R017419,318301001033,6250,0,6250
R017420,318301001032,6250,0,6250
R017421,318301001031,6250,0,6250
R017422,318301001030,6250,0,6250
R017423,318301001029,6250,522490,528740
R017424,318301001028,6250,28580,34830
R017425,318301001027,6250,0,6250
R017426,343901002007,74760,738260,813020
R017427,343901003002,73160,987940,1061100
R017429,343902001039,152190,1165820,1318010
R017430,369110227004,2320,0,2320
R017431,369110226001,137280,0,137280
R017432,405118002003,15300,0,15300
R017433,405118002013,15300,0,15300
R017435,405119004011,15300,0,15300
R017436,405130001007,37800,380420,418220
R017437,404701003001,40000,0,40000
R017438,404701003013,40000,0,40000
R017440,342708311011,24300,0,24300
R017441,342708314006,19580,97100,116680
R017442,342708308001,41520,0,41520
R017443,342708307001,92400,0,92400
R017445,397915401001,35000,497490,532490
R017446,397915401005,35000,198950,233950
R017447,369110223001,50290,0,50290
R017449,404906002014,57600,0,57600
R017450,404906002022,81000,702000,783000
R017451,404532001002,49500,0,49500
R017452,404532001005,49500,294100,343600
R017454,404906002002,46800,0,46800
R017455,404906002003,95000,463420,558420
R017456,351728401002,357900,0,357900
R017457,351733101001,357900,694370,1052270
R017458,351733101002,357900,1078300,1436200
R017459,351300002001,79350,0,79350
R017460,351300002006,79350,575140,654490
R017461,378129102005,23780,0,23780
R017463,342707416002,35440,0,35440
R017464,342707416008,16200,0,16200
R017466,369109144013,58500,125960,184460
R017467,404907006005,40000,0,40000
R017468,404907006006,71500,0,71500
R017469,404907004035,50000,0,50000
R017470,404907004020,117000,0,117000
R017471,404906004005,52000,0,52000
R017472,351733301007,106500,561380,667880
R017473,351733301006,106500,0,106500
R017475,343322306005,118000,374540,492540
R017476,343322306003,118000,0,118000
R017477,343322306001,118000,814890,932890
R017478,369110219002,2350,0,2350
R017480,369109133001,480,0,480
R017481,369109134001,1720,0,1720
R017482,404906001005,95000,440430,535430
R017483,404906001036,40000,0,40000
R017484,342718104001,63250,0,63250
R017485,342718105001,18930,0,18930
R017494,317726422001,0,577000,577000
R017495,317726422002,0,549530,549530
R017496,317726422003,0,549550,549550
R017497,317726422004,0,549530,549530
R017498,317726422005,0,605850,605850
R017502,291707300003,95280,2019410,2114690
R017505,369109410009,83130,0,83130
R017515,378710015001,0,302270,302270
R017516,378710015002,0,294710,294710
R017517,378710015003,0,302270,302270
R017518,378710015004,0,302270,302270
R017519,378710015005,0,294710,294710
R017520,378710015006,0,302270,302270
R017521,378710015017,0,301830,301830
R017522,378710015008,0,294710,294710
R017523,378710015009,0,302270,302270
R017524,378710015010,0,302270,302270
R017525,378710015011,0,294710,294710
R017526,378710015012,0,302270,302270
R017527,378710015013,0,302270,302270
R017528,378710015014,0,294710,294710
R017529,378710015015,0,302270,302270
R017531,378500000027,0,179100,179100
R017544,352531000013,23730,0,23730
R017545,342707409004,28350,159810,188160
R017560,378533003002,40000,0,40000
R017561,378533003003,40000,0,40000
R017562,378533003004,40000,233770,273770
R017565,325728000017,428590,1137080,1565670
R017569,299300000078,21020,0,21020
R017573,405700000016,80240,273970,354210
R017583,317726416043,0,430640,430640
R017585,342708314005,29360,259720,289080
R017593,370136365002,35100,187510,222610
R017594,370135430005,261780,305640,567420
R017600,325501007002,0,303200,303200
R017601,325501007003,0,295620,295620
R017602,325501007004,0,296440,296440
R017603,325501007005,0,117590,117590
R017604,325501007062,0,95910,95910
R017605,325501007007,0,95910,95910
R017606,325501007008,0,316770,316770
R017607,325501007009,0,295620,295620
R017608,325501007010,0,295620,295620
R017609,325501007011,0,303200,303200
R017610,325501007012,0,378340,378340
R017611,325501007013,0,359420,359420
R017612,325501007014,0,295620,295620
R017613,325501007015,0,295620,295620
R017614,325501007016,0,296440,296440
R017615,325501007017,0,295620,295620
R017616,325501007018,0,350440,350440
R017617,325501007019,0,347470,347470
R017618,325501007020,0,296440,296440
R017619,325501007021,0,311180,311180
R017620,325501007022,0,311180,311180
R017621,325501007023,0,295620,295620
R017622,325501007024,0,295620,295620
R017623,325501007025,0,311180,311180
R017624,325501007026,0,311180,311180
R017625,325501007027,0,312040,312040
R017626,325501007028,0,368880,368880
R017627,325501007029,0,378910,378910
R017628,325501007030,0,312040,312040
R017629,325501007031,0,311180,311180
R017630,325501007032,0,312040,312040
R017631,325501007033,0,295620,295620
R017632,325501007034,0,359420,359420
R017633,325501007035,0,378340,378340
R017634,325501007036,0,303200,303200
R017635,325501007037,0,325840,325840
R017636,325501007061,0,342990,342990
R017637,325501007039,0,325840,325840
R017638,325501007040,0,320040,320040
R017639,325501007041,0,325840,325840
R017640,325501007042,0,295620,295620
R017641,325501007043,0,311180,311180
R017642,325501007044,0,295620,295620
R017643,325501007045,0,295620,295620
R017644,325501007046,0,326650,326650
R017645,325501007047,0,303200,303200
R017646,325501007048,0,343840,343840
R017647,325501007049,0,342990,342990
R017648,325501007050,0,342990,342990
R017649,325501007051,0,361030,361030
R017650,325501007052,0,318540,318540
R017651,325501007053,0,371110,371110
R017652,325501007054,0,318540,318540
R017653,325501007055,0,352560,352560
R017654,325706005002,0,1719510,1719510
R017741,404900000081,4470,0,4470
R017742,398100000029,27930,0,27930
R017743,317726416044,0,389630,389630
R017750,370136311001,1391770,1885730,3277500
R017751,370136306004,334710,339020,673730
R017752,325722202048,273380,0,273380
R017758,325503180001,868730,786670,1655400
R017759,325503180002,224720,1865350,2090070
R017760,325502228039,166780,806370,973150
R017761,351722000016,118500,421270,539770
R017762,317723403026,277190,1585980,1863170
R017763,404900000086,2230,0,2230
R017764,325502228004,333560,3217410,3550970
R017767,317726117031,0,795580,795580
R017768,378710005021,425000,866340,1291340
R017770,325512013013,0,1027460,1027460
R017771,325512013011,0,1027460,1027460
R017772,325512013012,0,1182200,1182200
R017775,379900000005,31680,340860,372540
R017776,397900000041,58720,41500,100220
R017777,370135459011,0,309560,309560
R017778,317700000000,50,0,50
R017779,317700000000,540,0,540
R017789,291725002013,82240,0,82240
R017790,291725002012,84320,1174540,1258860
R017792,325503180007,1447880,0,1447880
R017794,325728104016,267300,997280,1264580
R017795,368923001009,33000,0,33000
R017797,378708001018,90000,0,90000
R017799,378701212019,281870,424020,705890
R017801,378702125006,346610,1013510,1360120
R017804,299301413013,45000,0,45000
R017806,378702125004,76990,0,76990
R017959,351535001007,168100,521090,689190
R017960,351535000005,171900,555630,727530
R017970,325734000045,2750,145930,148680
R024530,370135460001,0,225590,225590
R024533,370136001002,3621300,2690980,6312280
R024534,370136001006,415590,463600,879190
R024535,370136005001,0,236140,236140
R024538,378702102016,368470,391590,760060
R024544,378702153001,0,479910,479910
R024545,378702153002,0,479910,479910
R024546,378702229005,96920,0,96920
R024558,325503151013,399710,1294930,1694640
R024560,325503111015,305220,688870,994090
R024561,325503112009,289580,636000,925580
R024562,325503112010,289580,503930,793510
R024563,325503112005,1206560,0,1206560
R024564,325503181014,0,633080,633080
R024577,325503182014,0,328620,328620
R024578,325503182015,0,220050,220050
R024579,325503182016,0,664560,664560
R024580,325503182017,0,188450,188450
R024613,317723410033,440240,1032390,1472630
R024617,317724210031,403230,3902080,4305310
R024618,317724210033,375020,3076020,3451040
R024620,317724210035,543770,3555010,4098780
R024621,317724210034,375020,0,375020
R024661,342706000005,53240,0,53240
R024663,352500000049,34790,85440,120230
R024666,369108000002,28740,198610,227350
R024667,369526203002,25840,235010,260850
R024670,343902002001,75980,1188060,1264040
R024671,370113005017,194700,791570,986270
R024681,404900000039,1980,0,1980
R024682,404900000038,1980,0,1980
R024683,404900000046,27340,135350,162690
R024685,404900000042,25360,476450,501810
R024686,404900000087,214870,0,214870
R024687,404900000041,26000,157590,183590
R024688,398100000024,63740,0,63740
R024690,404900000060,25360,135350,160710
R024691,398100000015,85180,335970,421150
R024694,325303013007,94300,9120,103420
R024696,325727303009,356630,880340,1236970
R024697,325727303010,475500,741340,1216840
R024701,299301414005,9000,0,9000
R024702,291534009002,5800,201170,206970
R024709,325727202073,200480,838430,1038910
R024711,325727217025,0,633670,633670
R024738,291725000070,125670,0,125670
R024741,291725000069,350,0,350
R025001,325503154025,0,816440,816440
R025002,325722202037,275560,0,275560
R025003,325512012007,0,1061890,1061890
R025006,397300003002,67820,0,67820
R025008,397100002001,43330,0,43330
R025009,397100001001,46100,0,46100
R025012,299507002003,27000,217420,244420
R025014,370135120031,178470,333300,511770
R025015,325727214009,0,549400,549400
R025016,325728106052,384240,863000,1247240
R025021,325503154026,0,773760,773760
R025022,325503154027,0,773760,773760
R025023,325503154028,0,816440,816440
R025025,397300001005,780,0,780
R025026,397300001006,800,0,800
R025027,397300001007,870,0,870
R025028,397300001008,16300,629170,645470
R025029,369526207003,21980,0,21980
R025030,369526207004,30580,488000,518580
R025031,325502252010,0,1311440,1311440
R025032,404918005002,107000,161230,268230
R025034,325728118001,0,419770,419770
R025039,317726105017,0,482310,482310
R025042,343300000003,5960,0,5960
R025046,378710021001,155800,477920,633720
R025048,342707418001,29770,257120,286890
R025055,291725000059,154160,559450,713610
R025059,424700000013,67540,1658970,1726510
R025061,424700000027,30030,1234530,1264560
R025062,424500000025,280,0,280
R025064,404900000047,31150,489350,520500
R025066,405300000063,112100,0,112100
R025067,291900000092,33260,1636080,1669340
R025068,405700000025,81310,0,81310
R025073,397300001001,560,0,560
R025074,397300001002,550,0,550
R025075,397300001003,530,0,530
R025076,397300001004,590,0,590
R025077,397300002003,630,0,630
R025078,397300002002,101590,897700,999290
R025079,397300002001,490,0,490
R025080,397300003001,520,0,520
R025081,397300002005,550,0,550
R025082,397300002004,530,0,530
R025118,405700000015,80410,333170,413580
R025119,405700000017,75250,38460,113710
R025120,405700000018,79250,246650,325900
R025121,405700000019,80500,0,80500
R025123,405700000023,76050,206580,282630
R025124,405700000022,80000,0,80000
R025125,405700000021,81060,255740,336800
R025126,405700000020,81010,108540,189550
R025127,405700000026,81270,123170,204440
R025128,317726123022,0,311050,311050
R025130,351500000012,47080,330400,377480
R025132,299300000035,66430,0,66430
R025193,405100000041,72220,266690,338910
R025194,318700000010,7620,0,7620
R025195,298500000005,6490,0,6490
R025197,325721402060,229640,1316750,1546390
R025200,404500000004,83530,0,83530
R025201,396900000009,6740,0,6740
R025202,379300000068,41360,773780,815140
R025203,396700000014,19330,0,19330
R025204,343900000010,41070,0,41070
R025205,405300000099,10290,197360,207650
R025208,424300000010,62040,309120,371160
R025213,298500000006,13130,0,13130
R025214,397300000028,510,33500,34010
R025218,379300000004,43300,0,43300
R025219,377300000002,950,0,950
R025223,404700000033,8620,0,8620
R025224,343900000011,6700,0,6700
R025228,379300000020,67490,0,67490
R025231,405500000001,4200,0,4200
R025232,397900000030,2240,0,2240
R025233,398700000023,50550,898800,949350
R025236,292100000023,9040,0,9040
R025237,405500000012,560,0,560
R025238,379500000024,1130,0,1130
R025241,343500000041,4340,0,4340
R025242,351700000017,2220,0,2220
R025243,351700000019,560,0,560
R025244,379100000015,118810,312430,431240
R025245,379500000017,2020,0,2020
R025248,379300000018,96100,0,96100
R025250,325512014001,0,590840,590840
R025251,325512014002,0,590840,590840
R025252,325512014003,0,590840,590840
R025253,325512014004,0,590840,590840
R025254,325512014005,0,577490,577490
R025255,325512014006,0,577490,577490
R025256,325512014007,0,607880,607880
R025257,325512014008,0,607880,607880
R025258,325512014009,0,607880,607880
R025259,325512014010,0,607880,607880
R025260,371500000006,6210,0,6210
R025262,398100000050,5640,0,5640
R025263,404900000155,4310,0,4310
R025264,405100000087,6510,0,6510
R025265,344700000003,1660,0,1660
R025270,350500000002,22400,21570,43970
R025275,318700000001,570,0,570
R025276,379100000044,6000,0,6000
R025278,298700000002,7890,0,7890
R025279,291900000014,2700,0,2700
R025281,343901000003,10930,57580,68510
R025282,424900000001,24440,88580,113020
R025283,431500000003,10360,0,10360
R025284,351700000016,34470,0,34470
R025285,397100000004,40,0,40
R025288,370300000012,10330,0,10330
R025289,370500000003,8850,0,8850
R025292,369900000018,28620,0,28620
R025300,325502252019,0,1001560,1001560
R025301,325502252018,0,943070,943070
R025302,398500000020,150800,0,150800
R025303,405300000014,21680,0,21680
R025304,371300000002,13340,132820,146160
R025305,377300000001,46940,179590,226530
R025306,424700000005,27180,0,27180
R025307,424900000011,2150,0,2150
R025308,404732000001,1020,0,1020
R025309,343700000095,7450,0,7450
R025310,379300000037,45090,0,45090
R025317,424100000003,17880,0,17880
R025318,405300000098,11930,0,11930
R025319,423900000002,12180,0,12180
R025321,405300000066,14590,0,14590
R025329,424500000043,2770,0,2770
R025330,424700000025,20130,716780,736910
R025331,378701217027,127370,256760,384130
R025333,325722000021,822770,0,822770
R025334,352300000002,19100,0,19100
R025335,342707409005,98350,470780,569130
R025336,343700000022,69700,3427310,3497010
R025349,325503125014,421340,2207070,2628410
R025352,342718105002,35580,0,35580
R025357,404900000034,25730,153790,179520
R025358,404900000044,25610,162870,188480
R025362,325722201017,688910,0,688910
R025365,378701203008,165990,303580,469570
R025368,325503128013,421340,2027020,2448360
R025369,351722000026,200000,1955060,2155060
R025452,369110227003,96180,0,96180
R025477,397300000013,560,55440,56000
R025478,397500000007,42740,0,42740
R025479,397900000012,84720,278320,363040
R025482,404918004015,95000,359720,454720
R025483,351722003005,200000,0,200000
R025486,370113006018,166600,1040370,1206970
R025487,370113006019,166600,495130,661730
R025488,370113006020,166600,852210,1018810
R025489,370113007008,166600,592260,758860
R025490,370113007009,166600,558480,725080
R025491,370113007010,166600,358970,525570
R025492,370113007022,166600,590450,757050
R025494,370113007013,166600,494570,661170
R025495,370113007014,166600,497700,664300
R025496,370113007015,166600,634430,801030
R025497,370113007016,166600,419840,586440
R025498,370113007017,166600,644460,811060
R025499,370113007026,169500,684890,854390
R025501,291900000000,150,0,150
R025503,318300000035,345340,663910,1009250
R025504,352300000009,47210,0,47210
R025505,291726135049,69800,20700,90500
R025508,325700000000,1350,0,1350
R025509,299500000024,19630,0,19630
R025510,325722303025,229640,0,229640
R025540,325503111001,280890,942590,1223480
R025542,325728106054,235000,898730,1133730
R025546,378500000011,114660,543250,657910
R025548,378714003024,107900,450760,558660
R025549,343700000001,560,0,560
R025553,404900000148,27590,328130,355720
R025554,325503102004,923330,1784910,2708240
R025574,317726108017,0,1454130,1454130
R025575,317726113029,0,824840,824840
R025579,299507002010,36000,328060,364060
R025581,398500000005,110040,0,110040
R025582,398100000033,67950,0,67950
R025584,368935000035,94760,0,94760
R025585,317700000085,470,0,470
R025586,378900000006,165370,463690,629060
R025588,368935000018,49260,0,49260
R025771,405100000000,470,0,470
R025772,404900000032,27460,549690,577150
R025774,378702300047,0,149340,149340
R025776,398300000011,183500,390060,573560
R025777,342707410001,17720,448110,465830
R025779,317723412023,567410,1442390,2009800
R025781,378703400050,111010,478380,589390
R025784,370134000027,200070,0,200070
R025785,325728101027,267300,682700,950000
R025787,378708000017,196140,459320,655460
R025789,369526202005,19500,41420,60920
R025790,369526202006,7800,208390,216190
R025796,343322201001,495010,0,495010
R025798,352500000031,32810,0,32810
R025799,378515000023,72470,709130,781600
R025800,369109132001,8800,0,8800
R025802,378703100008,225760,0,225760
R025805,370135110008,204620,419140,623760
R025806,317723418014,423930,624560,1048490
R025812,325503102003,923330,2906270,3829600
R025813,325503181015,0,586390,586390
R025817,317726101009,329080,1521150,1850230
R025818,316900000000,480,0,480
R025823,369900000005,293700,1404430,1698130
R025827,405118001006,24000,301180,325180
R025828,317700000181,220,0,220
R025829,317700000182,990,0,990
R025830,317700000179,640,0,640
R025836,298900000000,5330,0,5330
R025938,325503181017,0,736250,736250
R025941,325722201020,275560,1250550,1526110
R025942,325722305044,229640,943680,1173320
R025994,316900000029,128650,605860,734510
R025995,291900000056,250000,0,250000
R025997,317726108018,0,1676620,1676620
R025998,379123000013,48940,172310,221250
R026001,326100000001,10,1377920,1377930
R026006,351300002003,79350,273870,353220
R026007,317726424001,0,811200,811200
R026028,318517010002,30900,193410,224310
R026031,378702111004,165990,195950,361940
R026033,325503153013,196630,1514820,1711450
R026034,370136348019,240150,681010,921160
R026036,370135301008,226250,390120,616370
R026037,343700000021,9300,328170,337470
R026038,325727227003,0,534040,534040
R026039,326322103014,90000,335170,425170
R026043,369105000026,47920,0,47920
R026045,291900000000,150,0,150
R026046,291900000023,59540,60560,120100
R026047,317726416042,0,442470,442470
R026049,404900000033,25670,298580,324250
R026051,291727200011,3150,0,3150
R026053,317723408010,440240,1360270,1800510
R026055,398100000064,94970,0,94970
R026056,398303300008,10700,560990,571690
R026060,342707401001,115020,305230,420250
R026061,378701202013,142820,199740,342560
R026062,343901001003,180000,1028280,1208280
R026063,405130001018,24000,0,24000
R026065,369110212003,155860,0,155860
R026075,369526105002,76050,439780,515830
R026076,424100000002,26480,0,26480
R026079,325503109012,599560,1304870,1904430
R026142,325724001023,0,99370,99370
R026143,325724001023,0,99370,99370
R026145,325502227047,0,474630,474630
R026146,325512015001,302380,1289680,1592060
R026147,325512015002,302380,1289850,1592230
R026150,291726105017,46530,47250,93780
R026151,317727300027,858360,1685860,2544220
R026153,291700000023,2580,0,2580
R026159,299500000022,56130,0,56130
R026217,325512005017,0,498190,498190
R026218,325721406035,267300,818350,1085650
R026219,370100007001,180470,369450,549920
R026222,431311001005,120,0,120
R026223,431311001007,130,0,130
R026224,431311001008,110,0,110
R026225,431311001009,150,0,150
R026226,431311001004,220,0,220
R026227,431311001003,80,0,80
R026228,431311001002,40,0,40
R026229,431311001001,20,0,20
R026232,317723407042,358710,1698070,2056780
R026235,325727220009,0,481420,481420
R026237,325502225014,333560,1530750,1864310
R026241,317726426015,0,672240,672240
R026242,317726426014,0,669450,669450
R026243,317726426013,0,657350,657350
R026252,325503178011,231330,948250,1179580
R026254,325503178012,144170,1372120,1516290
R026255,342707410009,11000,0,11000
R026258,299301413014,36000,123410,159410
R026260,299301415005,72900,0,72900
R026261,317726116028,0,757700,757700
R026262,369109130003,17600,906960,924560
R026263,317726460024,0,909300,909300
R026266,369526105001,42040,165110,207150
R026276,291724300007,140000,0,140000
R026278,351727101002,118500,782380,900880
R026279,370136357012,204620,361310,565930
R026280,405300000048,104720,0,104720
R026285,379100000026,12000,0,12000
R026289,378702301003,0,286320,286320
R026291,378702301002,0,354070,354070
R026293,370124000058,170670,450880,621550
R026294,378702301005,0,287310,287310
R026295,378702301001,0,363150,363150
R026298,378702301004,0,287310,287310
R026299,378702301006,0,287310,287310
R026300,378702301007,0,287310,287310
R026301,378702301008,0,287310,287310
R026302,378702301009,0,293660,293660
R026303,378702301014,0,304540,304540
R026304,378702301013,0,296930,296930
R026305,378702301012,0,240790,240790
R026306,378702301011,0,253170,253170
R026307,378702301010,0,247530,247530
R026308,369900000114,400990,314640,715630
R026310,351500000037,9140,236330,245470
R026319,370135000033,5050,0,5050
R026320,370100000093,1910,0,1910
R026323,370100000092,170650,0,170650
R026324,370100000091,242760,0,242760
R026327,317723410029,180170,0,180170
R026329,370100000095,790,0,790
R026333,398500000045,95580,42300,137880
R026334,378701202018,266420,487000,753420
R026343,398300000012,152560,393020,545580
R026346,291700000000,450,0,450
R026348,299300000076,32550,0,32550
R026367,352500000059,47280,239870,287150
R026393,325502230001,1129990,1877770,3007760
R026401,292100000004,7850,404500,412350
R026449,378702104019,81610,303700,385310
R026450,370136358017,243240,795080,1038320
R026451,298700000000,4630,0,4630
R026453,317724205020,447350,1137390,1584740
R026454,325503102002,648870,1801340,2450210
R026455,325503101006,562740,2662860,3225600
R026487,370122304052,63500,201830,265330
R026488,398100000032,4190,0,4190
R026493,379123000009,250,0,250
R026494,299300000000,10,0,10
R026495,379123000017,290,0,290
R026507,398100000016,11410,0,11410
R026509,318300000049,257110,403630,660740
R026516,378714201049,165000,501920,666920
R026518,370112000004,201400,539710,741110
R026519,424700000004,32950,282020,314970
R026533,398100003015,520000,65950,585950
R026534,378702302002,0,362720,362720
R026537,325502252011,0,1110450,1110450
R026540,317726127006,584200,2154690,2738890
R026541,317726127005,584200,1419690,2003890
R026542,378702302003,0,362720,362720
R026548,325512007023,172400,1109540,1281940
R026550,378702302004,0,372020,372020
R026551,378702302001,0,372020,372020
R026552,325503101003,421340,1781220,2202560
R026555,398100000004,94970,0,94970
R026556,325502252006,403790,2561100,2964890
R026558,325502252007,403790,1778430,2182220
R026559,291707201009,143800,643090,786890
R026585,378703403019,191020,0,191020
R026586,398100000038,94970,0,94970
R026588,378100000015,3900,756950,760850
R026590,378900000069,50100,483280,533380
R026591,378704000012,232150,612520,844670
R026595,370136334005,222690,562720,785410
R026597,325502229027,0,852150,852150
R026598,343500000014,8890,0,8890
R026599,343700000002,2240,0,2240
R026600,378703403018,191020,779250,970270
R026601,378703403014,191020,715210,906230
R026602,379100000027,21620,209590,231210
R026603,378703403015,191020,534860,725880
R026604,425105002010,140000,477700,617700
R026606,291726120012,69800,429510,499310
R026610,369110213005,175500,305130,480630
R026612,343315300014,278700,672750,951450
R026613,378702156001,0,136340,136340
R026620,404900000128,2880,0,2880
R026622,404900000043,18050,287540,305590
R026623,370136366001,0,274800,274800
R026625,370136366007,0,288120,288120
R026626,325700000125,59620,3991470,4051090
R026660,369109413002,40000,0,40000
R026661,325503179007,280900,1754060,2034960
R026663,325502252008,403790,1666450,2070240
R026664,425105002009,102360,822560,924920
R026672,325502225016,333560,2237960,2571520
R026673,325502225005,333560,1183470,1517030
R026677,369932006003,110000,495800,605800
R026680,325502225007,333560,1556920,1890480
R026681,325502225010,474650,1588680,2063330
R026683,325503101002,421340,4497730,4919070
R026684,378710029032,0,602320,602320
R026685,325502225001,333560,1248600,1582160
R026688,378703403021,191020,664380,855400
R026689,325502225008,333560,1382610,1716170
R026690,325502225009,333560,1723330,2056890
R026692,325502225004,333560,1573020,1906580
R026693,325502225003,333560,1340980,1674540
R026698,325503154009,253710,3231060,3484770
R026700,317726109054,0,722120,722120
R026708,325503127001,421340,2095160,2516500
R026710,317726104130,0,582180,582180
R026713,291900000045,60320,590580,650900
R026714,291900000000,150,0,150
R026715,291900000044,60320,391630,451950
R026726,318300000054,131100,408610,539710
R026727,398100000019,94970,0,94970
R026734,398300000034,95220,0,95220
R026736,298500000004,2810,0,2810
R026737,318100000007,152150,448030,600180
R026742,378702131007,549030,94440,643470
R026744,325502264002,403790,1693790,2097580
R026745,325501008002,232600,1325870,1558470
R026747,325502226002,319000,3013620,3332620
R026789,325503101004,511590,2667780,3179370
R026790,325503134011,0,314970,314970
R026804,325503151018,0,468530,468530
R026812,378117301003,15500,324310,339810
R026817,317726117034,0,771950,771950
R026827,369919001013,180300,552200,732500
R026828,325722307007,158010,762620,920630
R026830,291533000013,203540,0,203540
R026833,370134000028,215400,202700,418100
R026837,370136313021,86520,179910,266430
R026839,343700000005,19480,0,19480
R026842,317722204013,351440,1145910,1497350
R026846,404700000002,22080,0,22080
R026847,398500000046,286430,1736030,2022460
R026855,291533000002,2820,0,2820
R026857,299101000001,15110,0,15110
R026858,369109000038,29330,337140,366470
R026918,342731000003,6880,0,6880
R026919,368900000034,41500,0,41500
R026920,369500000007,26370,0,26370
R026922,379100000055,141320,2106770,2248090
R026923,291500000000,190,0,190
R026924,291500000000,190,0,190
R026926,351700000013,4670,1730,6400
R026931,370100000143,369670,483540,853210
R026939,325728105085,267300,848250,1115550
R026944,325503183006,320,0,320
R026945,351722000021,118500,0,118500
R026946,398300000003,31200,423360,454560
R026947,378703403023,191020,885990,1077010
R026948,404700000016,1130,0,1130
R026950,325722001002,649220,2873460,3522680
R026951,325722001003,649220,989750,1638970
R026952,325722001004,924980,0,924980
R026953,325722001005,693740,0,693740
R026954,325722001009,660700,0,660700
R026955,325722001010,971230,3999660,4970890
R026959,325503186018,0,426380,426380
R026960,325502232009,321920,820150,1142070
R026961,325503126011,210000,0,210000
R026962,325503126012,210000,319690,529690
R026963,317722204016,351440,2033290,2384730
R026964,325727202086,229640,1205080,1434720
R026968,318300000112,820,0,820
R026969,351727101003,118500,0,118500
R026973,397900000038,1930,412090,414020
R026976,369110212006,117000,549830,666830
R026977,369110209006,60940,151450,212390
R026978,397900000027,66420,553850,620270
R026980,325503108013,421340,1246550,1667890
R027017,370124005019,169500,696000,865500
R027019,317726460023,0,729250,729250
R027020,352500000030,18430,0,18430
R027022,343700000091,69370,1151190,1220560
R027031,325722304022,218700,0,218700
R027032,343315300013,104000,440850,544850
R027034,378702111006,165990,229780,395770
R027038,370100000117,16020,537350,553370
R027041,398500000006,95720,436190,531910
R027069,342706004001,90000,553450,643450
R027073,325503126009,210000,10,210010
R027075,325722305026,255150,987400,1242550
R027076,325721405013,288180,840190,1128370
R027077,325721405012,288180,750030,1038210
R027079,325722305016,229640,1193260,1422900
R027080,325503134009,273370,2882480,3155850
R027081,325722304058,191360,1106600,1297960
R027082,325722304053,191360,0,191360
R027083,325722304025,191360,0,191360
R027084,299312110006,81000,0,81000
R027085,342707412004,22280,377190,399470
R027088,325728106062,384240,730480,1114720
R027089,325300000019,141760,45800,187560
R027090,317724201021,397310,1514340,1911650
R027091,291707201019,143800,999570,1143370
R027092,325503126013,210000,367080,577080
R027094,325503185006,643500,0,643500
R027095,325722304024,218700,1232740,1451440
R027096,325722305025,229640,0,229640
R027097,325722304050,229640,907190,1136830
R027098,325722304028,229640,1053310,1282950
R027103,325503126008,210000,0,210000
R027106,325722305022,369500,1503260,1872760
R027107,325721405017,288180,0,288180
R027110,325722305020,229640,0,229640
R027113,325722305019,229640,731740,961380
R027115,325721405016,288180,839710,1127890
R027116,317726105019,0,598910,598910
R027118,325721405015,288180,0,288180
R027121,378714001014,123600,440430,564030
R027123,317723411028,418220,1094920,1513140
R027124,317726118057,0,748030,748030
R027126,291900000000,150,0,150
R027128,342706000001,10500,0,10500
R027129,342718103002,58480,168900,227380
R027130,291725000066,37410,246540,283950
R027133,378710029037,0,616790,616790
R027134,325722304033,191360,874510,1065870
R027136,291727202007,67510,783960,851470
R027137,325722307008,185900,0,185900
R027140,370136359012,232780,391750,624530
R027142,325722305027,229640,915570,1145210
R027144,325500000000,10,0,10
R027147,378702303003,0,298100,298100
R027148,378702303004,0,362720,362720
R027149,378702303005,0,362720,362720
R027150,378702303002,0,362430,362430
R027151,378702303001,0,372020,372020
R027152,378702303006,0,362720,362720
R027153,325503128003,421340,1932330,2353670
R027154,378702303007,0,372020,372020
R027156,325502255011,403790,1788490,2192280
R027157,370100000119,14070,0,14070
R027159,317726118054,0,851600,851600
R027161,317726101008,211970,545880,757850
R027163,317726120012,0,1265510,1265510
R027164,325503150011,1045690,1868390,2914080
R027167,343300001004,563530,0,563530
R027168,343500001012,895920,1574000,2469920
R027172,317724303048,821250,1729840,2551090
R027174,343500001003,779060,890380,1669440
R027175,343300001001,649220,1518750,2167970
R027177,343500001002,779060,1827450,2606510
R027179,343500001005,779060,1416120,2195180
R027181,404907003012,119000,387990,506990
R027183,379100000038,14460,739980,754440
R027184,343300001002,649220,0,649220
R027186,299301413001,36000,171660,207660
R027187,325722301026,206550,0,206550
R027188,343500001004,525560,0,525560
R027192,404913001007,16830,0,16830
R027195,343500001010,591710,1580530,2172240
R027196,343500001009,512300,860330,1372630
R027197,343500001011,3590,662380,665970
R027201,343500001001,591710,1043750,1635460
R027202,298900000031,3030,0,3030
R027204,404900000058,29240,169440,198680
R027208,343300001003,779060,1911300,2690360
R027209,291900000000,310,0,310
R027210,343500001006,895920,1008460,1904380
R027213,378903000001,278540,367060,645600
R027218,316900000017,26000,344950,370950
R027241,316900000012,2580,0,2580
R027242,370136343009,204620,711270,915890
R027244,343500003006,377500,0,377500
R027245,317700001001,14430,0,14430
R027246,317700001002,373580,5308140,5681720
R027247,317700001003,373580,3335710,3709290
R027248,317700001005,373580,4418520,4792100
R027249,317700001006,498100,3248440,3746540
R027250,317700001007,498100,2145810,2643910
R027251,317700001008,572820,5942010,6514830
R027252,317700001009,572820,5004390,5577210
R027253,317700001010,498100,0,498100
R027254,317700001011,498100,2551690,3049790
R027255,317700001012,498100,4609790,5107890
R027256,317700001013,572820,3843650,4416470
R027257,317700001019,498100,0,498100
R027258,317700001015,373580,4013320,4386900
R027259,317700001021,747150,0,747150
R027260,317700001016,498100,3519430,4017530
R027261,317700001017,498100,3428150,3926250
R027262,325500002015,498100,0,498100
R027263,325500002016,498100,5666790,6164890
R027264,325500002017,498100,5088420,5586520
R027265,325500002018,498100,6422510,6920610
R027266,325500002019,498100,1767910,2266010
R027267,325500002020,498100,6128340,6626440
R027268,325500002021,498100,4841780,5339880
R027269,325500002022,498100,2727770,3225870
R027276,325500001002,398480,3171520,3570000
R027277,325500001008,498100,2862060,3360160
R027278,325500001004,498100,3498690,3996790
R027279,325500001009,572820,4868580,5441400
R027280,325500001006,498100,5063520,5561620
R027281,343500000072,188290,609470,797760
R027283,369500001001,162000,868590,1030590
R027284,369500002001,82950,1139030,1221980
R027335,325503130007,1264030,0,1264030
R027336,291500000086,6760,0,6760
R027340,318300000000,450,0,450
R027342,404907005002,40000,0,40000
R027343,369526203005,19010,12790,31800
R027344,378702121015,154400,163190,317590
R027345,325503126021,210000,567450,777450
R027353,317900000089,111870,187850,299720
R027354,370135104004,204620,354250,558870
R027355,317900000079,200620,150190,350810
R027383,325300000039,1010,0,1010
R027384,325503126018,210000,438860,648860
R027385,325503126017,210000,0,210000
R027386,325503126016,210000,0,210000
R027387,398100000058,11880,0,11880
R027390,317900000054,95800,0,95800
R027394,317900000069,149830,0,149830
R027396,299312109002,27000,196460,223460
R027449,325503152005,439680,2082000,2521680
R027451,369900000013,186970,569020,755990
R027452,325503104001,421340,1423390,1844730
R027453,325722305028,185900,0,185900
R027457,325728105072,267300,870690,1137990
R027458,325503104003,518130,2401730,2919860
R027462,325724001022,0,176150,176150
R027463,378702300061,567040,1628740,2195780
R027466,369908001016,249800,409650,659450
R027467,325728105088,280670,823470,1104140
R027468,325503126015,210000,0,210000
R027482,370136206030,223770,472820,696590
R027483,291726133007,6680,0,6680
R027485,398700000025,21000,0,21000
R027487,317722205021,351440,2059950,2411390
R027488,298900000033,70,0,70
R027489,343500005003,336260,1028160,1364420
R027491,343300002003,591710,988360,1580070
R027493,343300002009,591710,1479050,2070760
R027494,343300002012,563530,997020,1560550
R027495,343300002011,591710,375810,967520
R027497,343300002006,640380,0,640380
R027498,343300002013,1397360,3304920,4702280
R027499,343300002005,537920,951730,1489650
R027500,343300002004,591710,1467890,2059600
R027501,343300002002,591710,1231180,1822890
R027502,343300002001,779060,898810,1677870
R027503,351535002003,195900,639570,835470
R027504,351535002002,167900,563230,731130
R027505,351535002001,167900,544730,712630
R027515,325503104009,533000,1574790,2107790
R027516,378100000027,2760,0,2760
R027517,325503126022,210000,0,210000
R027518,325503104012,421340,2650820,3072160
R027539,325503103013,518210,2537120,3055330
R027542,368934002059,24640,24050,48690
R027547,325503103012,519320,3067230,3586550
R027548,291726128004,29900,0,29900
R027549,291726128003,40050,0,40050
R027550,317723411036,286150,0,286150
R027552,317723411035,411340,3507910,3919250
R027554,377700000009,520,0,520
R027558,404500000019,38380,921780,960160
R027561,325727220010,0,481420,481420
R027562,424700000022,5880,0,5880
R027563,431300000002,4290,0,4290
R027584,325502253003,289870,2010330,2300200
R027586,325503126010,210000,65120,275120
R027589,325722306022,191360,0,191360
R027592,370100000165,182110,564430,746540
R027593,343300002010,672390,1740400,2412790
R027595,317724302032,378010,1493750,1871760
R027596,325722307011,154910,0,154910
R027597,325503126024,210000,0,210000
R027602,405130003016,37800,0,37800
R027604,325722307013,218700,0,218700
R027605,369526103002,30250,0,30250
R027606,343322300011,350160,801750,1151910
R027608,324700000012,52790,535180,587970
R027610,369110212005,78000,532210,610210
R027611,299301414008,9000,0,9000
R027616,325722307015,229640,711490,941130
R027619,325722307014,229640,963480,1193120
R027622,404532004013,30000,0,30000
R027623,404532003019,49500,481510,531010
R027624,404532003028,99000,929530,1028530
R027625,404532003027,49500,0,49500
R027629,404532003007,30000,0,30000
R027630,404532003008,30000,0,30000
R027631,404532003009,49500,0,49500
R027632,404532003024,99000,1237800,1336800
R027633,404532003011,49500,742800,792300
R027636,404532003029,198000,976030,1174030
R027640,404532003025,49500,976150,1025650
R027641,404532003016,30000,0,30000
R027642,404532003017,30000,1294150,1324150
R027643,404532003018,30000,0,30000
R027644,325722304037,229640,978490,1208130
R027648,398300000033,29280,462730,492010
R027702,325503104002,421340,2761440,3182780
R027703,325502228013,0,1021400,1021400
R027705,325503176004,694980,573800,1268780
R027707,317934028008,59900,285480,345380
R027708,325502228011,182510,844280,1026790
R027709,325502228008,0,685870,685870
R027714,343315302003,200000,864180,1064180
R027715,398303300027,10700,222920,233620
R027721,325700001007,742000,1267480,2009480
R027722,325700001004,742000,757370,1499370
R027723,325700001003,742000,1504090,2246090
R027724,325700001002,742000,0,742000
R027725,325700001001,742000,0,742000
R027727,378703101024,47360,0,47360
R027732,317723409033,423930,1569400,1993330
R027733,325503134005,422610,872760,1295370
R027734,369109413001,40000,0,40000
R027736,325503156010,6387640,0,6387640
R027737,325503159001,1416340,0,1416340
R027738,325503161001,6532500,405140,6937640
R027739,325503158001,5353920,0,5353920
R027740,325503157011,5982910,530860,6513770
R027741,325503183030,1608650,0,1608650
R027742,325503157003,166210,0,166210
R027743,343902002027,73130,694670,767800
R027747,325503160012,1754320,0,1754320
R027749,325503160010,584770,2598710,3183480
R027750,325503160011,1754320,0,1754320
R027751,325503160008,650980,6326140,6977120
R027752,325503160009,584770,3133290,3718060
R027753,317726122070,0,795230,795230
R027754,343500000025,332810,1359000,1691810
R027755,342708314004,6120,0,6120
R027760,342719000003,38990,0,38990
R027765,325503126014,210000,0,210000
R027766,325503179014,0,912870,912870
R027781,378703400063,172110,500420,672530
R027785,291528000009,2280,0,2280
R027792,368900000011,5530,0,5530
R027817,317100000009,7230,0,7230
R027818,378710024001,0,1088920,1088920
R027907,317700000000,4150,0,4150
R027908,370135106004,320490,311280,631770
R027909,370135103007,243240,248460,491700
R027910,370135102006,243240,372520,615760
R027911,370135104008,243240,307240,550480
R027912,370135101018,243240,275120,518360
R027924,378903002001,334240,271240,605480
R027927,325503126020,210000,0,210000
R027950,325503134007,463480,2393010,2856490
R027958,325503111002,421340,1549440,1970780
R027960,325502226001,274700,848070,1122770
R027979,325502226008,255200,1081160,1336360
R027982,317900000070,47630,0,47630
R027984,317900000053,130820,0,130820
R027989,325727204047,267300,1027060,1294360
R027990,325727204048,267300,639050,906350
R028020,325721408009,280670,821900,1102570
R028023,325721408012,267300,557970,825270
R028024,325721408008,280670,763500,1044170
R028025,325728118002,0,419770,419770
R028026,325721408010,267300,838780,1106080
R028027,325721406037,243000,986890,1229890
R028028,325721408011,267300,729620,996920
R028030,299300000054,11060,0,11060
R028031,299300000011,40120,0,40120
R028032,299300000033,5770,0,5770
R028034,299300000033,2890,0,2890
R028037,299300000055,9030,0,9030
R028038,299300000023,45910,0,45910
R028039,299300000051,7230,0,7230
R028040,299300000033,2890,0,2890
R028043,299300000031,6260,0,6260
R028045,326500000003,4290,0,4290
R028046,299300000037,760,0,760
R028047,299300000014,7220,0,7220
R028049,299300000009,21300,0,21300
R028051,291900000024,59480,516200,575680
R028052,378500000007,80720,0,80720
R028055,369900000029,292940,345930,638870
R028059,325503203014,515660,2981540,3497200
R028061,325503203013,599120,3345520,3944640
R028062,325503203006,826830,3332610,4159440
R028063,325503203007,826830,3308780,4135610
R028064,325503203008,826830,2610360,3437190
R028067,325503203002,449670,2399140,2848810
R028068,325503203003,449670,5022510,5472180
R028069,325503203004,909920,3189610,4099530
R028070,325503203005,3209050,0,3209050
R028071,370500000004,142850,191630,334480
R028072,317700001020,398480,0,398480
R028074,343300000000,110,0,110
R028075,378500000000,440,0,440
R030009,325503182001,217000,998370,1215370
R030014,325503126023,210000,504180,714180
R030017,317724301029,326100,0,326100
R030022,370135103006,243240,322590,565830
R030025,299101000004,4730,0,4730
R030027,342900000007,2790,0,2790
R030029,424300000000,2560,0,2560
R030032,325502263023,0,1331890,1331890
R030033,325512002052,216600,633130,849730
R030036,317934006010,130810,389340,520150
R030046,325728106060,133650,0,133650
R030047,377900000025,19850,299830,319680
R030050,317724302031,290780,1337890,1628670
R030051,317726110039,524640,1286210,1810850
R030052,299301414002,70,0,70
R030054,299301416002,440,0,440
R030055,299301415002,440,0,440
R030056,398500000054,89410,460470,549880
R030057,370113002041,169500,875710,1045210
R030059,325502228018,0,756050,756050
R030065,325727307006,0,692360,692360
R030066,370136337016,165990,239320,405310
R030067,404900000025,2470,0,2470
R030071,325503134008,511620,2075830,2587450
R030072,325722201016,369500,1618360,1987860
R030073,317727300025,1010680,1368720,2379400
R030078,343500002004,585520,2973220,3558740
R030079,343500002005,509150,751680,1260830
R030080,343500002001,649220,668870,1318090
R030081,343500002002,618300,0,618300
R030082,343500002006,484900,0,484900
R030083,343500002003,484900,0,484900
R030084,351900000119,188130,0,188130
R030087,370136407016,241880,412700,654580
R030090,325512002040,216600,1071700,1288300
R030091,325512002053,216600,1497620,1714220
R030100,404900000096,25910,321100,347010
R030101,404900000026,26280,213240,239520
R030102,325502263021,154650,928030,1082680
R030103,325502263020,0,1054320,1054320
R030104,325502263017,0,1067750,1067750
R030105,325502230002,453670,2464260,2917930
R030106,325503104011,421340,4071620,4492960
R030109,317726103042,0,836830,836830
R030115,370135102005,243240,262930,506170
R030120,369900000043,12190,326250,338440
R030122,398300000032,221160,1728770,1949930
R030124,404900000040,27470,154220,181690
R030130,369109107002,9000,0,9000
R030131,431300000030,57950,560160,618110
R030145,424500000031,560,0,560
R030146,298900000050,2250,91700,93950
R030147,342706001004,90000,36770,126770
R030148,378702116006,265430,143000,408430
R030149,370135102007,204620,353850,558470
R030151,325728105108,267300,737870,1005170
R030152,325721406038,243000,941350,1184350
R030154,325502230003,907340,0,907340
R030155,325502230004,907340,0,907340
R030156,325503203015,1626770,0,1626770
R030157,325503203023,558720,2418050,2976770
R030159,325503203018,898410,3810360,4708770
R030160,325503177005,403260,679730,1082990
R030163,378707000004,77980,776840,854820
R030164,378500000010,94780,832830,927610
R030178,370135106008,204620,290570,495190
R030181,325700000152,5110,58780,63890
R030183,378703403026,219670,1283370,1503040
R030185,325303013008,76770,209900,286670
R030190,343322203001,245680,1048840,1294520
R030191,343322203002,245680,1071240,1316920
R030192,343322204003,247610,0,247610
R030193,343322204004,397680,0,397680
R030194,343322204001,500960,1843850,2344810
R030195,343322204002,500960,0,500960
R030196,325728107008,267300,1049220,1316520
R030198,325503126026,210000,0,210000
R030199,325503126027,210000,333590,543590
R030200,325503126028,210000,0,210000
R030201,378500000008,95680,0,95680
R030207,317726420005,591500,2012620,2604120
R030208,317726420006,591500,4638470,5229970
R030209,317726420007,298120,0,298120
R030210,317726420008,946400,0,946400
R030211,317726420009,1064700,4227050,5291750
R030212,317726420010,1183010,3704580,4887590
R030213,317726420011,701040,5014730,5715770
R030214,317726430001,584200,0,584200
R030215,317726430002,701040,2737610,3438650
R030216,317726430003,701040,2490670,3191710
R030217,317726430004,525780,0,525780
R030218,317726420017,591500,0,591500
R030227,370135106010,204620,264060,468680
R030228,370136204010,187930,241460,429390
R030229,397300000007,46510,0,46510
R030231,370135105008,328220,356040,684260
R030232,370135106012,204620,239440,444060
R030235,370136325021,99140,329680,428820
R030236,325503184026,0,505440,505440
R030237,370135105016,204620,241890,446510
R030238,369109125001,6600,398250,404850
R030246,370135105012,204620,509640,714260
R030247,370135103010,204620,287140,491760
R030248,370113006024,166600,437490,604090
R030249,325503157005,272080,1928280,2200360
R030262,325502228033,0,642420,642420
R030263,325502228034,0,642420,642420
R030264,325502228035,0,642420,642420
R030265,325503108006,294780,1957840,2252620
R030267,299300000048,5300,0,5300
R030269,299500000012,7230,0,7230
R030270,369110212002,60940,715700,776640
R030272,398100000006,94970,0,94970
R030273,317728004001,2250,41550,43800
R030274,404900000079,26290,353970,380260
R030275,404900000045,26290,217130,243420
R030277,325501301004,328100,1185330,1513430
R030278,325501301005,328100,1440310,1768410
R030279,325501301006,328100,1816730,2144830
R030280,325501301007,426530,1481220,1907750
R030281,325501301008,328100,1160730,1488830
R030282,325501301009,328100,1225200,1553300
R030283,325501301010,328100,1587090,1915190
R030284,325501301011,328100,1324440,1652540
R030285,325501301012,328100,1056590,1384690
R030286,325501301013,516100,2023950,2540050
R030287,325501301014,516100,1082380,1598480
R030288,325501301015,516100,831820,1347920
R030289,325501301016,516100,2113750,2629850
R030290,325501301017,516100,1338610,1854710
R030291,325501301018,516100,2144110,2660210
R030292,325501301019,516100,1182980,1699080
R030293,325501301020,328100,1189270,1517370
R030297,370135104009,217670,246930,464600
R030298,325500005001,547910,1079450,1627360
R030299,325500005002,498100,1393940,1892040
R030300,325500005003,630100,1734610,2364710
R030301,325500005004,547910,0,547910
R030302,325500005005,547910,2201000,2748910
R030303,325500005006,547910,3157950,3705860
R030304,325500005007,572820,0,572820
R030305,325500005008,498100,0,498100
R030306,325500005009,410930,0,410930
R030308,325500005011,498100,0,498100
R030309,325500005012,547910,1210440,1758350
R030310,325500005013,410930,0,410930
R030311,325500005014,547910,0,547910
R030313,325500005044,630100,0,630100
R030316,325500005019,498100,0,498100
R030317,325500005020,547910,1657800,2205710
R030318,325500005021,630100,1418620,2048720
R030319,325500005022,547910,0,547910
R030320,325500005023,498100,0,498100
R030321,325500005024,547910,0,547910
R030322,325500005025,410930,321520,732450
R030323,325500005026,547910,293590,841500
R030324,325500005027,630100,0,630100
R030325,325500005028,630100,2368440,2998540
R030326,325500005029,547910,4205570,4753480
R030327,325500005030,547910,0,547910
R030328,325500005031,547910,2520700,3068610
R030330,325500005050,547910,2701420,3249330
R030331,325500005034,630100,1595620,2225720
R030332,325500005035,498100,1810890,2308990
R030333,325500005036,498100,0,498100
R030334,325503126001,210000,483330,693330
R030344,317723412024,368820,2557520,2926340
R030347,379100000034,92140,428380,520520
R030349,325706006001,0,792130,792130
R030350,325706006002,0,666090,666090
R030351,325706006003,0,725010,725010
R030352,325706006004,0,715480,715480
R030353,325706006005,0,838780,838780
R030356,369110202002,1310,0,1310
R030357,378700000066,95220,449200,544420
R030358,299507002002,9000,0,9000
R030359,398700000038,15090,0,15090
R030366,404900000020,2030,0,2030
R030367,342900000002,23070,362890,385960
R030370,370136324009,115660,249230,364890
R030373,343322205003,253610,1146250,1399860
R030377,325300000003,203570,267490,471060
R030379,342719000007,25250,0,25250
R030383,368934001085,79440,319510,398950
R030384,325502252004,1169090,0,1169090
R030385,291726105017,11630,11810,23440
R030387,343500003002,386930,3203010,3589940
R030388,343500004004,279600,1979590,2259190
R030389,343500004003,293580,2208330,2501910
R030390,343500003005,293580,2478860,2772440
R030391,343500004014,220190,0,220190
R030392,343500004013,440370,2611370,3051740
R030393,343500004012,293580,2783660,3077240
R030394,343500004005,293580,0,293580
R030395,343500004006,279600,0,279600
R030396,343500004011,293580,0,293580
R030397,343500004010,293580,2078910,2372490
R030398,343500004007,279600,0,279600
R030399,343500004009,293580,0,293580
R030400,343500004008,293580,1489660,1783240
R030401,343500003007,366980,0,366980
R030402,343500004015,293580,1835500,2129080
R030403,343500004016,550460,0,550460
R030407,343500004002,377500,2584280,2961780
R030408,398300000107,84350,587780,672130
R030409,378700000104,4980,0,4980
R030412,378714003042,107900,648350,756250
R030413,378714003041,107900,621430,729330
R030419,378714004053,107900,653460,761360
R030425,378714005052,107900,1118070,1225970
R030426,378714005021,107900,591670,699570
R030431,378714006049,107900,573090,680990
R030434,378714006047,107900,828810,936710
R030442,404900000116,25390,182800,208190
R030450,343700001036,2600,0,2600
R030451,343700001037,59790,2815380,2875170
R030452,343700001003,59820,1634860,1694680
R030453,343700001006,216900,1776780,1993680
R030454,343700001004,59830,1055070,1114900
R030455,343700001005,59820,1918300,1978120
R030456,343700001007,59800,1862790,1922590
R030457,343700001031,2620,0,2620
R030458,343700001032,3930,0,3930
R030459,343700001008,59930,1723840,1783770
R030460,343700001009,59960,2788640,2848600
R030461,343700001012,2790,0,2790
R030462,343700001010,2670,0,2670
R030463,343700001011,2600,0,2600
R030464,343700001017,2960,0,2960
R030465,343700001020,59830,1833750,1893580
R030466,343700001019,59810,2232280,2292090
R030467,343700001026,59830,868680,928510
R030468,343700001027,2600,0,2600
R030469,343700001028,2590,0,2590
R030470,343700001033,59800,1828000,1887800
R030471,343700001034,59930,1595950,1655880
R030472,343700001030,59810,1299280,1359090
R030473,343700001029,59830,2041670,2101500
R030474,343700001024,59790,1345120,1404910
R030475,343700001023,59800,2611940,2671740
R030476,343700001014,59810,2642800,2702610
R030477,343700001015,59870,2652360,2712230
R030478,343700001035,60080,2528450,2588530
R030479,343700001021,59900,2537070,2596970
R030480,343700001022,59830,1261950,1321780
R030481,343700001025,2620,0,2620
R030485,351535000002,1420,664550,665970
R030498,325503182019,0,495610,495610
R030499,325503182020,0,705670,705670
R030505,370135103011,217670,304060,521730
R030506,370135103012,204620,147060,351680
R030507,370135102009,217670,301890,519560
R030511,343500000020,366740,1017700,1384440
R030512,431300000019,218240,44460,262700
R030513,431300000017,172840,0,172840
R030514,431300000014,218480,215670,434150
R030515,431300000018,130890,162790,293680
R030516,370135104012,204620,324720,529340
R030517,370135105014,204620,404100,608720
R030520,370135105015,108520,0,108520
R030522,370125000087,1560,0,1560
R030523,370124000068,11500,0,11500
R030524,405100000084,4050,0,4050
R030525,405100000021,2630,0,2630
R030531,317934015023,21780,0,21780
R030533,325727201020,243000,484430,727430
R030535,291723304046,6400,0,6400
R030536,343500000018,9820,1413130,1422950
R030538,291723304048,6400,0,6400
R030539,404500000042,22250,0,22250
R030541,317722208001,351440,0,351440
R030542,317722208002,305600,1140650,1446250
R030543,317722208003,351440,0,351440
R030544,317722208004,305600,1638740,1944340
R030545,317722208005,305600,1583800,1889400
R030546,317722208006,351440,1740300,2091740
R030547,317722208007,305600,1140480,1446080
R030550,317722208009,30560,0,30560
R030551,370100000140,573960,0,573960
R030552,370135000029,192330,0,192330
R030554,325503158014,149940,992790,1142730
R030556,325503158017,138490,1135770,1274260
R030557,325503158020,139810,995030,1134840
R030558,325503158021,238780,1912990,2151770
R030561,317723410031,480960,1377460,1858420
R030562,370135101021,204620,376600,581220
R030563,325721407010,267300,745960,1013260
R030564,343901002010,74750,579780,654530
R030565,343901002011,74520,1290340,1364860
R030566,343315303002,118500,1447520,1566020
R030569,343700000004,91470,967530,1059000
R030574,325721408013,267300,796660,1063960
R030575,325721408014,267300,1150730,1418030
R030576,325721408017,267300,1360410,1627710
R030578,369301000003,33290,0,33290
R030579,370124009001,200100,1058400,1258500
R030581,425105002019,102360,358540,460900
R030584,370125000104,177210,30120,207330
R030588,325503132002,421340,1733380,2154720
R030589,343500000017,812640,0,812640
R030590,378100000012,1690,0,1690
R030592,350900000007,8480,131150,139630
R030595,317723412031,440240,1489570,1929810
R030596,325303000004,107050,0,107050
R030602,325503126002,210000,621930,831930
R030604,325722203025,229640,0,229640
R030607,325300000012,490,8020,8510
R030608,370135161005,359120,474370,833490
R030609,378702104023,135510,0,135510
R030610,325722305047,218700,0,218700
R030611,318517005003,30900,0,30900
R030617,299301419004,40,0,40
R030622,397900000000,60,0,60
R030623,378710013039,0,649100,649100
R030624,397500000008,94970,0,94970
R030627,323500000000,5190,0,5190
R030628,325300000000,5190,0,5190
R030631,377300000009,26390,114260,140650
R030632,379123000014,28780,271290,300070
R030636,325721405023,472130,983990,1456120
R030639,370135410014,185300,673510,858810
R030640,316900000018,550,0,550
R030641,342719000011,17110,0,17110
R030644,398100003007,520000,0,520000
R030645,378702147022,455480,491700,947180
R030652,378700000074,104720,340630,445350
R030655,299300000047,11060,0,11060
R030665,378710014023,0,690850,690850
R030666,317726401032,440240,1629450,2069690
R030667,317726116036,0,721610,721610
R030668,291500000022,22820,0,22820
R030669,316900000021,810,0,810
R030675,291900000022,59480,233010,292490
R030678,369500000031,8050,98430,106480
R030680,325503126003,210000,577150,787150
R030681,378702211014,156720,415050,571770
R030682,325727210018,267300,646950,914250
R030684,343322300009,323720,0,323720
R030690,342706002006,90000,0,90000
R030691,325503101005,632010,0,632010
R030692,325503158015,149940,797030,946970
R030695,325722301016,369500,850050,1219550
R030698,325727305015,235000,0,235000
R030699,325728103047,267300,929680,1196980
R030701,317726116037,0,757700,757700
R030703,404701007002,147000,423480,570480
R030704,404701007001,40000,0,40000
R030705,404701007003,147000,818200,965200
R030706,404701007004,92000,0,92000
R030707,404701007005,147000,611010,758010
R030708,404701006001,147000,569970,716970
R030709,404701006002,147000,582720,729720
R030710,404701006003,147000,560600,707600
R030711,404701006004,147000,375340,522340
R030712,404701006005,147000,723580,870580
R030713,404701006006,147000,593140,740140
R030714,404701006007,40000,0,40000
R030715,404701006008,92000,0,92000
R030723,325512002043,323540,3411780,3735320
R030724,325512002044,216600,1224710,1441310
R030726,325512002046,216600,1048100,1264700
R030727,325512002047,216600,1216890,1433490
R030731,325512003004,216600,1166560,1383160
R030733,370136332018,86520,140950,227470
R030735,378702234001,0,354170,354170
R030736,378702234002,0,444010,444010
R030737,378702234003,0,444600,444600
R030738,378702234004,0,354170,354170
R030744,317724210004,375020,0,375020
R030745,317724210005,375020,0,375020
R030746,317724210006,375020,2180510,2555530
R030747,317724210007,375020,0,375020
R030748,317724210008,375020,2298150,2673170
R030749,317724210009,375020,0,375020
R030750,317724210010,412520,2957380,3369900
R030751,317724210011,412520,227120,639640
R030752,317724210039,539080,2861520,3400600
R030755,317724210015,543770,3466640,4010410
R030756,317724210016,375020,2344350,2719370
R030757,317724210040,431270,2358310,2789580
R030759,317724210019,403230,2810230,3213460
R030760,317724210020,358710,2904010,3262720
R030761,317724210021,326100,2149030,2475130
R030762,317724210022,326100,0,326100
R030763,317724210023,375020,1667670,2042690
R030764,317724210024,375020,2353000,2728020
R030765,317724210025,375020,2663980,3039000
R030766,317724210026,375020,3978890,4353910
R030767,317724210038,431270,3942320,4373590
R030769,317724210029,375020,3466890,3841910
R030770,317724210030,412520,0,412520
R030776,370136354009,165990,335760,501750
R030781,325721404022,218700,810480,1029180
R030787,291527000016,25030,0,25030
R030790,317723412027,307350,1211110,1518460
R030792,370135101022,243240,484660,727900
R030794,370135126029,191580,512360,703940
R030795,370135411009,165990,507350,673340
R030805,325727204054,297990,545490,843480
R030806,378702107016,165990,280930,446920
R030819,325722305039,229640,0,229640
R030820,398100000003,8940,0,8940
R030821,325721405025,229640,743040,972680
R030822,291900000016,47740,440200,487940
R030824,291900000051,2230,0,2230
R030825,325722301022,229640,0,229640
R030827,431300000010,1760,270670,272430
R030830,325728103051,267300,1104300,1371600
R030831,325728103052,267300,1005260,1272560
R030833,378710020001,0,483990,483990
R030834,378707000003,30000,419770,449770
R030835,325503101005,695210,0,695210
R030836,342719000024,40310,205690,246000
R030838,370136235053,566300,2980220,3546520
R030841,325721407020,267300,1165690,1432990
R030842,369109143011,2190,0,2190
R030843,431300000006,79690,729940,809630
R030845,398100003018,520000,523090,1043090
R030846,325716001084,649220,1538400,2187620
R030850,325503133009,1264030,35840,1299870
R030851,371500000014,3630,0,3630
R030852,371500000015,3350,0,3350
R030853,397300000011,94970,94010,188980
R030855,325734001005,556650,2710490,3267140
R030856,369109125006,3200,0,3200
R030859,342707419002,43570,261980,305550
R030863,343500000019,7010,1078260,1085270
R030864,351722000005,200000,1180390,1380390
R030865,405300000017,104720,1149120,1253840
R030866,325300000015,141760,145770,287530
R030871,370125006005,360410,0,360410
R030872,325706007001,0,1757320,1757320
R030873,325706007002,0,1757320,1757320
R030874,325503186002,0,2683850,2683850
R030882,369900000053,160,575800,575960
R030883,370136334010,151370,146210,297580
R030884,325503186001,0,385350,385350
R030885,325718000004,160,1326750,1326910
R030887,325718000003,239900,699140,939040
R030888,325718000002,410,0,410
R030889,317726411033,0,287010,287010
R030892,369900000047,412740,108390,521130
R030896,378500000000,10,0,10
R030898,291726100011,0,52780,52780
R030904,425105000002,63780,17610,81390
R030913,369109407002,117000,144470,261470
R030914,343500000039,0,1101100,1101100
R030922,351733100004,57810,0,57810
R030934,318100000012,15500,244490,259990
R030938,370134000032,107190,564630,671820
R030939,370135417010,243240,1018170,1261410
R030947,325300000014,141760,204710,346470
R030948,325700003001,425140,485510,910650
R030951,325706008002,0,1944390,1944390
R030952,317726423001,359600,0,359600
R030953,317726423002,359600,2622050,2981650
R030954,317726423003,359600,3948990,4308590
R030955,317726423004,359600,3277530,3637130
R030956,317726423005,359600,0,359600
R030958,317735101004,359600,2562020,2921620
R030959,317726436001,359600,0,359600
R030960,317735101005,359600,0,359600
R030961,317735101009,359600,2237970,2597570
R030963,317735101008,359600,0,359600
R030964,317735101022,449500,0,449500
R030965,317735101010,359600,2207700,2567300
R030966,317726436002,359600,0,359600
R030967,317735101011,359600,4091650,4451250
R030968,317735101012,359600,4073620,4433220
R030969,317735101013,359600,2129170,2488770
R030970,317735101025,359600,4205500,4565100
R030971,317735101026,449500,2413280,2862780
R030972,317726435001,496700,3926140,4422840
R030973,317735101016,496700,4394460,4891160
R030974,317735101017,496700,2299600,2796300
R030975,317735101018,496700,0,496700
R030976,317735101019,496700,0,496700
R030977,317735101020,496700,0,496700
R030978,369523402002,74000,537060,611060
R030980,325303012005,88080,0,88080
R030982,325303011007,82660,463270,545930
R030985,317735101021,170,0,170
R030988,370125008002,165500,522400,687900
R030989,378702235001,0,353750,353750
R030990,378702235002,0,372030,372030
R030991,378702235003,0,374390,374390
R030992,378702235004,0,356290,356290
R030995,370124008002,9150,0,9150
R030996,325728102023,267300,880450,1147750
R030997,325727202074,191360,861620,1052980
R031001,325728000042,1420140,475860,1896000
R031002,351722000030,12000,919100,931100
R031003,342719000016,19240,0,19240
R031004,342719000016,19240,0,19240
R031005,342719000016,12830,0,12830
R031006,342719000016,12830,0,12830
R031010,326300000012,7050,0,7050
R031015,342706007006,90000,0,90000
R031016,326300000012,10580,0,10580
R031018,326300000012,10580,0,10580
R031020,326300000012,7050,0,7050
R031021,317723404053,423930,1745000,2168930
R031029,325722307017,255150,935540,1190690
R031030,325722307019,306180,1168880,1475060
R031031,378710014025,0,581800,581800
R031036,370135101020,217670,284840,502510
R031037,291726217048,78800,350460,429260
R031043,378710023001,188700,825840,1014540
R031044,378710007043,188700,678930,867630
R031045,325727209041,267300,732800,1000100
R031046,325721407009,280670,1288430,1569100
R031047,325502225006,333560,1208720,1542280
R031051,343500000056,529740,709210,1238950
R031061,370135300056,530,339450,339980
R031064,325721407011,267300,790580,1057880
R031065,325721404020,243000,656900,899900
R031070,398100003002,520000,518000,1038000
R031077,369900004001,1830,18490,20320
R031078,369900004002,80,363150,363230
R031079,325502263018,0,1098700,1098700
R031080,325707002001,431140,0,431140
R031081,325707001002,431140,0,431140
R031082,325707001003,431140,1190160,1621300
R031083,325707001004,431140,1524410,1955550
R031084,325707002005,706080,0,706080
R031085,325707001006,431140,1526660,1957800
R031086,325707001007,374900,1129480,1504380
R031087,325707001008,431140,967140,1398280
R031088,325707002009,825830,2214640,3040470
R031090,325707002014,661760,0,661760
R031091,325707002012,78410,0,78410
R031093,317726424002,0,772570,772570
R031094,317726424003,0,772570,772570
R031095,317726424004,0,812000,812000
R031096,317726425002,0,713280,713280
R031097,317726425003,0,455110,455110
R031098,317726425004,0,410650,410650
R031112,378710016001,0,480820,480820
R031113,378710016002,0,492230,492230
R031114,378710016003,0,492230,492230
R031115,378710016004,0,492230,492230
R031116,378710016005,0,468790,468790
R031117,378710016006,0,492230,492230
R031118,378710016007,0,492230,492230
R031119,378710016008,0,504860,504860
R031120,379300000035,5320,386340,391660
R031125,378702303010,0,30000,30000
R031126,396900000029,6290,848540,854830
R031130,404900000031,140040,385490,525530
R031131,369526107003,26720,517360,544080
R031137,317934031007,101170,889640,990810
R031138,325503151014,362350,3164300,3526650
R031148,325721404021,262440,859560,1122000
R031152,291726116006,69800,661170,730970
R031153,370136367001,255290,395630,650920
R031154,378702300064,259100,651440,910540
R031158,370113000015,176940,857730,1034670
R031159,369900003003,405770,776910,1182680
R031160,369900003002,355490,523870,879360
R031161,369900003001,353600,975830,1329430
R031162,369900002003,359140,892820,1251960
R031163,369900002002,364320,500030,864350
R031164,369900003004,384280,0,384280
R031167,369900002001,359140,676900,1036040
R031172,398100000007,117520,0,117520
R031173,379300000029,94740,348340,443080
R031178,378702303012,0,30000,30000
R031179,378702303013,0,30000,30000
R031180,378702303014,0,30000,30000
R031181,378702303015,0,30000,30000
R031182,378702303016,0,30000,30000
R031183,317500000026,2950,0,2950
R031187,342707417006,14180,0,14180
R031192,378700000080,369670,270230,639900
R031193,325727207008,267300,819980,1087280
R031199,404900000014,20700,0,20700
R031202,404900000016,203070,478010,681080
R031207,351500001006,215190,133340,348530
R031208,351500001005,214990,2399230,2614220
R031209,351500001004,214900,1969290,2184190
R031210,351500001003,214910,133340,348250
R031211,351500001002,215060,133340,348400
R031212,351500003010,225200,2211840,2437040
R031213,351500003002,225200,1194870,1420070
R031214,351500003003,225200,2227860,2453060
R031215,351500003004,225200,2543070,2768270
R031216,351500003005,225200,1648030,1873230
R031217,351500003008,214790,1450480,1665270
R031218,351500003007,224160,2050520,2274680
R031219,351500003006,219640,133340,352980
R031220,351500003009,218470,1980950,2199420
R031221,351500003011,219370,2330740,2550110
R031233,378710013038,0,649100,649100
R031234,291725000066,18710,123270,141980
R031237,369110212001,146250,508580,654830
R031238,369108000017,11670,39370,51040
R031239,369108000017,11660,39370,51030
R031242,292100000022,9380,0,9380
R031244,291900000029,59480,756840,816320
R031245,325512002048,320,0,320
R031248,370125000113,169150,768460,937610
R031250,369526202010,53010,658350,711360
R031252,325728112009,349600,0,349600
R031253,325728112010,304000,947960,1251960
R031254,325728112008,304000,1446610,1750610
R031255,325728112003,349600,1031270,1380870
R031256,325728112002,304000,821450,1125450
R031257,325728112001,349600,0,349600
R031258,325728112004,304000,1378500,1682500
R031259,325728112007,304000,926940,1230940
R031260,325728112011,304000,1064310,1368310
R031261,325728112006,304000,784010,1088010
R031262,325728112005,349600,1418040,1767640
R031263,325728113013,454250,0,454250
R031264,325728113012,395000,0,395000
R031265,325728113011,395000,1513870,1908870
R031266,325728113010,395000,790910,1185910
R031267,325728113009,395000,0,395000
R031268,325728113008,395000,838710,1233710
R031269,325728113007,395000,1560130,1955130
R031270,325728113006,395000,1612600,2007600
R031271,325728113005,395000,901740,1296740
R031272,325728113016,395000,0,395000
R031273,325728113017,395000,1218800,1613800
R031274,325728113002,395000,1402800,1797800
R031275,325728113001,395000,1004320,1399320
R031279,325503130014,599560,1826050,2425610
R031280,291726122008,69800,471660,541460
R031281,325722303038,229640,0,229640
R031297,378500000032,117230,0,117230
R031305,325722304040,218700,724800,943500
R031306,325722202064,229640,480710,710350
R031308,291726217031,12800,0,12800
R031323,317934002008,71870,0,71870
R031324,317934002007,70440,0,70440
R031325,291726145009,33380,0,33380
R031326,325503184010,0,154110,154110
R031327,325503184011,0,245630,245630
R031328,325503184012,0,155220,155220
R031329,325503184013,0,506280,506280
R031330,325503184014,0,590340,590340
R031331,325503184015,0,614180,614180
R031332,378702236001,0,355220,355220
R031333,378702236002,0,374730,374730
R031334,378702236003,0,373870,373870
R031335,378702236004,0,373910,373910
R031336,325706009001,0,1056530,1056530
R031337,325706009002,0,716480,716480
R031338,325706009003,0,797000,797000
R031339,325706009004,0,797000,797000
R031340,325706009005,0,716480,716480
R031341,325706009006,0,825760,825760
R031342,325727222001,0,448840,448840
R031343,325727222002,0,437620,437620
R031344,325727222003,0,437620,437620
R031345,325727222004,0,437620,437620
R031346,325727222005,0,437620,437620
R031347,325727222006,0,437620,437620
R031348,325727222007,0,437620,437620
R031349,325727222008,0,437620,437620
R031350,325727222009,0,437620,437620
R031351,325727222010,0,448840,448840
R031353,325503150010,522840,1656760,2179600
R031354,325722304059,505200,0,505200
R031355,325722304044,121500,0,121500
R031356,325722304044,109350,0,109350
R031357,378710017001,0,1047400,1047400
R031358,378710017002,0,1047400,1047400
R031359,325727223001,0,613760,613760
R031360,325727223002,0,613760,613760
R031364,404900000010,3530,0,3530
R031365,398500000053,56570,782410,838980
R031366,325722000020,1106980,941550,2048530
R031367,404500000021,144460,397920,542380
R031374,325512002051,433100,0,433100
R031376,370125007001,253900,568430,822330
R031377,342731000006,15640,0,15640
R031378,317100000008,47650,75990,123640
R031379,369523403001,51680,0,51680
R031380,325303013001,87690,0,87690
R031381,317726404013,0,643560,643560
R031383,325503104004,25000,0,25000
R031384,317726427001,0,848400,848400
R031385,317726427002,0,823800,823800
R031386,317726427003,0,769520,769520
R031387,317726427004,0,823190,823190
R031388,378710018005,672850,0,672850
R031390,325722304046,229640,877380,1107020
R031394,317710100020,15500,0,15500
R031396,378710018001,183690,326200,509890
R031397,318500000012,445620,0,445620
R031398,325303012002,71950,0,71950
R031400,291726216017,20800,0,20800
R031408,317934010016,2180,0,2180
R031409,291726305003,40050,0,40050
R031410,291726305004,40050,0,40050
R031411,404900000115,2460,0,2460
R031412,397300000004,1140,0,1140
R031414,291726105018,114520,0,114520
R031419,424500000033,8840,1196930,1205770
R031424,317726109060,0,722120,722120
R031428,325722304049,195190,914510,1109700
R031429,325727201022,191360,1111960,1303320
R031438,316932001008,55000,0,55000
R031447,404900000015,161490,813500,974990
R031448,398100001003,1960,0,1960
R031449,398100001004,1960,0,1960
R031450,398100001002,1960,0,1960
R031451,398100001005,1720,0,1720
R031452,398100001006,1990,0,1990
R031453,398100001020,1960,0,1960
R031455,398100002003,1960,0,1960
R031456,398100001018,810,0,810
R031457,398100001017,1700,0,1700
R031458,398100001009,1960,0,1960
R031459,398100001010,1960,0,1960
R031460,398100001011,1960,0,1960
R031461,398100001012,1960,0,1960
R031462,398100001016,1960,0,1960
R031463,398100001015,1960,0,1960
R031464,398100001014,1960,0,1960
R031465,398100001013,1960,0,1960
R031466,370124009002,200100,572190,772290
R031467,370124009003,190300,1115730,1306030
R031468,370124009004,200100,1348630,1548730
R031469,370124009005,190300,973140,1163440
R031475,291726123005,69800,346870,416670
R031476,291726123004,201000,0,201000
R031477,325727201031,182250,0,182250
R031517,378700000089,119540,0,119540
R031518,370136348020,91830,0,91830
R031521,317726429001,709800,0,709800
R031522,317726429002,630940,0,630940
R031523,317726429003,701040,0,701040
R031524,317726429004,1064700,4824120,5888820
R031525,317726429005,1064700,0,1064700
R031526,317726429006,887250,2112720,2999970
R031527,317726429021,851760,5959200,6810960
R031529,317726429009,851760,0,851760
R031530,317726429010,709800,2404500,3114300
R031531,317726429011,630940,0,630940
R031532,317726429012,630940,0,630940
R031533,317726434001,591500,0,591500
R031534,317726434002,709800,3874140,4583940
R031535,317726434003,709800,4419200,5129000
R031536,317726434004,709800,2782160,3491960
R031537,317726434005,630940,0,630940
R031538,317726429018,630940,0,630940
R031542,378702128003,334770,0,334770
R031543,370300000006,29240,145290,174530
R031547,325722304051,191360,1059610,1250970
R031549,378702237002,0,353790,353790
R031550,378702237003,0,493520,493520
R031551,378702237001,0,353790,353790
R031554,325721407014,320760,639690,960450
R031555,325721407015,267300,751150,1018450
R031558,317734401003,1107990,2606820,3714810
R031559,317734401004,1107990,2589380,3697370
R031560,317734401005,633140,2154870,2788010
R031561,317734401006,67500,585160,652660
R031562,317734401007,67500,978850,1046350
R031563,317734401008,722070,4501940,5224010
R031564,317734401009,722070,2914770,3636840
R031565,317734401010,722070,1160730,1882800
R031566,317734401011,722070,2870540,3592610
R031567,317734401012,740840,2984580,3725420
R031568,317734401013,1061240,2630500,3691740
R031569,317734402014,1061240,4238820,5300060
R031570,317734402015,740840,3418510,4159350
R031571,317734402016,722070,2608730,3330800
R031572,317734402017,722070,3036260,3758330
R031573,317734402018,722070,1897540,2619610
R031574,317734402019,722070,3108470,3830540
R031575,317734402020,63370,844820,908190
R031576,317734402021,63370,741090,804460
R031577,317734402022,62500,596440,658940
R031578,317734402023,556170,2833140,3389310
R031579,317734402024,791420,2116130,2907550
R031580,317734402025,1107990,1214210,2322200
R031581,317734402026,1107990,3586020,4694010
R031582,317734402027,1107990,4380540,5488530
R031583,317734402028,1107990,2625970,3733960
R031584,317734402029,1107990,1875930,2983920
R031585,317734402030,1107990,3168950,4276940
R031586,317734402031,1107990,2816550,3924540
R031587,317734402032,1107990,5032580,6140570
R031588,317734402033,1218790,3646290,4865080
R031591,325722305040,229640,0,229640
R031592,325721407017,267300,833340,1100640
R031594,325500005046,547910,0,547910
R031595,325500005045,339950,134760,474710
R031596,405130005014,24000,0,24000
R031599,291726122007,40050,0,40050
R031600,371500000009,1680,0,1680
R031601,371500000013,2790,0,2790
R031602,370125000101,470,529770,530240
R031619,370113000017,14030,1600,15630
R031622,351722000039,118500,0,118500
R031623,370100000144,258770,0,258770
R031625,370135460002,0,160310,160310
R031627,370135460004,0,156300,156300
R031628,370135460005,0,178180,178180
R031629,370135460006,0,156300,156300
R031630,370135460007,0,178180,178180
R031631,370135460008,0,156300,156300
R031632,370135460009,0,182740,182740
R031633,370135460010,0,178180,178180
R031634,370135460011,0,182740,182740
R031635,370135460012,0,240570,240570
R031636,370135460013,0,170840,170840
R031637,370135460014,0,166570,166570
R031638,370135460015,0,166570,166570
R031639,370135460016,0,189940,189940
R031640,370135460017,0,166570,166570
R031641,370135460018,0,189940,189940
R031642,370135460019,0,166570,166570
R031643,370135460020,0,194810,194810
R031644,370135460021,0,189940,189940
R031645,370135460022,0,194810,194810
R031646,370135460023,0,240570,240570
R031647,370135460024,0,170840,170840
R031648,370135460025,0,166570,166570
R031649,370135460026,0,166570,166570
R031650,370135460027,0,189940,189940
R031651,370135460028,0,166570,166570
R031652,370135460032,0,194810,194810
R031653,370135460033,0,189940,189940
R031654,370135460031,0,194810,194810
R031655,369900001001,372960,0,372960
R031656,369900001002,259140,0,259140
R031657,369900001003,250200,1444760,1694960
R031658,369900001004,262930,0,262930
R031659,369900001005,364670,221130,585800
R031661,325721408021,267300,656800,924100
R031662,317726104132,0,753470,753470
R031664,325727208010,235000,852120,1087120
R031665,370135460029,0,189940,189940
R031666,370135460030,0,166570,166570
R031667,325503111013,284650,1382500,1667150
R031668,291726217041,99290,1377080,1476370
R031672,369109412007,6250,0,6250
R031674,398300000037,5900,0,5900
R031677,291726124007,52070,0,52070
R031678,369109413003,71250,502280,573530
R031681,378702144018,431710,353470,785180
R031686,299301414003,9000,0,9000
R031689,398100000048,76800,0,76800
R031691,351900000129,71670,136160,207830
R031695,342708302004,7000,0,7000
R031697,378702400022,0,250640,250640
R031699,396900000047,12380,1044650,1057030
R031700,291900000095,59480,535650,595130
R031703,404900000028,27010,391910,418920
R031704,405100000018,88110,12060,100170
R031707,370135336006,368710,573330,942040
R031709,325503178004,280890,1523020,1803910
R031710,325722303040,229640,1410750,1640390
R031713,404500000038,24780,609360,634140
R031716,325500007001,523010,2812400,3335410
R031717,325500007002,498100,3805510,4303610
R031718,325500007003,523010,2760910,3283920
R031720,351700000015,140,0,140
R031721,351733100007,6730,378710,385440
R031723,325502228040,166780,803160,969940
R031724,370135113004,165990,247910,413900
R031725,291725000066,18710,123270,141980
R031726,396900000027,37400,379370,416770
R031727,325502231000,1441440,297640,1739080
R031728,325734000039,753100,1465410,2218510
R031729,325700000146,703880,1607320,2311200
R031730,378702156002,0,145890,145890
R031731,378702156003,0,84260,84260
R031732,378702156004,0,83330,83330
R031733,378702156005,0,143450,143450
R031734,325734000037,490,1255670,1256160
R031735,325734000038,441700,193870,635570
R031736,325700000153,1802120,0,1802120
R031738,379123000016,100720,0,100720
R031741,343500000069,228090,46720,274810
R031742,325727207011,267300,864100,1131400
R031743,325721401009,229640,0,229640
R031745,291700000035,70950,0,70950
R031746,291700000026,30260,364350,394610
R031750,342708304004,7000,0,7000
R031754,325512016013,346880,0,346880
R031756,325512016008,518380,3141870,3660250
R031757,325512016007,518380,1886220,2404600
R031758,325512016006,837360,3045110,3882470
R031759,325512016005,837360,1768300,2605660
R031760,325512016004,837360,1850630,2687990
R031761,325512016003,837360,1764160,2601520
R031762,325512016002,837360,3329590,4166950
R031763,325512016001,483810,2011160,2494970
R031764,378710019001,0,579820,579820
R031765,378710019002,0,579820,579820
R031766,378702154001,0,369730,369730
R031767,378702154002,0,392720,392720
R031768,378702154003,0,392720,392720
R031769,378702154004,0,374400,374400
R031774,325512017001,229900,1986290,2216190
R031775,325512017002,229900,1990100,2220000
R031776,325512017003,229900,0,229900
R031777,325512017004,229900,0,229900
R031778,325512017024,229900,1612320,1842220
R031779,325512017025,229900,1349390,1579290
R031780,325512017007,229900,0,229900
R031781,325512017008,229900,0,229900
R031782,325512017010,229900,1176190,1406090
R031785,325512017015,229900,1963640,2193540
R031786,325512017016,229900,1969270,2199170
R031787,325512017026,229900,2246130,2476030
R031788,325512017027,229900,2049230,2279130
R031789,325512017019,229900,1859960,2089860
R031790,325512017020,229900,1846820,2076720
R031791,325512017021,229900,1713530,1943430
R031792,325512017022,229900,1740070,1969970
R031793,370136212006,816230,521650,1337880
R031794,370136212007,428700,0,428700
R031796,370136212002,333570,391320,724890
R031797,370136212009,951630,1476370,2428000
R031804,370135161003,227790,188520,416310
R031805,370135161004,189170,163950,353120
R031806,369526208004,47230,374690,421920
R031809,325502232013,0,1385460,1385460
R031810,370100006002,356500,583420,939920
R031816,370100006003,356500,0,356500
R031817,370100006004,356500,345000,701500
R031818,370100006005,356500,413130,769630
R031819,370100006006,356500,0,356500
R031820,370100006007,356500,0,356500
R031821,370100006008,356500,0,356500
R031826,291500000115,58460,15910,74370
R031827,291726305005,40050,0,40050
R031828,291726305006,40050,0,40050
R031830,396900000023,2150,0,2150
R031834,370101000013,418580,1798080,2216660
R031836,291726305012,69800,333440,403240
R031837,291726305011,69800,726890,796690
R031838,298700000001,16560,0,16560
R031839,291900000091,16440,0,16440
R031840,291700000032,142870,1583400,1726270
R031841,291700000033,142950,0,142950
R031842,291700000034,134430,564640,699070
R031843,291700000029,258680,1280550,1539230
R031847,291725000065,47410,0,47410
R031850,325512024001,45980,0,45980
R031852,325512024004,229900,1790650,2020550
R031863,378710019003,0,610340,610340
R031864,378710019004,0,579820,579820
R031867,317723404048,418220,0,418220
R031877,325721405029,229640,815380,1045020
R031879,317700000148,3060,490,3550
R031881,325706010002,232600,1616710,1849310
R031886,325727225002,0,771940,771940
R031887,325727225003,0,791740,791740
R031888,378710020002,0,483990,483990
R031890,325706002018,837360,1193330,2030690
R031891,317724206020,768310,3702620,4470930
R031902,317722211002,347800,1861910,2209710
R031903,317722211003,347800,1565430,1913230
R031904,317722211004,347800,0,347800
R031905,317722211005,347800,0,347800
R031906,317722211006,347800,1170700,1518500
R031907,317722211007,347800,1392110,1739910
R031908,317722212003,695600,1789470,2485070
R031910,317722209021,347800,3034940,3382740
R031911,317722209022,347800,1752900,2100700
R031912,317722209023,347800,0,347800
R031913,317722209024,347800,0,347800
R031914,317722209025,347800,2154540,2502340
R031915,317722209028,399970,1348180,1748150
R031916,317722209029,347800,0,347800
R031917,317722209027,399970,1922440,2322410
R031918,317722209030,347800,0,347800
R031919,317722209031,399970,1742420,2142390
R031920,317722209032,347800,1814550,2162350
R031921,317722210002,399970,2418570,2818540
R031922,317722210003,399970,1603280,2003250
R031923,317722210004,347800,0,347800
R031924,317722210005,399970,0,399970
R031925,317722210006,360800,0,360800
R031926,317722210019,306680,0,306680
R031927,317722210018,360800,1743720,2104520
R031928,317722210017,378840,0,378840
R031929,317722210016,378840,0,378840
R031930,317722210015,378840,3941320,4320160
R031931,317722210014,306680,0,306680
R031932,317722210022,378840,1832510,2211350
R031933,317722210020,378840,0,378840
R031934,317722210007,360800,2255790,2616590
R031935,317722210008,360800,0,360800
R031936,317722210021,613360,0,613360
R031938,317722210010,360800,0,360800
R031939,317722210009,360800,2049500,2410300
R031940,317722209002,360800,1647710,2008510
R031941,317722209003,306680,3566710,3873390
R031942,317722209004,306680,1843080,2149760
R031944,317722209033,429350,1889110,2318460
R031945,317722209007,414920,1693370,2108290
R031946,317722209009,360800,0,360800
R031947,317722209010,414920,1968310,2383230
R031948,317722209011,360800,2160530,2521330
R031949,317722209012,414920,0,414920
R031950,317722209013,414920,2416950,2831870
R031951,317722209014,360800,2668460,3029260
R031952,317722209015,360800,3724380,4085180
R031953,317722209016,360800,1872670,2233470
R031954,317722209017,360800,0,360800
R031955,317722209018,360800,3212050,3572850
R031956,317722209019,378840,1688320,2067160
R031957,317722209020,559240,0,559240
R031959,317735401005,570600,2720450,3291050
R031960,317735401004,570600,2884270,3454870
R031961,317735401003,570600,2958710,3529310
R031962,317735401002,570600,3896530,4467130
R031963,317735401001,570600,6099690,6670290
R031964,317735401008,570600,3223880,3794480
R031965,317735402001,570600,3465490,4036090
R031966,317735401007,570600,2801000,3371600
R031967,317735401006,570600,3335790,3906390
R031970,342731000013,2770,0,2770
R031971,369108000017,12540,39370,51910
R031972,325503110014,0,472840,472840
R031973,325503110015,0,458330,458330
R031977,325503110016,0,633050,633050
R031980,343500000067,485870,1013610,1499480
R031981,343500000064,485870,2531440,3017310
R031982,317934015024,21780,0,21780
R031986,317723101046,418220,1258490,1676710
R031988,378701241001,58240,422900,481140
R031990,369110215002,221180,558170,779350
R031996,325503176014,0,861150,861150
R031997,299300000058,10920,0,10920
R031998,424300000022,1000,0,1000
R031999,298900000015,60470,773980,834450
R032000,325728000034,1960,16820,18780
R032009,325512018003,675960,1012920,1688880
R032014,325512018008,675960,531660,1207620
R032016,325512018010,735960,0,735960
R032017,325512018011,687210,640230,1327440
R032018,325512018012,675960,614960,1290920
R032020,325512018014,675960,1231100,1907060
R032021,325512018015,675960,862050,1538010
R032024,325512023001,0,355210,355210
R032026,325512018020,675960,184810,860770
R032027,325512019001,675960,904690,1580650
R032028,325512019002,675960,0,675960
R032029,325512019003,675960,601420,1277380
R032030,325512019004,675960,412590,1088550
R032032,325501009002,229900,1111900,1341800
R032033,325501009003,229900,1111900,1341800
R032034,325501009004,229900,1113580,1343480
R032035,325501009005,229900,1279090,1508990
R032037,370136005002,0,229790,229790
R032038,370136005003,0,255750,255750
R032039,370136005004,0,255750,255750
R032040,370136005005,0,246010,246010
R032041,370136005006,0,321130,321130
R032042,370136005007,0,321130,321130
R032043,370136005008,0,285970,285970
R032044,370136005009,0,285970,285970
R032045,370136005010,0,287280,287280
R032046,370136005011,0,285970,285970
R032047,370136005012,0,273560,273560
R032050,378702144016,274840,310220,585060
R032051,299900000002,11890,0,11890
R032054,370135421004,183300,565020,748320
R032055,343500000066,607340,1448810,2056150
R032056,396900000026,10150,820540,830690
R032058,404900000023,570,2250,2820
R032059,431300000008,280720,2214470,2495190
R032060,325501009007,229900,1278140,1508040
R032061,325512023002,0,451740,451740
R032062,351900000131,268750,161500,430250
R032063,351900000133,268750,404850,673600
R032064,370121402017,115800,377740,493540
R032065,424700000021,560,383160,383720
R032066,378710002019,188700,591830,780530
R032067,369100000044,94270,0,94270
R032072,351900000143,430000,617870,1047870
R032074,398300000026,23680,201800,225480
R032075,378710021002,155800,553190,708990
R032076,378710021003,208200,350120,558320
R032077,379100002014,5220,0,5220
R032078,379100002016,192770,1064610,1257380
R032079,379100002017,192770,1025750,1218520
R032080,379100002003,5610,0,5610
R032081,379100002012,3450,0,3450
R032082,379100002011,64170,2316070,2380240
R032083,379100001001,43900,1454970,1498870
R032084,379100003005,40040,0,40040
R032086,379100002009,43900,835900,879800
R032087,379100002008,192770,894720,1087490
R032088,379100002013,192770,1524240,1717010
R032092,325503186003,0,616510,616510
R032093,325503186004,0,168930,168930
R032094,325503186005,0,603430,603430
R032095,325503186006,0,168930,168930
R032096,325503186007,0,722580,722580
R032097,325503186008,0,157640,157640
R032098,325503186009,0,143830,143830
R032099,325503186010,0,1336630,1336630
R032100,325503186011,0,547060,547060
R032101,325503186012,0,536700,536700
R032102,325503186013,0,1077880,1077880
R032103,370114004023,6250,521840,528090
R032104,370124000073,168150,416950,585100
R032108,325503186017,0,141050,141050
R032109,369105000006,51180,225020,276200
R032111,396900000028,8100,373090,381190
R032112,378702157001,0,294320,294320
R032129,397500000010,42740,0,42740
R032135,325501302017,315880,0,315880
R032136,325501302010,489610,0,489610
R032137,325501302009,332500,3091930,3424430
R032138,325501302001,515380,2245270,2760650
R032139,325501302002,734410,0,734410
R032140,325501302003,489610,226900,716510
R032141,325501302004,515380,1744110,2259490
R032142,325501302005,1159590,0,1159590
R032143,325501302007,618450,2018670,2637120
R032144,325501302008,618450,3448650,4067100
R032145,325501302011,618450,2661830,3280280
R032146,325501303001,350000,2448910,2798910
R032147,325501302012,618450,1482520,2100970
R032148,325501302013,618450,1706300,2324750
R032149,325501302014,618450,2434040,3052490
R032150,325501302015,350000,2894240,3244240
R032151,325501303009,350000,1228180,1578180
R032152,325501303007,350000,2481490,2831490
R032153,325501303008,350000,1666570,2016570
R032154,325501303006,350000,0,350000
R032155,325501303004,350000,2385490,2735490
R032156,325501303003,350000,2492990,2842990
R032157,325501303002,350000,3340000,3690000
R032159,370136006002,1821390,0,1821390
R032162,370136006005,1664580,5829800,7494380
R032163,370136006009,1176310,0,1176310
R032164,370136006007,2560000,0,2560000
R032172,370135105017,204620,252960,457580
R032173,370135300050,917880,0,917880
R032175,369110214007,175500,504290,679790
R032176,370135338001,200900,190320,391220
R032177,370135338002,200900,211450,412350
R032178,370135338003,200900,219940,420840
R032179,370135338004,200900,165510,366410
R032180,370135338005,200900,147230,348130
R032181,370135338006,200900,590330,791230
R032182,370135338007,200900,247660,448560
R032183,370135338008,200900,410080,610980
R032184,370135338009,200900,531460,732360
R032185,370135338010,200900,374760,575660
R032186,370135338011,200900,431710,632610
R032187,370135338012,200900,397390,598290
R032188,370135338013,200900,645740,846640
R032189,370135338014,200900,466600,667500
R032190,370135338015,200900,131630,332530
R032191,370135338016,200900,173610,374510
R032192,370135338017,200900,223430,424330
R032193,370135338018,200900,173530,374430
R032194,370135338019,200900,178030,378930
R032195,370135338020,200900,402480,603380
R032196,370135338021,200900,175500,376400
R032197,370135338022,200900,187690,388590
R032198,370135338023,200900,295750,496650
R032199,370135338024,200900,167910,368810
R032200,370135338025,200900,150150,351050
R032201,370135338026,200900,189390,390290
R032202,370135338027,200900,211450,412350
R032203,370135338028,200900,261060,461960
R032204,370135338029,200900,176510,377410
R032205,370135338030,200900,206780,407680
R032206,370135338031,200900,0,200900
R032207,370135338051,200900,354090,554990
R032209,370135338034,200900,244370,445270
R032210,370135338035,200900,296810,497710
R032211,370135338036,200900,140080,340980
R032212,370135338037,200900,302810,503710
R032213,370135338038,200900,143200,344100
R032214,370135338039,200900,384900,585800
R032215,370135338040,200900,359850,560750
R032216,370135338041,200900,254600,455500
R032217,370135338042,200900,285920,486820
R032218,370135338043,200900,173060,373960
R032219,370135338044,200900,185490,386390
R032220,370135338045,200900,167820,368720
R032221,370135338046,200900,278360,479260
R032222,370135338047,200900,183120,384020
R032224,370136204012,187930,160880,348810
R032227,291726308007,251650,0,251650
R032228,291726308008,78800,0,78800
R032229,369526100009,39670,0,39670
R032230,370136213002,3150360,4026080,7176440
R032231,370136213001,2858690,0,2858690
R032233,370136216017,116800,302370,419170
R032238,397500000015,94970,246160,341130
R032239,404900000011,106770,787100,893870
R032243,291700000030,256580,1511070,1767650
R032244,291700000031,256580,0,256580
R032245,370136211003,1563630,0,1563630
R032251,405300000061,183200,166540,349740
R032255,404700000007,2900,0,2900
R032257,325500008007,420000,2237510,2657510
R032258,325500008008,420000,0,420000
R032259,325500008009,420000,3785530,4205530
R032260,325500008005,420000,1197380,1617380
R032261,325500008006,400000,0,400000
R032262,325500008004,420000,2038530,2458530
R032263,325500008003,420000,2334740,2754740
R032264,325500008001,400000,0,400000
R032265,325500008002,420000,1226320,1646320
R032267,369900000048,500,290390,290890
R032268,397500000009,2230,0,2230
R032269,398100000010,1750,0,1750
R032270,424700000019,80,0,80
R032271,404900000030,25430,98010,123440
R032272,378500001001,64000,476780,540780
R032273,378500000030,94720,342160,436880
R032274,325502228032,0,423820,423820
R032275,325502228031,0,622460,622460
R032276,325502228030,0,329090,329090
R032277,325502228029,0,671950,671950
R032278,325502228025,0,670930,670930
R032279,325502228026,0,622680,622680
R032280,325502228027,0,622460,622460
R032281,325502228028,0,586820,586820
R032283,291900000012,1280,0,1280
R032284,370113007023,166600,691870,858470
R032287,317713303007,375020,2939940,3314960
R032292,317724211019,375020,0,375020
R032300,378702231010,117360,0,117360
R032302,378702230009,1600,3760,5360
R032307,325717301003,525600,1732840,2258440
R032310,325717301006,525600,0,525600
R032311,325717301001,525600,3850680,4376280
R032315,325720101003,925060,0,925060
R032316,325720101004,770880,1953850,2724730
R032317,325720101005,770880,2094360,2865240
R032318,325720101006,735840,2473900,3209740
R032319,325720101007,735840,0,735840
R032322,325720101010,735840,2154130,2889970
R032324,325720101017,735840,0,735840
R032325,325720101013,700800,3168510,3869310
R032327,325720101001,525600,0,525600
R032328,378714006051,107900,598090,705990
R032330,325502263019,0,885660,885660
R032333,378710022001,0,576250,576250
R032334,378710022002,0,576250,576250
R032340,325503179015,0,1017600,1017600
R032346,291727206041,144900,8280,153180
R032347,291707200021,47250,0,47250
R032348,325727200009,278500,0,278500
R032349,378500000033,88870,367470,456340
R032351,317726129024,640,0,640
R032354,317726129015,289500,1345810,1635310
R032355,317726129021,289500,1345760,1635260
R032356,317726129019,289500,1345810,1635310
R032357,317726129020,289500,1490410,1779910
R032358,317726129013,289500,1202500,1492000
R032361,405100003011,2240,0,2240
R032362,378710022003,0,553650,553650
R032363,370114001022,190100,617660,807760
R032364,325700002001,854540,3296040,4150580
R032365,325700002002,854540,2875040,3729580
R032366,325700002004,517900,2225910,2743810
R032367,325700002008,854540,1498960,2353500
R032368,325700002007,569690,1116520,1686210
R032369,325700002009,569690,942460,1512150
R032370,325700002006,569690,1113570,1683260
R032371,325700002017,854540,1447230,2301770
R032372,325700002005,569690,2529520,3099210
R032373,325700002013,854530,1441380,2295910
R032374,325700002003,517900,0,517900
R032375,325700002011,776850,0,776850
R032376,325700002010,776850,0,776850
R032377,325700002024,776850,0,776850
R032378,325700002023,939990,2858840,3798830
R032379,325700002036,517900,0,517900
R032380,325700002025,854540,3218710,4073250
R032381,325700002022,517900,0,517900
R032382,325700002020,569690,1200430,1770120
R032383,325700002012,517900,0,517900
R032384,325700002019,517900,0,517900
R032385,325700002016,854540,229290,1083830
R032386,325700002014,939990,3377880,4317870
R032387,325700002015,854540,0,854540
R032388,325700002032,569690,1383960,1953650
R032389,325700002018,854540,365820,1220360
R032390,325700002029,569690,0,569690
R032391,325700002028,854540,108810,963350
R032392,325700002027,939990,0,939990
R032393,325700002035,569690,3265590,3835280
R032394,325700002038,854540,2240050,3094590
R032395,325700002037,776850,0,776850
R032396,325700002044,939990,3430990,4370980
R032397,325700002039,626660,0,626660
R032398,325700002026,517900,0,517900
R032399,325700002031,854540,0,854540
R032400,325700002041,626660,0,626660
R032401,325700002042,466110,0,466110
R032402,325700002043,699170,0,699170
R032406,370135164004,204620,201390,406010
R032407,370135164003,204620,225230,429850
R032408,370135164002,204620,685790,890410
R032409,370135164001,204620,287860,492480
R032410,370135163004,204620,437660,642280
R032411,370135163003,204620,209190,413810
R032412,370135163002,204620,267660,472280
R032413,370135163001,204620,307530,512150
R032414,370135162001,204620,381730,586350
R032415,370135162002,204620,295040,499660
R032416,370135162003,204620,201530,406150
R032417,370135162004,204620,391130,595750
R032418,370135162005,204620,211550,416170
R032419,370135165001,204620,300110,504730
R032420,370135165002,204620,300770,505390
R032421,370135165003,204620,263670,468290
R032422,370135165004,204620,296970,501590
R032425,370136368001,154910,455110,610020
R032426,377700000005,490,0,490
R032427,377700000011,40,0,40
R032428,377700000010,150320,866860,1017180
R032431,318300000094,407610,572090,979700
R032433,398100000043,22240,370910,393150
R032438,378702154005,0,372420,372420
R032439,378702154006,0,395580,395580
R032440,378702154007,0,403710,403710
R032441,378702154008,0,377410,377410
R032442,325502002001,1164460,2179290,3343750
R032447,378702144007,181400,79410,260810
R032477,325700003005,485870,1562800,2048670
R032481,325700003004,485870,0,485870
R032483,325700003003,607340,1586120,2193460
R032484,370136216016,116800,257370,374170
R032485,370136216015,116800,251150,367950
R032486,370136216014,116800,326040,442840
R032487,370136216013,116800,261950,378750
R032488,370136216012,116800,277400,394200
R032490,370136216010,116800,372880,489680
R032492,370136216001,116800,312300,429100
R032493,370136216002,116800,0,116800
R032494,370136216003,116800,271740,388540
R032495,370136216004,116800,280580,397380
R032496,370136216005,116800,254090,370890
R032497,370136216006,116800,0,116800
R032498,370136216007,116800,304710,421510
R032499,370136217005,116800,260560,377360
R032500,370136217004,116800,284790,401590
R032501,370136217003,116800,280580,397380
R032502,370136217002,116800,413620,530420
R032503,370136217001,116800,251150,367950
R032504,370136217010,116800,257370,374170
R032505,370136217009,116800,490070,606870
R032506,370136217008,116800,323080,439880
R032507,370136217007,116800,278040,394840
R032508,370136217006,116800,254420,371220
R032517,325512020003,252000,1375750,1627750
R032518,325512020004,315000,1297820,1612820
R032519,325512020005,315000,0,315000
R032520,325512020006,315000,1214570,1529570
R032521,325512020007,315000,1617910,1932910
R032523,325512020009,315000,1235790,1550790
R032524,325512020010,315000,1267790,1582790
R032525,325512020011,315000,1636900,1951900
R032526,325512020012,315000,1212450,1527450
R032527,325512020013,315000,1263650,1578650
R032528,325512020014,315000,1215500,1530500
R032529,325512020015,315000,1373640,1688640
R032530,325512020016,315000,1219270,1534270
R032531,325512020017,315000,1393550,1708550
R032533,325512020019,330750,1213340,1544090
R032534,325512020020,315000,1249190,1564190
R032536,325512020022,355000,1546920,1901920
R032538,325512021001,315000,1818280,2133280
R032539,325512021002,355000,1097640,1452640
R032541,325512021004,355000,1485910,1840910
R032542,325512021005,252000,1247680,1499680
R032543,325512021006,252000,1409600,1661600
R032544,325512021007,252000,1446900,1698900
R032545,325512021008,252000,1524110,1776110
R032546,325512021009,355000,0,355000
R032551,325512020026,444000,1679930,2123930
R032552,325512020027,444000,0,444000
R032553,325512020028,444000,2200820,2644820
R032554,325512020029,444000,1632610,2076610
R032555,325512020030,388780,1477180,1865960
R032556,325512020031,311030,3058160,3369190
R032557,325512020032,388780,1825020,2213800
R032558,325512020033,388780,1505490,1894270
R032559,325512020059,518380,0,518380
R032561,325512020036,444000,2202240,2646240
R032562,325512020037,444000,2469170,2913170
R032563,325512020038,444000,1630680,2074680
R032564,325512020039,444000,2366950,2810950
R032565,325512020040,444000,0,444000
R032566,325512020041,444000,2095310,2539310
R032567,325512020042,333000,0,333000
R032568,325512020068,346880,0,346880
R032570,325512020061,414700,1557000,1971700
R032578,325512020053,346880,0,346880
R032579,325512022001,346880,1621780,1968660
R032580,325512022002,462500,2679710,3142210
R032581,325512022003,462500,0,462500
R032582,325512022004,462500,3145610,3608110
R032583,325512022005,462500,1878800,2341300
R032584,325512022006,604760,1706110,2310870
R032585,325512022007,604760,1782570,2387330
R032586,325512022008,604760,2898140,3502900
R032587,325512022009,604760,3329770,3934530
R032592,325512022014,346880,1736050,2082930
R032593,317934030007,143750,0,143750
R032594,317934031009,72810,0,72810
R032595,317934031010,73240,0,73240
R032596,325303014003,75110,0,75110
R032599,291500000032,11430,0,11430
R032600,370100000205,509900,0,509900
R032601,377900000002,31680,0,31680
R032602,299900000010,8040,0,8040
R032603,299900000001,7050,0,7050
R032604,299900000016,2930,0,2930
R032605,405700000007,3310,0,3310
R032606,299900000011,10230,0,10230
R032608,317300000004,430,0,430
R032609,299900000020,14410,60970,75380
R032610,299900000007,15420,0,15420
R032611,299900000014,22700,0,22700
R032612,299900000017,11670,0,11670
R032613,299900000006,7750,0,7750
R032615,300100000001,17710,0,17710
R032619,343500000061,54290,0,54290
R032620,343500000058,670,3200,3870
R032627,299700000009,10,0,10
R032628,292100000013,66210,0,66210
R032630,378702207026,505890,636000,1141890
R032633,378714201050,165000,456690,621690
R032634,378700000091,133430,0,133430
R032638,424700000016,2250,0,2250
R032639,325700003002,607340,2169930,2777270
R032640,351500000040,41500,0,41500
R032641,317934006009,99430,0,99430
R032645,370300000004,0,154910,154910
R032646,291534010005,5800,37110,42910
R032647,368935000017,72920,247120,320040
R032648,368935000016,65410,208360,273770
R032653,317300000006,6930,0,6930
R032663,316500000003,8710,0,8710
R032665,370300000005,32220,145290,177510
R032693,325728114001,0,636080,636080
R032694,325728114002,0,669560,669560
R032709,378701001004,230730,0,230730
R032710,378701001003,80120,0,80120
R032714,378710020003,0,436750,436750
R032715,378710020004,0,436110,436110
R032718,325700005001,854540,2137350,2991890
R032719,325700005002,552130,0,552130
R032720,325700005003,684640,0,684640
R032721,325700005004,441700,0,441700
R032722,325700005005,441700,3024500,3466200
R032723,325700005006,607340,1089830,1697170
R032724,325700005016,552130,0,552130
R032725,325700005015,552130,0,552130
R032726,325700005014,552130,0,552130
R032727,325700005013,552130,0,552130
R032728,325700005012,485870,1048160,1534030
R032729,397100000009,27950,0,27950
R032731,325734000042,8290,3157620,3165910
R032732,325721407019,267300,0,267300
R032735,324700000003,79020,0,79020
R032738,350900000008,4760,0,4760
R032739,325900000001,0,62440,62440
R032741,325900000016,30800,0,30800
R032742,325900000018,17780,0,17780
R032744,343901003003,6410,0,6410
R032745,343901002002,7500,0,7500
R032746,343902001030,830,0,830
R032747,397900000035,2820,0,2820
R032748,405300000001,1130,0,1130
R032749,397700000002,3860,0,3860
R032751,343902001038,310,0,310
R032752,317726129014,289500,1490410,1779910
R032753,378902008001,122400,398490,520890
R032755,378902007003,122400,432340,554740
R032756,378902007002,122400,1157540,1279940
R032757,378902007001,122400,638080,760480
R032758,378912001001,122400,706760,829160
R032759,378912003002,90,0,90
R032760,378912003003,80,0,80
R032761,378912003004,70,0,70
R032762,378911001001,1400,0,1400
R032763,378911002001,175730,541700,717430
R032764,378911002002,179050,1179380,1358430
R032765,378911002003,10490,0,10490
R032766,378911002004,177940,857920,1035860
R032767,378911002005,4770,0,4770
R032768,378911002006,177700,932580,1110280
R032769,378911002007,3240,0,3240
R032771,350300000009,22080,0,22080
R032772,350300000010,3350,0,3350
R032774,343900000003,0,177480,177480
R032775,343700000016,5900,0,5900
R032777,343700000036,9390,0,9390
R032787,326321400004,30000,108260,138260
R032788,326300000006,7970,0,7970
R032798,325700004003,490600,5193810,5684410
R032799,325700004004,981100,4507730,5488830
R032800,325700004006,490600,4522540,5013140
R032808,325700004007,707220,3207250,3914470
R032809,325700004008,707220,2446150,3153370
R032812,405500000006,290,0,290
R032813,405500000013,560,0,560
R032814,325502228019,0,780940,780940
R032815,325502228020,0,712680,712680
R032816,325728105094,267300,825420,1092720
R032817,325502228006,0,831190,831190
R032818,325502228007,0,732470,732470
R032819,299900000024,28610,252670,281280
R032830,405300000007,15010,0,15010
R032831,405300000008,12480,0,12480
R032832,405300000013,17880,0,17880
R032833,299500000035,10600,0,10600
R032834,299500000041,299290,0,299290
R032835,405300000041,43860,0,43860
R032838,405300000112,104720,0,104720
R032840,405300000044,15060,0,15060
R032841,405300000027,2250,0,2250
R032846,405300000021,1920,0,1920
R032849,299500000044,41070,0,41070
R032869,378117300001,25080,52420,77500
R032871,292300000003,2250,0,2250
R032872,405300000072,1110,0,1110
R032878,351500000044,8520,0,8520
R032879,405300000010,17590,0,17590
R032880,405300000101,70,0,70
R032881,397500000012,94970,243300,338270
R032886,398700000032,49680,306060,355740
R032888,404300000007,1720,0,1720
R032890,404300000006,26920,2155050,2181970
R032892,398700000022,2250,0,2250
R032894,398700000033,21990,0,21990
R032895,404500000007,1730,0,1730
R032897,404500000016,11450,0,11450
R032898,404500000052,39010,735980,774990
R032904,424300000015,580,0,580
R032905,424300000014,580,0,580
R032906,424300000016,22340,0,22340
R032907,424300000017,20240,0,20240
R032910,404500000001,4390,0,4390
R032911,404500000041,7910,106470,114380
R032912,398300000102,4470,0,4470
R032915,424300000029,8810,0,8810
R032922,424300000026,1700,646230,647930
R032923,424300000028,570,0,570
R032927,378902006001,10,0,10
R032928,378900000024,440,0,440
R032931,378900000032,13640,0,13640
R032934,431500000002,1130,0,1130
R032935,431500000006,560,0,560
R032936,424500000027,280,0,280
R032937,424500000017,488860,346340,835200
R032948,404500000020,3260,0,3260
R032954,431700000006,9610,0,9610
R032955,397300000019,17530,0,17530
R032956,397300000023,38470,0,38470
R032961,424700000018,1340,0,1340
R032962,424700000012,5980,0,5980
R032963,424700000023,1690,0,1690
R032965,424700000008,560,0,560
R032967,397300000017,5320,0,5320
R032968,424700000015,560,0,560
R032970,424500000042,1000,0,1000
R032973,343322200002,14320,0,14320
R032974,343322300015,291130,0,291130
R032979,398500000017,12100,0,12100
R032992,431300000005,2250,0,2250
R032993,431300000015,123170,548190,671360
R032998,405100000020,3890,9660,13550
R033002,405100000015,6240,0,6240
R033003,405100000013,10810,0,10810
R033015,431300000022,40,0,40
R033016,431311001006,200,0,200
R033017,431311001010,70,0,70
R033020,405100000009,48050,0,48050
R033036,405100000071,41120,0,41120
R033049,425100000009,2250,0,2250
R033060,404700000035,2900,0,2900
R033061,405120003022,15300,0,15300
R033064,405107001002,30600,0,30600
R033067,298500000003,2230,0,2230
R033074,318700000006,2680,0,2680
R033076,318700000008,420,0,420
R033078,398100000049,27810,0,27810
R033079,398100000018,4590,0,4590
R033082,398100000023,51750,0,51750
R033086,398100000030,14690,0,14690
R033087,398100000031,280,0,280
R033088,398100000011,20100,0,20100
R033089,398100002004,230,0,230
R033090,398100002002,1150,0,1150
R033091,398100002001,260,0,260
R033098,369900000001,0,44230,44230
R033102,369900000120,33800,0,33800
R033103,325503184016,0,312430,312430
R033104,325503184017,0,262210,262210
R033105,325503184018,0,588940,588940
R033106,325503184019,0,419070,419070
R033107,325503184020,0,457600,457600
R033108,325503184021,0,641520,641520
R033109,325503184007,160880,697990,858870
R033110,351700000018,2760,0,2760
R033115,379100000057,10260,0,10260
R033116,379100000059,260,0,260
R033118,351733300003,10,0,10
R033120,351700000036,320,0,320
R033121,351700000038,1270,0,1270
R033123,398536002044,147000,872580,1019580
R033124,398536002036,147000,634210,781210
R033126,379114300004,79050,10,79060
R033127,379123000007,3810,0,3810
R033131,379100000022,34720,0,34720
R033132,379500000020,9010,0,9010
R033137,379100000006,23020,21390,44410
R033138,379100000058,86600,22650,109250
R033139,379100000010,20,0,20
R033140,379100000012,450,0,450
R033141,379100000014,120,0,120
R033142,379100000025,17480,0,17480
R033144,379100000036,1730,552780,554510
R033146,379100000041,210,0,210
R033147,379100000045,250,0,250
R033148,291500000019,55190,0,55190
R033156,398700000030,2410,0,2410
R033162,378903000008,15500,0,15500
R033163,325503186027,0,405330,405330
R033165,368926000003,16290,0,16290
R033171,342900000007,5580,0,5580
R033173,352532000022,68240,372580,440820
R033174,352500000018,20810,0,20810
R033175,352500000023,27130,0,27130
R033178,342731000004,10720,0,10720
R033180,368700000003,15370,0,15370
R033181,368900000023,12500,0,12500
R033184,342700000010,68740,0,68740
R033186,369301000002,31360,0,31360
R033187,352300000010,51570,0,51570
R033191,369312000002,26850,0,26850
R033193,291900000013,60,0,60
R033194,291900000008,15640,0,15640
R033198,317726400053,834550,0,834550
R033204,352500000017,34990,0,34990
R033205,352532000003,37420,5300,42720
R033207,352532000062,14500,0,14500
R033208,318500000043,879160,0,879160
R033211,369109112001,28000,75900,103900
R033212,369109114001,4000,0,4000
R033213,369109000035,24940,0,24940
R033214,369107000001,44310,0,44310
R033216,369107000003,58110,0,58110
R033217,369107000004,40920,0,40920
R033218,369106000014,30100,0,30100
R033225,318300000095,408450,0,408450
R033226,318300000013,3210,0,3210
R033227,405119000002,40280,0,40280
R033228,405119000003,33880,0,33880
R033246,292100000007,2250,0,2250
R033249,298700000007,1060,0,1060
R033250,292100000025,13160,0,13160
R033254,298700000008,2230,0,2230
R033257,369109413006,40000,0,40000
R033261,298904000001,110,0,110
R033263,298900000058,34200,1220,35420
R033267,298900000007,530,0,530
R033270,298900000016,210,0,210
R033271,298900000017,150,0,150
R033272,298900000023,4500,0,4500
R033273,291900000004,40,0,40
R033274,298900000020,2100,0,2100
R033275,298900000027,20,0,20
R033281,298900000029,610,0,610
R033291,291900000062,760,0,760
R033292,368935000019,41050,55010,96060
R033293,368935000023,31720,0,31720
R033294,368935000010,58770,0,58770
R033295,379900000004,28590,0,28590
R033305,318500000041,68070,0,68070
R033321,291534005002,2900,0,2900
R033322,396900000031,24040,13590,37630
R033324,396900000043,59790,2204270,2264060
R033325,396900000022,32040,0,32040
R033331,397100000002,690,0,690
R033332,396700000005,30510,0,30510
R033333,396700000007,230,0,230
R033335,397100000019,3240,0,3240
R033336,396700000019,61270,78400,139670
R033338,397100000015,1710,0,1710
R033339,397100000016,9910,0,9910
R033361,379300000025,1260,0,1260
R033366,291900000066,27140,12100,39240
R033372,369500000021,14900,0,14900
R033374,397900000029,180,0,180
R033375,342900000011,25300,0,25300
R033376,342900000012,13940,0,13940
R033377,342900000015,17790,0,17790
R033378,397900000034,640,0,640
R033389,397900000018,580,0,580
R033391,369301000001,53490,0,53490
R033392,352700000001,270510,0,270510
R033394,291900000070,80,0,80
R033404,369106000025,13270,0,13270
R033409,291500000026,17510,0,17510
R033410,291500000042,22590,0,22590
R033411,291500000029,53190,0,53190
R033420,291528000005,33190,0,33190
R033421,291528000008,47030,0,47030
R033422,291528000010,29390,0,29390
R033424,291528000014,10700,0,10700
R033425,369301000010,35750,0,35750
R033427,291527000023,380,0,380
R033428,291527000011,73070,0,73070
R033429,291500000081,34420,0,34420
R033430,291527000015,53300,0,53300
R033432,370135430008,175260,288010,463270
R033433,378702145003,259600,436180,695780
R033434,291500000078,96180,0,96180
R033435,291500000079,62710,0,62710
R033436,291500000082,8850,0,8850
R033437,291500000083,33720,0,33720
R033438,291500000088,4330,0,4330
R033441,291533000009,20270,0,20270
R033442,291533000011,25030,0,25030
R033447,379300000019,220,0,220
R033448,379300000038,140,0,140
R033449,379300000039,19380,0,19380
R033450,379300000040,480,0,480
R033451,379300000041,400,0,400
R033452,379300000042,6100,0,6100
R033453,379900000023,10958680,0,10958680
R033454,379300000056,26270,0,26270
R033455,370124003022,201710,0,201710
R033458,325722304052,218700,877800,1096500
R033462,369109147001,78480,0,78480
R033463,379300000044,140,0,140
R033464,352529000048,23730,0,23730
R033465,352500000158,31680,0,31680
R033466,291725000071,93460,699770,793230
R033467,342730000036,16720,0,16720
R033469,368935000014,26260,0,26260
R033471,368935000015,29820,0,29820
R033472,368900000025,10800,0,10800
R033473,379100000048,7260,0,7260
R033475,368900000001,46200,0,46200
R033477,368900000010,9050,0,9050
R033478,398300000047,2250,0,2250
R033479,368900000012,5670,0,5670
R033480,368900000014,7800,0,7800
R033481,368900000015,8020,0,8020
R033482,405100000063,12670,0,12670
R033483,368900000016,8660,0,8660
R033484,368900000017,9050,0,9050
R033485,368900000019,4760,0,4760
R033486,368900000020,8480,0,8480
R033487,368900000022,17930,0,17930
R033488,368900000029,4360,0,4360
R033489,368900000030,12530,0,12530
R033490,368900000063,12750,0,12750
R033492,404900000093,3060,0,3060
R033493,368900000035,17360,0,17360
R033494,368900000039,4780,0,4780
R033495,368900000040,5230,0,5230
R033496,368900000041,5060,0,5060
R033497,368900000043,5070,0,5070
R033498,368900000046,34650,0,34650
R033499,368900000047,12830,0,12830
R033500,368900000051,17110,0,17110
R033501,369900000065,30780,0,30780
R033502,317722304003,347800,1954230,2302030
R033503,317722304002,347800,2565010,2912810
R033504,317722302008,347800,2469080,2816880
R033505,317722302007,399970,0,399970
R033506,317722302006,399970,2334450,2734420
R033507,317722302005,399970,0,399970
R033508,317722302004,399970,1905980,2305950
R033509,317722302003,399970,0,399970
R033510,317722302002,399970,2333850,2733820
R033511,317722213009,347800,0,347800
R033512,317722213008,347800,3827230,4175030
R033513,317722213005,347800,0,347800
R033514,317722213004,347800,1424720,1772520
R033515,317722213003,347800,1663950,2011750
R033516,317722213002,399970,2408350,2808320
R033517,317722213001,399970,1758880,2158850
R033519,317722213006,1096000,0,1096000
R033524,368926000002,28440,0,28440
R033525,368926000004,18830,0,18830
R033526,368926000009,34650,0,34650
R033527,368926000006,23090,0,23090
R033528,368926000007,32250,0,32250
R033529,368935000038,24210,0,24210
R033530,368900000054,14550,0,14550
R033531,368935000036,34160,0,34160
R033532,368935000022,24860,0,24860
R033533,368900000053,45970,0,45970
R033536,316900000008,4450,0,4450
R033541,342719000001,16730,0,16730
R033542,342719000004,12110,0,12110
R033543,342719000006,51750,0,51750
R033544,342719000008,17390,0,17390
R033545,342719000009,46130,0,46130
R033546,325512024002,459800,0,459800
R033548,342719000013,21660,0,21660
R033549,325512024005,229900,1744240,1974140
R033550,369110228001,21280,0,21280
R033551,369110217001,100000,0,100000
R033552,342719000017,6170,0,6170
R033553,342719000018,20260,0,20260
R033555,369110219008,200,0,200
R033556,342700000013,44590,0,44590
R033557,368935000024,57820,0,57820
R033559,369109105001,18000,0,18000
R033560,369109104001,19200,0,19200
R033561,369109117001,25600,0,25600
R033562,369109116001,32000,0,32000
R033563,369109111001,32000,0,32000
R033564,369109103001,25600,0,25600
R033567,342700000004,94510,0,94510
R033568,342730000019,76450,0,76450
R033569,342700000006,43660,0,43660
R033570,342700000007,145240,0,145240
R033571,369109120002,10000,0,10000
R033573,342700000009,13920,0,13920
R033574,342730000002,42650,0,42650
R033575,369109123001,23000,0,23000
R033576,369109109001,21000,0,21000
R033577,369109110001,19200,0,19200
R033578,369109124001,25600,0,25600
R033579,369109131001,12800,0,12800
R033584,342730000006,30040,0,30040
R033588,342730000010,18860,0,18860
R033589,342730000008,8470,0,8470
R033590,342730000011,34980,0,34980
R033591,342730000009,5700,0,5700
R033592,342730000012,71410,0,71410
R033593,342730000015,13520,0,13520
R033594,342730000017,39750,0,39750
R033595,342730000018,30080,0,30080
R033596,325728105096,267300,706900,974200
R033597,342730000023,50940,0,50940
R033598,342731000012,59850,0,59850
R033599,342731000017,11560,0,11560
R033600,342731000016,18230,0,18230
R033602,369109134002,4950,0,4950
R033604,404700000026,2250,0,2250
R033607,342708311010,22780,0,22780
R033608,369109405002,6250,0,6250
R033611,342707422002,360,0,360
R033612,369313000007,30590,22250,52840
R033613,342706001011,90000,0,90000
R033614,342706002007,90000,0,90000
R033615,405100000066,15550,758820,774370
R033616,405100000067,2070,0,2070
R033617,369105000016,20250,0,20250
R033619,352500000056,7710,0,7710
R033621,352500000002,6640,0,6640
R033622,352500000004,16310,0,16310
R033623,404900000109,510,0,510
R033624,291707302021,143800,998980,1142780
R033625,369108000020,25820,0,25820
R033628,352500000007,20090,0,20090
R033629,352500000009,20810,0,20810
R033630,352500000011,40360,0,40360
R033631,352500000152,29520,0,29520
R033632,352500000151,46590,0,46590
R033633,352500000150,20810,0,20810
R033634,352500000149,7710,0,7710
R033635,379100000053,1490,0,1490
R033636,352500000015,7170,0,7170
R033638,369100000052,78870,0,78870
R033639,352500000176,15030,0,15030
R033641,405300000078,428380,0,428380
R033645,352500000037,30880,521650,552530
R033647,352500000052,33450,0,33450
R033648,352500000076,4830,0,4830
R033649,343327200004,162930,30710,193640
R033650,405100003001,95080,432630,527710
R033651,405100003008,29590,220540,250130
R033652,325502252017,0,589190,589190
R033654,318300000065,59300,676010,735310
R033655,379100002015,11150,0,11150
R033657,352500000171,1648030,0,1648030
R033658,299300000040,34420,0,34420
R033661,299300000029,11060,0,11060
R033662,299300000016,13240,0,13240
R033664,299300000032,17640,0,17640
R033665,299300000044,11060,0,11060
R033666,299300000050,10290,0,10290
R033667,299300000057,11060,0,11060
R033668,299300000061,11060,0,11060
R033670,299300000063,8040,0,8040
R033671,299300000066,5040,0,5040
R033678,369312000003,26520,0,26520
R033681,369313000001,17590,0,17590
R033682,369313000006,36170,0,36170
R033684,369313000011,26050,0,26050
R033688,299312111003,4500,0,4500
R033689,369512000002,11860,0,11860
R033690,369500000006,39460,0,39460
R033692,369500002002,45360,0,45360
R033693,299301415004,70,0,70
R033695,369109123002,750,0,750
R033696,369109107004,22000,10,22010
R033697,369500000027,560,0,560
R033699,369500000026,60,0,60
R033700,369500000024,1840,0,1840
R033701,352500000157,14010,0,14010
R033714,342730000035,34340,0,34340
R033715,325721402039,229640,1080550,1310190
R033717,370135462001,60780,420470,481250
R033721,342900000020,6160,0,6160
R033722,342900000021,6160,0,6160
R033723,342900000023,13900,0,13900
R033724,342900000022,13900,0,13900
R033725,342900000024,21770,0,21770
R033726,342900000025,13900,0,13900
R033727,342900000026,6160,0,6160
R033728,342900000019,13110,0,13110
R033729,291726129007,69800,0,69800
R033731,342730000008,6350,0,6350
R033736,370500000007,113410,0,113410
R033738,404900000108,1010,0,1010
R033739,404900000102,590,0,590
R033740,398303300005,10700,0,10700
R033741,398303300017,10700,0,10700
R033742,398303300023,10700,37990,48690
R033743,398303300036,10700,0,10700
R033744,398303300029,10700,0,10700
R033745,398303300024,10700,0,10700
R033746,317726129016,289500,1344610,1634110
R033747,317726129018,289500,1490410,1779910
R033748,317726129023,289500,1345810,1635310
R033751,325502263022,154650,932350,1087000
R033753,369110201005,45890,0,45890
R033757,404532004014,198000,559430,757430
R033760,404532005002,30000,1098950,1128950
R033762,352500000161,24910,0,24910
R033764,317735100004,1023750,1937830,2961580
R033766,342900000027,9830,0,9830
R033767,342900000028,15750,0,15750
R033770,378100000034,61410,219190,280600
R033772,424500000036,990,0,990
R033801,378500000036,70,1139170,1139240
R033802,378500000037,70,1289700,1289770
R033803,317100000016,156000,204930,360930
R033806,325721402041,218700,916810,1135510
R033807,370124006016,169500,745300,914800
R033808,370100000160,369700,0,369700
R033810,378702129012,672120,303340,975460
R033811,378702139005,334770,0,334770
R033812,378702139006,407770,585020,992790
R033813,352100000022,85060,0,85060
R033814,379300000048,298470,617420,915890
R033815,378702144009,549030,291570,840600
R033816,378702145005,528180,403200,931380
R033820,370124000075,292790,564750,857540
R033823,317726437002,187500,724860,912360
R033824,317726437003,46880,724860,771740
R033825,317726437004,187500,815460,1002960
R033832,369900005002,276740,0,276740
R033834,317722303002,93600,1047760,1141360
R033835,378710020005,0,443360,443360
R033836,378710020006,0,442510,442510
R033837,325501010001,229900,1379220,1609120
R033838,325501010002,229900,1330170,1560070
R033839,325501010003,229900,1330170,1560070
R033840,325501010004,229900,1329960,1559860
R033841,325727209047,267300,816280,1083580
R033842,291726217040,91410,84100,175510
R033846,325721402043,229640,817760,1047400
R033847,368935000025,37290,0,37290
R033848,317726100099,353680,0,353680
R033850,369526101003,42900,335930,378830
R033851,325722303042,229640,1207120,1436760
R033852,325721105024,351900,1022560,1374460
R033853,378700000102,14670,334400,349070
R033855,404900000103,550,1160,1710
R033856,404900000104,540,0,540
R033857,404900000105,510,0,510
R033860,325503152002,218700,3105680,3324380
R033863,318100000010,4090,836660,840750
R033864,377900001009,25350,187100,212450
R033865,377900001010,27510,212730,240240
R033868,291724302001,84320,748700,833020
R033869,317726129022,289500,1490410,1779910
R033870,317726130008,289500,1345810,1635310
R033871,317726130018,289500,1203400,1492900
R033872,317726130020,289500,1345810,1635310
R033873,317726130014,289500,1490410,1779910
R033874,317726130016,289500,1490410,1779910
R033875,317726130010,289500,1490410,1779910
R033876,317726130012,289500,1490410,1779910
R033877,378500001002,64000,413030,477030
R033878,325706011001,0,1489770,1489770
R033879,325706011002,0,1231480,1231480
R033880,325706011003,0,1293060,1293060
R033881,325706011004,0,1383360,1383360
R033882,325706011005,0,1231480,1231480
R033883,325706011006,0,1231480,1231480
R033884,325706011007,0,1418830,1418830
R033885,370135339002,102030,181000,283030
R033886,370135339003,104290,181000,285290
R033887,370135339004,73000,117050,190050
R033889,325502228012,127760,835130,962890
R033890,325502228014,0,984320,984320
R033892,325501011002,685000,4470560,5155560
R033893,325501011003,1068600,0,1068600
R033894,325501011004,822000,0,822000
R033895,325501011005,822000,3112440,3934440
R033896,325501011006,685000,1838650,2523650
R033898,325503186020,0,414680,414680
R033899,325503186021,0,452340,452340
R033900,325503186022,0,381250,381250
R033901,325503186023,0,264860,264860
R033902,325503186024,0,335390,335390
R033903,325503186025,0,223790,223790
R033904,325503186032,0,484790,484790
R033905,325512004026,0,621080,621080
R033906,325503186028,0,438770,438770
R033909,325503186031,0,812090,812090
R033910,318300000062,59810,813500,873310
R033912,378702139009,259600,187210,446810
R033914,368926000006,6200,0,6200
R033915,342700000013,5330,0,5330
R033916,342700000012,40780,0,40780
R033920,398303201008,87890,472270,560160
R033921,398304101057,46500,0,46500
R033927,343322303004,200600,1219080,1419680
R033930,342706000002,6280,0,6280
R033931,342706000002,6280,0,6280
R033932,342706000002,6280,0,6280
R033933,342706000002,9410,0,9410
R033934,342900000011,28670,0,28670
R033935,342900000011,19120,0,19120
R033936,342900000011,19120,0,19120
R033937,342900000011,19120,0,19120
R033938,342719000005,21300,0,21300
R033939,342719000007,25250,0,25250
R033940,342731000005,2100,0,2100
R033941,342731000005,2100,0,2100
R033942,342731000005,3150,0,3150
R033943,342731000005,3150,0,3150
R033944,342730000009,8550,0,8550
R033945,342730000009,8550,0,8550
R033946,342730000009,5700,0,5700
R033947,342730000009,5700,0,5700
R033948,342730000006,28230,0,28230
R033949,342730000006,28230,0,28230
R033950,342730000006,18830,0,18830
R033951,342730000006,18830,0,18830
R033952,342700000009,13080,0,13080
R033953,342700000009,13080,0,13080
R033954,342700000009,8720,0,8720
R033955,342700000009,8720,0,8720
R033956,342730000008,6350,0,6350
R033957,342730000008,3600,0,3600
R033958,342730000008,3600,0,3600
R033959,342730000008,4230,0,4230
R033960,342706000001,3120,0,3120
R033961,342706000001,3120,0,3120
R033962,342706000001,2980,0,2980
R033963,342706000001,2080,0,2080
R033964,342706000001,2980,0,2980
R033965,342719000001,13780,0,13780
R033966,342719000001,13780,0,13780
R033967,342719000001,24380,0,24380
R033968,342719000001,24380,0,24380
R033969,342719000004,3620,0,3620
R033970,342719000004,18170,0,18170
R033971,342719000004,12780,0,12780
R033972,342719000004,12780,0,12780
R040000,378702200088,454850,816260,1271110
R040003,317900000075,107530,485620,593150
R040007,325503108002,362040,1441280,1803320
R040008,325503108003,1438250,0,1438250
R040009,325503108004,479420,3373390,3852810
R040011,291726226002,123720,1116750,1240470
R040012,291726226004,212760,0,212760
R040013,398300001001,2970,88580,91550
R040014,398300001002,169840,0,169840
R040016,318300000106,125710,606460,732170
R040017,317726438002,591500,3082620,3674120
R040018,317726438003,591500,0,591500
R040019,317726438004,591500,0,591500
R040020,317726438005,591500,0,591500
R040021,317726438011,591500,2433690,3025190
R040022,317726438006,591500,0,591500
R040023,317726438007,591500,4671810,5263310
R040024,317726438008,591500,2769150,3360650
R040025,317726438009,266180,0,266180
R040026,317726438010,591500,0,591500
R040029,369523404001,114150,823970,938120
R040030,325503179017,0,965950,965950
R040031,325502263024,0,1239380,1239380
R040032,370136369002,0,281540,281540
R040033,370136369003,0,274500,274500
R040034,370136369004,0,270710,270710
R040035,370136369005,0,270710,270710
R040036,370136369006,0,270710,270710
R040037,370136369007,0,282990,282990
R040038,370136369008,0,260220,260220
R040039,370113008003,23750,418270,442020
R040040,370113008004,23750,300220,323970
R040041,370135340001,104290,182880,287170
R040042,370135340002,104290,181000,285290
R040043,370135340003,104290,182880,287170
R040044,370135340004,104290,187960,292250
R040045,370135340005,104290,146310,250600
R040046,370135340006,104290,182880,287170
R040047,325503112002,604890,411740,1016630
R040048,377900001002,25390,254340,279730
R040049,377900001001,102080,369860,471940
R040050,377900001003,2050,0,2050
R040051,377900001004,1960,0,1960
R040052,377900001005,1960,0,1960
R040053,377900001006,2010,0,2010
R040054,377900001007,1960,0,1960
R040055,377900001008,2170,0,2170
R040056,378903003001,14400,0,14400
R040057,378902000001,3150,0,3150
R040058,325503183027,0,368020,368020
R040059,325503183028,0,127010,127010
R040060,325503183029,0,374830,374830
R040062,325900000013,12850,43070,55920
R040064,318325000017,26860,0,26860
R040065,379300000053,29180,849270,878450
R040066,379300000051,29180,405120,434300
R040067,378702131010,181400,545270,726670
R040068,368935000030,29090,0,29090
R040069,398500000044,150290,595670,745960
R040070,404900000110,510,0,510
R040071,379300000052,390,326580,326970
R040073,325503156008,337840,0,337840
R040074,343700000044,640,0,640
R040087,342730000020,20920,0,20920
R040088,342730000008,6350,0,6350
R040089,342730000010,9430,0,9430
R040090,342730000010,9430,0,9430
R040091,342730000015,10610,0,10610
R040092,342730000015,15910,0,15910
R040095,378701204017,112540,593030,705570
R040096,317726130019,289500,1490370,1779870
R040097,369900000070,183960,878120,1062080
R040098,369900000076,168370,569890,738260
R040103,325503157012,159620,1071680,1231300
R040104,325503158019,129090,1204410,1333500
R040105,351722006006,118500,0,118500
R040106,317726130009,289500,1490370,1779870
R040107,378702157002,0,294320,294320
R040108,378702157003,0,294320,294320
R040109,378702157004,0,294320,294320
R040112,317726439002,264700,1266810,1531510
R040113,317726439003,264700,1405310,1670010
R040114,317726439004,264700,1405310,1670010
R040115,317726439005,264700,1405310,1670010
R040116,317726439006,264700,1405310,1670010
R040117,317726439007,264700,1425160,1689860
R040118,317726439008,264700,1580970,1845670
R040119,317726439009,264700,1405310,1670010
R040120,317726439010,264700,1266810,1531510
R040121,317726439011,264700,1266810,1531510
R040122,317726439012,264700,1266810,1531510
R040123,317726439013,264700,1266810,1531510
R040124,317726439014,264700,1405310,1670010
R040125,317726439015,264700,1580970,1845670
R040126,317713303008,318760,2291670,2610430
R040127,325721405028,229640,0,229640
R040128,325728102029,267300,839980,1107280
R040132,378701224012,204620,594180,798800
R040133,325728105100,267300,680960,948260
R040134,378702103018,204620,693330,897950
R040135,325503158018,105950,1314770,1420720
R040136,378702158002,0,573330,573330
R040137,378702162001,0,476660,476660
R040138,317726131002,0,2871160,2871160
R040139,317726131003,0,2460080,2460080
R040140,317726131004,0,2460080,2460080
R040141,317726131005,0,2460080,2460080
R040142,317726131006,0,2460080,2460080
R040143,317726131007,0,2460080,2460080
R040144,317726131008,0,2460080,2460080
R040145,317726131009,0,2460080,2460080
R040146,317726131010,0,2460080,2460080
R040147,317726131011,0,2460080,2460080
R040148,317726131012,0,3553200,3553200
R040149,325502228016,92650,743140,835790
R040150,325502228017,75800,749930,825730
R040151,325503182036,105410,977770,1083180
R040152,325503182010,0,1140730,1140730
R040153,370135434018,216200,366900,583100
R040154,291500000117,8400,10940,19340
R040155,325721402045,229640,701070,930710
R040156,368700000008,4760,0,4760
R040157,405100000078,113980,0,113980
R040158,378702136005,40600,171860,212460
R040159,378702136006,165990,45530,211520
R040160,325503135003,337840,0,337840
R040161,368700000006,4030,0,4030
R040162,368700000005,8330,0,8330
R040165,369932008001,197310,311550,508860
R040167,317728004003,526210,1194810,1721020
R040168,317728004002,490,0,490
R040169,405100003010,2960,0,2960
R040171,405100003026,2230,0,2230
R040172,405100003025,2590,0,2590
R040173,405100003023,1120,0,1120
R040174,405100003020,280,0,280
R040176,405100003024,1120,0,1120
R040178,405100003021,1120,0,1120
R040180,405100003017,2240,0,2240
R040182,405100003012,2240,0,2240
R040183,405100003027,4150,0,4150
R040184,405100003016,2240,0,2240
R040185,405100003009,560,0,560
R040186,405100003015,57900,1603900,1661800
R040188,405100003004,280,0,280
R040189,405100003003,280,0,280
R040190,405100003002,560,0,560
R040191,378702113006,192520,398850,591370
R040192,378702113007,176030,541290,717320
R040194,325728105097,267300,793370,1060670
R040195,378702115009,165990,206150,372140
R040196,405130003055,24000,0,24000
R040197,317724207010,424980,1722470,2147450
R040199,379300000055,3190,501980,505170
R040200,325727202078,283800,0,283800
R040201,317724211020,1125050,0,1125050
R040202,369109143012,87750,326020,413770
R040203,325727201032,459280,1268260,1727540
R040204,325707000045,2610,2515670,2518280
R040205,404900000114,102050,352560,454610
R040206,291726213026,91410,11660,103070
R040207,404900000113,135290,0,135290
R040208,325502252013,0,1082250,1082250
R040209,325502252014,0,1081950,1081950
R040210,325512026022,209000,1913880,2122880
R040213,325512026004,209000,1521440,1730440
R040214,325512026005,209000,1519340,1728340
R040215,325512026006,209000,1490260,1699260
R040216,325512026007,209000,1515630,1724630
R040217,325512026008,209000,1519850,1728850
R040218,325512026009,209000,1498000,1707000
R040219,325512026010,209000,1515310,1724310
R040220,325512026011,209000,1515630,1724630
R040221,325512026012,209000,1469530,1678530
R040222,325512026013,209000,1466990,1675990
R040223,325512026014,209000,1458710,1667710
R040224,325512026015,209000,1509410,1718410
R040225,325512026016,209000,1522410,1731410
R040226,325512026017,209000,1522760,1731760
R040228,325512026026,209000,0,209000
R040233,398100000060,15360,0,15360
R040234,350300000013,4210,42660,46870
R040235,350300000015,130830,333000,463830
R040236,398300000076,21900,607980,629880
R040237,398300000079,67780,0,67780
R040238,351700000034,202490,2300240,2502730
R040239,370135462002,133160,445740,578900
R040242,325502252020,0,1328810,1328810
R040243,378709000023,0,347450,347450
R040244,378500000039,280,928370,928650
R040245,317726130013,289500,1490370,1779870
R040246,317726130011,289500,1490410,1779910
R040247,325503136013,426560,2172210,2598770
R040248,378100001001,87020,1023380,1110400
R040249,378100001002,500,0,500
R040250,378100002001,490,0,490
R040251,378100003001,490,0,490
R040252,325502230013,0,138480,138480
R040253,325502230014,0,142030,142030
R040254,292100000026,1120,0,1120
R040255,378701242002,153590,186190,339780
R040256,378701242003,146690,186190,332880
R040257,378701242004,159660,232740,392400
R040259,325502252016,0,1089450,1089450
R040260,325503158013,93770,849810,943580
R040262,370135408004,199980,510540,710520
R040263,352500000162,34900,0,34900
R040264,318300003004,147450,298860,446310
R040265,318300003001,236680,3871340,4108020
R040266,325728102030,267300,801440,1068740
R040267,317726130015,289500,1490370,1779870
R040268,317726130017,289500,1490370,1779870
R040270,325503184023,0,396820,396820
R040271,325503184024,0,368770,368770
R040272,325503184025,0,358250,358250
R040274,404900000117,25540,431900,457440
R040275,405100000074,2040,0,2040
R040276,317735006003,819330,0,819330
R040277,317735007007,0,182520,182520
R040279,317735007003,0,75990,75990
R040280,317735007004,0,106260,106260
R040281,317735007005,0,82570,82570
R040282,317735007006,0,78270,78270
R040283,317735007008,0,188830,188830
R040284,317735007009,0,126200,126200
R040285,317735007010,0,122840,122840
R040287,325706012001,0,1274030,1274030
R040288,325706012002,0,1242180,1242180
R040289,325706012003,0,1242180,1242180
R040290,325706012004,0,1304290,1304290
R040291,325706012005,0,1263600,1263600
R040292,325706012006,0,1263600,1263600
R040293,325706012007,0,1263600,1263600
R040294,325706012008,0,1300950,1300950
R040297,405100000075,2500,0,2500
R040302,318300000104,260450,918300,1178750
R040304,352500000179,7010,0,7010
R040305,291725000066,18710,123270,141980
R040306,291533000004,16940,0,16940
R040308,299101000001,30220,0,30220
R040309,299101000001,15110,0,15110
R040310,291500000112,14220,0,14220
R040311,342731000023,12210,0,12210
R040313,352500000019,20810,0,20810
R040314,342731000022,49720,0,49720
R040315,370113013001,197760,926000,1123760
R040319,325502228009,0,632030,632030
R040320,325502228010,0,720160,720160
R040321,325502252012,0,1110450,1110450
R040322,325503182011,0,1089520,1089520
R040323,325503134012,0,393530,393530
R040324,325503182035,109780,1046650,1156430
R040325,325503109006,518130,1757120,2275250
R040327,325512020055,0,164440,164440
R040329,370136371001,165990,234540,400530
R040330,325502228038,0,778250,778250
R040332,324700000017,940,0,940
R040335,405300000084,2950,0,2950
R040336,378702212014,209250,237990,447240
R040337,317723417023,143080,391580,534660
R040338,370135350001,45000,512940,557940
R040339,291527000021,42260,0,42260
R040340,370135342002,90000,446270,536270
R040341,370135342003,90000,446270,536270
R040342,370135342004,90000,475310,565310
R040343,370135342005,90000,484610,574610
R040344,370135342006,90000,569460,659460
R040345,370135341007,90000,491880,581880
R040346,370135341008,90000,483120,573120
R040347,370135341006,90000,471870,561870
R040348,370135341005,90000,601430,691430
R040349,370135341013,90000,739190,829190
R040350,370135341012,90000,587770,677770
R040351,370135341009,90000,486030,576030
R040352,370135341010,90000,486030,576030
R040353,370135341011,90000,496430,586430
R040354,370135349005,45000,392610,437610
R040357,370135341004,90000,736430,826430
R040359,325722305043,229640,0,229640
R040361,325501012008,229900,1682000,1911900
R040362,325501012005,229900,1358930,1588830
R040363,325501012006,229900,1207940,1437840
R040364,325501012007,229900,1207940,1437840
R040365,325501012001,229900,1357640,1587540
R040366,325501012002,229900,1201740,1431640
R040367,325501012003,229900,1203910,1433810
R040368,325501012004,229900,1349720,1579620
R040370,343700000048,31220,2890710,2921930
R040371,291900000077,3920,0,3920
R040372,291900000079,20480,1247360,1267840
R040373,396900000044,630,0,630
R040376,368926000003,5660,0,5660
R040385,325722305045,162660,0,162660
R040389,378703401013,259100,477940,737040
R040391,370136358022,185300,434220,619520
R040392,370135463002,165990,312730,478720
R040393,325728115002,0,626390,626390
R040486,378710005027,425000,1028280,1453280
R040488,378710024002,0,1140200,1140200
R040489,370136208002,536590,837140,1373730
R040490,325728116002,0,735780,735780
R040491,325727227001,0,853500,853500
R040492,325727227002,0,383440,383440
R040493,378702159001,0,442210,442210
R040494,378702159002,0,499840,499840
R040495,325503135001,270160,1936910,2207070
R040496,378710023004,188700,619010,807710
R040497,378710023002,188700,641640,830340
R040498,378710023003,188700,0,188700
R040499,378702160002,0,323840,323840
R040500,378702160003,0,325020,325020
R040501,370136216011,116800,311320,428120
R040502,370136216009,116800,474080,590880
R040504,325501013002,435000,0,435000
R040505,325501013003,478500,2509770,2988270
R040506,325501013004,478500,0,478500
R040507,325501013005,478500,0,478500
R040508,325501013006,685100,0,685100
R040509,325501013007,685100,2954490,3639590
R040510,325501013009,454580,0,454580
R040511,325501013010,685100,0,685100
R040512,325501013011,478500,841390,1319890
R040513,325501013012,685100,0,685100
R040514,325501013013,478500,2058750,2537250
R040515,325501013014,685100,0,685100
R040516,325501013015,478500,0,478500
R040517,325501013016,787870,1794260,2582130
R040518,325501013017,478500,0,478500
R040519,325501013018,787870,4808850,5596720
R040520,325501013019,454580,0,454580
R040521,325501013020,787870,4418000,5205870
R040522,325501013021,478500,1674650,2153150
R040523,325501013022,787870,0,787870
R040524,325501013023,454580,0,454580
R040525,325501013024,787870,0,787870
R040526,325501013025,454580,0,454580
R040527,325501013026,787870,3112440,3900310
R040528,325501013027,263180,0,263180
R040529,325501013028,890630,0,890630
R040530,325501013029,454580,3167740,3622320
R040531,325501013030,454580,2237390,2691970
R040532,325501013031,685100,3461630,4146730
R040533,325501013032,454580,0,454580
R040534,325501013033,478500,0,478500
R040535,325501013034,787870,3635920,4423790
R040536,325501013035,685100,0,685100
R040537,325501013036,685100,0,685100
R040538,325501013037,890630,0,890630
R040539,325501013038,685100,0,685100
R040540,325501013039,1024220,3929400,4953620
R040541,325501013040,685100,0,685100
R040545,325501013045,635000,0,635000
R040546,325501013046,635000,0,635000
R040547,325501013047,598130,4573950,5172080
R040548,325501013048,465200,0,465200
R040549,325501013049,465200,0,465200
R040550,325501013050,465200,0,465200
R040551,325501013051,604760,3314670,3919430
R040552,325501013052,514050,0,514050
R040553,325501013053,711760,0,711760
R040554,325501013054,711760,0,711760
R040555,325501013055,837360,0,837360
R040556,325501013057,604760,2394860,2999620
R040557,325501013058,575000,1580060,2155060
R040558,325501013059,604760,3351860,3956620
R040559,325501013060,575000,1880240,2455240
R040560,325501013061,575000,0,575000
R040561,325501013062,575000,0,575000
R040562,325501013063,604760,3173120,3777880
R040564,325501013090,575000,0,575000
R040565,325501013066,575000,0,575000
R040566,325501013067,604760,3437630,4042390
R040567,325501013068,604760,2530460,3135220
R040568,325501013069,604760,0,604760
R040571,325501013072,837360,1962070,2799430
R040572,325501013073,837360,0,837360
R040573,325501013074,604760,2410970,3015730
R040574,325501013075,604760,2027140,2631900
R040575,325501013076,604760,3612110,4216870
R040576,325501013077,604760,1147340,1752100
R040577,325501013078,604760,0,604760
R040578,325501013079,837360,0,837360
R040579,325501013080,465200,2989850,3455050
R040580,325501013081,575000,1949580,2524580
R040581,325501013082,575000,2123910,2698910
R040582,325501013083,575000,2922320,3497320
R040583,325501013084,575000,1714320,2289320
R040584,325501013085,575000,3216490,3791490
R040587,325501014001,685100,0,685100
R040588,325501014002,787870,3624050,4411920
R040589,325501014003,787870,3859180,4647050
R040590,325501014004,685100,4231120,4916220
R040702,325501015002,822000,3344040,4166040
R040703,325501015001,685000,3335270,4020270
R040704,325502263014,0,734720,734720
R040705,325502263015,0,836270,836270
R040706,325502263016,0,782650,782650
R040708,318300000083,128960,0,128960
R040709,325503156002,279800,1524880,1804680
R040710,325721402046,229640,1031040,1260680
R040711,325721404023,243000,860580,1103580
R040712,325721404024,243000,865990,1108990
R040716,317726132007,289500,1490410,1779910
R040717,317726132009,289500,1490370,1779870
R040718,317726132011,289500,1490410,1779910
R040724,378701243034,207000,918660,1125660
R040727,378701243006,180000,624500,804500
R040728,378701243007,180000,427940,607940
R040729,378701243008,207000,369980,576980
R040730,378701243009,207000,436960,643960
R040731,378701243022,207000,758870,965870
R040733,378701243025,207000,698840,905840
R040734,378701243026,207000,767720,974720
R040735,378701243027,207000,656810,863810
R040736,378701243015,207000,747750,954750
R040737,378701243016,207000,773840,980840
R040738,378701243030,207000,418480,625480
R040740,378701244001,180000,418670,598670
R040741,378701244002,180000,388220,568220
R040742,378701244003,180000,466140,646140
R040743,378701244004,180000,598970,778970
R040744,378701244005,180000,658930,838930
R040745,378701244023,180000,334670,514670
R040746,378701244007,180000,724040,904040
R040748,378701244009,180000,368740,548740
R040749,378701244010,180000,631600,811600
R040750,378701244011,180000,510610,690610
R040751,378701244012,180000,383050,563050
R040752,378701244013,180000,691190,871190
R040753,378701244014,180000,543900,723900
R040754,378701244015,180000,0,180000
R040763,351500004001,67680,4162440,4230120
R040764,351500004002,5230,72440,77670
R040765,351500004003,16470,0,16470
R040766,351500004004,66060,2994640,3060700
R040767,351500004005,12960,0,12960
R040768,378500002006,1960,0,1960
R040769,378500002003,1960,0,1960
R040770,378500002004,1960,0,1960
R040771,378500002002,58950,1403910,1462860
R040772,378500002001,1630,0,1630
R040773,378500002005,1960,0,1960
R040774,378500002007,1960,0,1960
R040775,378500002008,1960,0,1960
R040778,370113000030,246100,851640,1097740
R040779,424500000044,2820,0,2820
R040825,397900000037,29960,0,29960
R040827,397900000039,94930,327600,422530
R040828,379300000059,130040,812360,942400
R040860,343500000049,377420,0,377420
R040862,424700000028,29500,357520,387020
R040863,424500000041,130,0,130
R040928,325700006004,854540,0,854540
R040929,325502226012,171070,818580,989650
R040930,325502226013,129100,818580,947680
R040931,325707004001,565600,4214200,4779800
R040932,325707004002,565600,1499490,2065090
R040933,325707004003,565600,1628160,2193760
R040934,325707004004,548000,0,548000
R040935,325707004005,548000,3564230,4112230
R040938,325707005002,548000,1417210,1965210
R040939,325707005003,548000,1615670,2163670
R040942,325707006002,548000,950900,1498900
R040943,325707006003,548000,0,548000
R040944,318500000046,320,0,320
R040950,317726443001,359740,1651310,2011050
R040952,317726443003,298200,1144650,1442850
R040953,317726443004,334850,1386720,1721570
R040955,317726443006,309870,990550,1300420
R040956,317726443007,86700,425780,512480
R040957,317726443008,186610,736360,922970
R040959,317726444002,185160,937190,1122350
R040960,317726444003,271860,931750,1203610
R040961,317726444004,330050,815070,1145120
R040962,317726444005,224980,975830,1200810
R040963,317726444006,246070,1073540,1319610
R040964,317726444007,321910,983330,1305240
R040965,317726444008,145710,786650,932360
R040967,317726444010,173670,607360,781030
R040968,317726445001,209600,730470,940070
R040969,317726445002,86700,552150,638850
R040970,317726445003,86700,525100,611800
R040971,317726445004,163170,798710,961880
R040972,317726445012,242990,1118410,1361400
R040973,317726445013,86700,588520,675220
R040974,317726445007,86700,596640,683340
R040975,317726445008,164530,712640,877170
R040976,317726445009,202900,825830,1028730
R040977,317726445010,86700,535610,622310
R040979,317726446006,258020,1149510,1407530
R040980,317726446002,246070,869770,1115840
R040981,317726446003,228420,1004970,1233390
R040982,317726440014,520200,0,520200
R040984,317726440006,228330,978130,1206460
R040985,317726440007,228330,975050,1203380
R040986,317726440008,245890,978130,1224020
R040988,317726440010,236570,584780,821350
R040989,317726440011,228330,975170,1203500
R040990,317726440012,246340,1164000,1410340
R040995,317726441005,137830,798430,936260
R040996,317726441006,156660,794190,950850
R040997,317726441008,155120,806380,961500
R040998,317726441009,177200,806380,983580
R040999,317726441010,236390,915720,1152110
R041000,317726441023,326980,1201890,1528870
R041001,317726441012,302900,0,302900
R041002,317726441013,225800,1210630,1436430
R041003,317726441014,206610,797620,1004230
R041004,317726441015,206610,787840,994450
R041005,317726441017,291230,775320,1066550
R041006,317726441018,242450,913610,1156060
R041007,317726441019,206340,809810,1016150
R041008,317726441020,206610,798710,1005320
R041009,317726441016,206610,938050,1144660
R041010,317726441021,186430,822940,1009370
R041015,350300000019,25920,361680,387600
R041016,352532000063,40090,0,40090
R041017,352532000065,121470,2811610,2933080
R041018,325502234006,627410,4133180,4760590
R041021,398500000047,81080,1408840,1489920
R041022,404900000120,2420,5470,7890
R041026,370134000038,10,0,10
R041029,343901002013,73910,1086390,1160300
R041030,397300000060,13340,467840,481180
R041032,325500009001,7790,0,7790
R041033,325500009004,7820,0,7820
R041034,325500009003,532930,1744650,2277580
R041035,325500009002,716900,2334180,3051080
R041036,325500009006,812080,4421190,5233270
R041037,325500009007,8000,0,8000
R041038,325500009005,7740,0,7740
R041041,325502001001,40,67600,67640
R041043,325502234005,627410,2389740,3017150
R041044,325502234004,627410,4058990,4686400
R041045,325502234003,627410,4508810,5136220
R041046,325502234002,627410,4618430,5245840
R041047,325502234001,627410,3604370,4231780
R041048,325502275004,627410,1946270,2573680
R041049,325502275003,627410,2410090,3037500
R041053,325502250006,448150,2151810,2599960
R041055,325502250004,448150,3560870,4009020
R041056,325502250003,448150,2369170,2817320
R041057,325502250002,60000,755480,815480
R041058,325502250001,448150,2014010,2462160
R041059,325502276001,1140450,5166400,6306850
R041060,325502276002,1140450,4731040,5871490
R041061,325502276003,1140450,4740980,5881430
R041062,325502276004,1140450,3727760,4868210
R041064,325502251006,448150,1792800,2240950
R041065,325502251005,448150,1957320,2405470
R041066,325502251004,60000,543790,603790
R041067,325502251003,448150,2887460,3335610
R041068,325502251002,448150,3914220,4362370
R041069,325502251001,448150,3255360,3703510
R041070,325502277001,1206320,3253030,4459350
R041071,325502277002,1206320,4887740,6094060
R041072,325502277003,2162250,0,2162250
R041073,325502277004,1206320,6495880,7702200
R041074,325502256001,448150,3100420,3548570
R041075,325502256002,60000,351200,411200
R041076,325502256004,448150,2424940,2873090
R041077,325502256003,448150,4440160,4888310
R041078,325502256007,448150,2118060,2566210
R041082,325502257006,448150,2189950,2638100
R041083,325502257005,60000,404580,464580
R041084,325502257004,448150,3526840,3974990
R041085,325502257003,1344460,0,1344460
R041087,325502257001,448150,4415550,4863700
R041088,325502258001,448150,3141960,3590110
R041089,325502258002,60000,880740,940740
R041090,325502258003,448150,3018480,3466630
R041091,325502258004,448150,3234070,3682220
R041092,325502258005,60000,584870,644870
R041095,325502278001,2319510,0,2319510
R041096,325502278002,888840,4938370,5827210
R041097,325502278003,577170,4481110,5058280
R041098,325502278004,80250,461320,541570
R041100,325502279001,1254370,4794690,6049060
R041101,325502279002,1192500,3721950,4914450
R041102,325502279003,2162250,0,2162250
R041103,325502279004,1192500,4418530,5611030
R041104,325502279005,851780,4222990,5074770
R041105,325502280001,716780,4824310,5541090
R041106,325502280002,774350,4336960,5111310
R041107,325502280003,774350,4659930,5434280
R041108,325502280004,774350,5150640,5924990
R041109,325502280005,774350,3839840,4614190
R041110,325502281001,1723050,0,1723050
R041111,325502281002,79800,834140,913940
R041113,325502281004,631780,3139350,3771130
R041114,325502281005,631780,1804330,2436110
R041117,404900000123,1500,0,1500
R041118,404900000124,490,0,490
R041119,351722007001,320,0,320
R041120,351722009001,49800,755550,805350
R041121,351722009002,49800,0,49800
R041122,351722009003,49800,0,49800
R041123,351722010001,49800,0,49800
R041124,351722008001,49800,0,49800
R041126,404900000119,16420,0,16420
R041127,398500000048,40,0,40
R041129,325503182008,112270,1101960,1214230
R041130,325503182009,102870,1129630,1232500
R041131,291721001001,592540,890570,1483110
R041132,291700001002,144900,1708830,1853730
R041133,325502226014,0,424270,424270
R041134,325502226015,0,271800,271800
R041135,325502226016,0,413440,413440
R041136,325502226017,0,444930,444930
R041137,325502226018,0,1362590,1362590
R041139,404900000126,490,6770,7260
R041140,404900000127,560,0,560
R041144,351700000031,107250,125310,232560
R041149,325700007006,485870,1111510,1597380
R041150,325700007007,1076770,3517260,4594030
R041151,325700007008,1076770,4024040,5100810
R041153,343900000022,1810,0,1810
R041154,343900000020,560,0,560
R041155,343900000018,2950,0,2950
R041156,343900000016,2950,0,2950
R041157,343900000021,1110,0,1110
R041158,343900000019,2950,0,2950
R041159,343900000017,2950,0,2950
R041161,343900000026,560,0,560
R041162,343900000024,2950,0,2950
R041164,343900000027,560,0,560
R041165,343900000025,2490,0,2490
R041166,343900000037,380,0,380
R041167,343700000077,16020,0,16020
R041168,343700000059,9910,0,9910
R041171,343700000094,6440,0,6440
R041173,343700000074,13950,0,13950
R041174,343700000069,8100,0,8100
R041177,343700000072,6600,0,6600
R041178,343700000064,560,0,560
R041179,343700000071,3930,0,3930
R041180,343700000076,11370,0,11370
R041181,343700000088,4510,0,4510
R041183,343700000065,560,0,560
R041187,343700000073,10600,0,10600
R041188,343700000075,9630,0,9630
R041189,351700000033,183960,723540,907500
R041190,342707410004,40370,38130,78500
R041191,342707419001,45020,356190,401210
R041192,342707410005,34160,216980,251140
R041193,342707419004,31050,1007970,1039020
R041194,325300001011,2590,0,2590
R041196,325300001013,2600,0,2600
R041197,325300001001,2590,0,2590
R041198,325300001007,59820,2632280,2692100
R041199,325300001025,2620,0,2620
R041200,325300001022,2620,0,2620
R041201,325300001038,2590,0,2590
R041202,325300001040,2590,0,2590
R041203,325300001045,2590,0,2590
R041204,325300001010,2590,0,2590
R041205,325300001014,2630,0,2630
R041206,325300001032,2590,0,2590
R041207,325300001005,2590,0,2590
R041208,325300001017,2690,0,2690
R041209,325300001037,2740,0,2740
R041210,325300001019,2590,0,2590
R041211,325300001044,2590,0,2590
R041212,325300001047,2590,0,2590
R041213,325300001012,2590,0,2590
R041214,325300001008,2630,0,2630
R041215,325300001027,2610,0,2610
R041216,325300001033,2590,0,2590
R041217,325300001002,2590,0,2590
R041218,325300001016,2690,0,2690
R041219,325300001021,2870,0,2870
R041220,325300001035,2630,0,2630
R041221,325300001039,2590,0,2590
R041222,325300001042,2590,0,2590
R041223,325300001029,2600,0,2600
R041224,325300001009,2630,0,2630
R041225,325300001015,2630,0,2630
R041226,325300001031,2590,0,2590
R041227,325300001003,2590,0,2590
R041228,325300001024,2620,0,2620
R041229,325300001036,2630,0,2630
R041230,325300001018,2590,0,2590
R041231,325300001020,2590,0,2590
R041232,325300001043,2960,0,2960
R041233,325300001028,2600,0,2600
R041234,325300001004,2590,0,2590
R041235,325300001026,2670,0,2670
R041236,325300001030,2590,0,2590
R041237,325300001006,2590,0,2590
R041238,325300001023,2620,0,2620
R041239,325300001034,2630,0,2630
R041240,325300001041,2590,0,2590
R041241,325300001046,2940,0,2940
R041271,351733402001,30550,0,30550
R041286,343300003018,2280,0,2280
R041287,343300003007,2010,0,2010
R041288,343300005016,77290,2387020,2464310
R041290,343300005011,32110,918700,950810
R041293,343300003008,2010,0,2010
R041300,343300003006,2000,0,2000
R041307,343300003019,1700,0,1700
R041308,343300005010,5420,24660,30080
R041311,343300005002,2860,0,2860
R041312,343300003017,2260,0,2260
R041314,343300003004,2010,0,2010
R041317,343300005004,73480,1035710,1109190
R041319,378702136008,7890,152710,160600
R041320,317723427001,0,874910,874910
R041321,317723427002,0,212130,212130
R041323,370135432002,0,404790,404790
R041326,405300000096,2120,360280,362400
R041327,325511000007,341630,708440,1050070
R041328,379100004001,75520,249890,325410
R041329,325502226009,0,885480,885480
R041330,325502226010,0,901820,901820
R041331,325727228001,0,888620,888620
R041332,325727228002,0,888620,888620
R041333,370135464005,0,80950,80950
R041334,370135464004,0,153690,153690
R041335,370135464003,0,117490,117490
R041336,370135464002,0,66720,66720
R041337,370135464001,0,107210,107210
R041338,370135464011,0,93780,93780
R041339,370135464010,0,53100,53100
R041340,370135464009,0,132270,132270
R041341,370135464008,0,184880,184880
R041342,370135464006,0,53100,53100
R041343,370135464007,0,69770,69770
R041344,370135464012,0,55530,55530
R041345,325727229002,0,607910,607910
R041346,325727229001,0,607910,607910
R041347,378702161001,0,157610,157610
R041348,378702161002,0,666080,666080
R041349,378702161003,0,675540,675540
R041350,405117002078,37800,236120,273920
R041353,431300000026,7820,0,7820
R041354,431300000028,15630,0,15630
R041355,431300000029,10350,0,10350
R041356,405100000088,8370,0,8370
R041357,326300000016,4200,0,4200
R041358,326300000016,4200,0,4200
R041359,326300000016,2800,0,2800
R041360,326300000016,2800,0,2800
R041361,326300000016,2800,0,2800
R041362,404500000053,3480,0,3480
R041363,396900000042,28940,115900,144840
R041364,404700000032,209140,2459420,2668560
R041367,325728117001,133650,730890,864540
R041368,325728117002,133650,651240,784890
R041370,370136214011,171400,277690,449090
R041371,370136214010,171400,275500,446900
R041372,370136214009,171400,277690,449090
R041373,370136214008,171400,296330,467730
R041374,370136214007,171400,295580,466980
R041375,370136214006,171400,277690,449090
R041376,370136214001,171400,288570,459970
R041377,370136214002,171400,275500,446900
R041378,370136214003,171400,273540,444940
R041379,370136214004,171400,403570,574970
R041380,370136215003,171400,276680,448080
R041381,370136215002,171400,306870,478270
R041382,370136215001,171400,275500,446900
R041383,370136215006,171400,275500,446900
R041384,370136215005,171400,275500,446900
R041385,370136215004,171400,297230,468630
R041386,352500000164,36900,0,36900
R041387,370113005027,194700,1090350,1285050
R041388,370124003020,194930,342780,537710
R041389,405300000100,8010,339410,347420
R041391,378702238003,130270,375890,506160
R041392,378702238002,130270,375840,506110
R041393,378702238001,130270,375890,506160
R041396,378710004032,188700,1341780,1530480
R041397,378710004031,425000,654020,1079020
R041401,317726442001,148600,653340,801940
R041402,317726442002,86700,420620,507320
R041403,317726442003,86700,420620,507320
R041404,317726442004,148600,653340,801940
R041405,317726449001,148600,653340,801940
R041407,317726449002,86700,420620,507320
R041408,317726449003,86700,420620,507320
R041409,317726449004,148600,653340,801940
R041411,317726447001,86700,423070,509770
R041412,317726447002,86700,423070,509770
R041413,317726447003,148600,529350,677950
R041414,317726447004,148600,529350,677950
R041416,325727230002,0,682330,682330
R041417,325727230001,0,697830,697830
R041418,325503135020,378250,1128830,1507080
R041419,325503135021,193670,1428770,1622440
R041420,325512027004,0,137990,137990
R041421,325512027003,0,137990,137990
R041422,325512027002,0,137990,137990
R041423,325512027001,0,137990,137990
R041424,325512027005,0,433500,433500
R041425,325734001001,467100,2046200,2513300
R041426,325500010008,7510,0,7510
R041427,325500010007,684920,299090,984010
R041428,325500010006,7510,0,7510
R041430,325500010011,7450,0,7450
R041432,325500010003,684230,4165650,4849880
R041433,325500010002,681420,3417630,4099050
R041434,325707008007,431140,2057090,2488230
R041436,325707007001,449880,1845940,2295820
R041437,325707007002,517360,2220480,2737840
R041438,325707007003,431140,0,431140
R041439,325707007004,409580,0,409580
R041441,325707008003,409580,0,409580
R041442,325707008004,431140,2942080,3373220
R041443,325707008005,431140,0,431140
R041444,325707009001,784530,1138780,1923310
R041445,325707009002,784530,1895170,2679700
R041446,325707009003,786500,2822610,3609110
R041447,325707009004,784530,1127290,1911820
R041448,325707009005,825830,0,825830
R041449,325512027006,0,433500,433500
R041450,325722201019,275560,0,275560
R041451,291726134014,69800,243390,313190
R041454,291726121003,201000,0,201000
R041455,405118005040,15300,0,15300
R041456,317726130021,289500,1490410,1779910
R041458,398100000062,2510,0,2510
R041459,325721105036,218700,0,218700
R041460,325727204061,297990,1153830,1451820
R041461,325721104027,229640,1479750,1709390
R041462,370125000114,169320,116240,285560
R041463,378703104016,122800,483310,606110
R041464,378702164001,0,419300,419300
R041465,378702164002,0,532560,532560
R041466,378900001002,267170,425070,692240
R041468,325721104028,243000,899890,1142890
R041469,405119004032,15300,0,15300
R041470,325512020060,388780,2743910,3132690
R041471,378702145009,181400,177460,358860
R041472,325721104030,229640,0,229640
R041473,325512028008,209000,2183930,2392930
R041474,325512028009,209000,2173990,2382990
R041475,325512028010,209000,2183930,2392930
R041476,325512028011,209000,2173990,2382990
R041477,325512028012,209000,2183930,2392930
R041478,325512028013,209000,2173990,2382990
R041480,397900001001,41140,365320,406460
R041481,397900001002,41180,593530,634710
R041482,317726448001,0,242980,242980
R041483,317726448002,0,238190,238190
R041484,317726448003,0,280920,280920
R041485,317726448004,0,505780,505780
R041486,317726448005,0,129350,129350
R041487,317726448006,0,284330,284330
R041488,352500000000,110,0,110
R041489,291500000122,95800,0,95800
R041490,404900000143,490,0,490
R041492,370136210014,50000,210450,260450
R041494,370136210002,50000,249250,299250
R041496,370136210004,50000,246760,296760
R041497,370136210005,50000,252840,302840
R041498,370136210006,50000,177720,227720
R041499,370136210007,50000,166090,216090
R041500,370136210008,50000,197810,247810
R041501,370136210009,50000,222750,272750
R041502,370136210010,50000,199470,249470
R041503,370136210011,50000,276980,326980
R041504,370136210012,50000,235670,285670
R041505,370136210013,50000,194090,244090
R041506,378710030021,162900,378470,541370
R041508,378710030011,162900,380740,543640
R041509,378710030012,162900,380740,543640
R041510,378710030013,162900,385990,548890
R041511,378710030014,162900,385990,548890
R041512,378710030015,162900,385990,548890
R041513,378710030016,162900,405290,568190
R041514,378710030017,162900,385990,548890
R041515,378710030018,162900,347390,510290
R041516,378710030019,162900,385990,548890
R041517,378710030020,162900,378470,541370
R041518,378710030009,162900,389050,551950
R041519,378710030008,162900,389050,551950
R041520,378710030007,162900,389050,551950
R041521,378710030006,162900,389050,551950
R041522,378710030005,162900,385990,548890
R041523,378710030004,162900,347390,510290
R041524,378710030003,162900,385990,548890
R041525,378710030002,162900,380740,543640
R041526,378710030001,162900,380740,543640
R041529,325721401014,218700,0,218700
R041530,351500000030,215000,1261770,1476770
R041531,405300000117,31550,203510,235060
R041532,405300000108,12200,454530,466730
R041535,317726132008,289500,1490410,1779910
R041536,343700000093,32040,0,32040
R041537,317723428002,0,1061770,1061770
R041538,317723428001,0,1215940,1215940
R041539,378702209097,936880,1648050,2584930
R041545,378515003001,41890,442390,484280
R041546,378515004001,26780,762470,789250
R041547,378515004002,26780,0,26780
R041548,378515005001,26780,490240,517020
R041549,378522001001,95780,913080,1008860
R041552,317726113006,0,1216870,1216870
R041554,325722306028,229640,1375350,1604990
R041555,368934001090,13940,0,13940
R041556,325728105104,267300,1391820,1659120
R041557,325728105105,267300,923360,1190660
R041558,352500000167,29520,0,29520
R041559,371500000020,560,0,560
R041561,291900000000,150,0,150
R041562,325503176016,0,117660,117660
R041563,325503176017,0,112020,112020
R041564,325503176018,0,275680,275680
R041565,325503176019,0,886740,886740
R041566,325503176020,0,129920,129920
R041567,325502232020,321920,1150880,1472800
R041568,325502232021,321920,1071690,1393610
R041570,325502229019,0,619050,619050
R041571,325502229020,0,619050,619050
R041572,325706015003,0,1027880,1027880
R041574,378702304006,0,30000,30000
R041575,378702304005,0,30000,30000
R041576,378702304004,0,30000,30000
R041577,378702304003,0,30000,30000
R041578,378702304002,0,30000,30000
R041579,378702304001,0,30000,30000
R041581,325501016002,229900,1358320,1588220
R041582,325501016003,229900,1341590,1571490
R041583,325501016004,229900,1341590,1571490
R041584,325501016005,229900,1376550,1606450
R041587,370136373001,0,399310,399310
R041588,370136373002,0,333460,333460
R041589,379100000061,10,0,10
R041590,379100000060,10,0,10
R041591,424300000058,32760,0,32760
R041593,370113010001,9450,1266050,1275500
R041595,325513003001,0,256090,256090
R041596,325513003002,0,318880,318880
R041597,325513003003,0,317760,317760
R041598,325513003004,0,321130,321130
R041599,325513003005,0,754420,754420
R041601,370121403003,125000,0,125000
R041603,370121403002,125000,480600,605600
R041604,370121403001,125000,0,125000
R041607,378711001001,174540,1303190,1477730
R041608,378711001002,1610,0,1610
R041609,378711001003,1600,23500,25100
R041610,378714007001,1620,876830,878450
R041611,378714007002,1630,1135920,1137550
R041612,378714007003,1630,1018750,1020380
R041613,369526100013,14650,0,14650
R041615,378702136011,40600,168540,209140
R041634,8,170,0,170
R041635,8,620,0,620
R041637,8,10,0,10
R041642,8,190,0,190
R041643,8,190,0,190
R041650,8,1400,0,1400
R041653,8,110,0,110
R041654,8,180,0,180
R041656,8,30,0,30
R041661,8,60,0,60
R041662,8,780,0,780
R041666,8,1320,0,1320
R041667,8,1130,0,1130
R041668,8,610,0,610
R041675,8,150,0,150
R041685,8,30,0,30
R041698,8,90,0,90
R041708,8,7880,0,7880
R041710,8,1040,0,1040
R041712,8,1440,0,1440
R041713,8,20,0,20
R041726,8,113870,0,113870
R041743,8,220,0,220
R041762,8,110,0,110
R041765,8,4820,0,4820
R041767,8,12870,0,12870
R041805,8,750,0,750
R041816,8,810,0,810
R041818,8,810,0,810
R041820,8,560,0,560
R041822,8,440,0,440
R041837,8,370,0,370
R041838,8,160,0,160
R041841,8,3730,0,3730
R041843,8,610,0,610
R041847,8,1040,0,1040
R041849,8,280,0,280
R041856,8,160,0,160
R041858,8,2290,0,2290
R041859,8,80,0,80
R041863,8,710,0,710
R041867,8,40,0,40
R041871,8,2690,0,2690
R041877,8,230,0,230
R041878,8,820,0,820
R041881,8,1940,0,1940
R041887,325721411001,0,730460,730460
R041888,325721411002,0,574000,574000
R041889,317726450001,148600,722620,871220
R041890,317726450002,148600,656690,805290
R041891,317726450003,148600,722620,871220
R041892,378702163001,0,228470,228470
R041893,378702163002,0,228470,228470
R041894,378702163003,0,228470,228470
R041895,378702163004,0,228470,228470
R041896,378702163005,0,228470,228470
R041897,325503135028,140040,1197470,1337510
R041898,325503135029,750890,1191060,1941950
R041899,369900007001,218950,1056980,1275930
R041900,369900007002,203460,422730,626190
R041901,370135349004,45000,372670,417670
R041902,370135349003,45000,387630,432630
R041903,370135349001,45000,372670,417670
R041904,370135349002,45000,387630,432630
R041905,370136372002,0,227830,227830
R041906,370136372001,0,93400,93400
R041907,370136372003,0,36170,36170
R041908,370136372004,0,39050,39050
R041909,370136372005,0,31020,31020
R041910,370136372006,0,46870,46870
R041911,370136372007,0,31020,31020
R041912,370136372008,0,37900,37900
R041913,370136372009,0,38290,38290
R041914,325721410001,0,922130,922130
R041915,325721410002,0,922130,922130
R041916,325727231001,0,732780,732780
R041917,325727231002,0,739470,739470
R041918,325722309001,0,729420,729420
R041919,325722309002,0,725430,725430
R041920,317726133001,0,830480,830480
R041921,317726133002,0,762580,762580
R041922,317726133003,0,766090,766090
R041923,317726133004,0,872730,872730
R041924,317726133005,0,909980,909980
R041925,317726133006,0,776120,776120
R041926,317726133007,0,1340080,1340080
R041927,317726133008,0,1340080,1340080
R041928,317726133009,0,867110,867110
R041929,317726133010,0,851480,851480
R041930,317726133011,0,782670,782670
R041931,317726133012,0,955530,955530
R041932,317726133013,0,1332620,1332620
R041933,317726133014,0,877710,877710
R041934,317726133015,0,867740,867740
R041935,317726133016,0,801040,801040
R041936,317726133017,0,1157880,1157880
R041937,317726133018,0,1523790,1523790
R041938,317726133019,0,1836930,1836930
R041939,317726133020,0,1506510,1506510
R041940,317726133021,0,1411000,1411000
R041941,317726133022,0,876300,876300
R041942,317726133023,0,1315220,1315220
R041943,317726133024,0,1411490,1411490
R041944,317726133025,0,2306300,2306300
R041948,343322206003,115000,866000,981000
R041949,343322206011,115000,1280650,1395650
R041951,343322206006,195500,2332980,2528480
R041955,325512016014,518380,0,518380
R041956,325722303046,229640,697600,927240
R041957,325303008008,4790,0,4790
R041958,325300000000,80,0,80
R041960,325721406044,267300,791230,1058530
R041961,326300002003,15350,475380,490730
R041962,326300002004,77010,514980,591990
R041963,369900000115,368550,0,368550
R041965,292100000030,21180,458520,479700
R041967,325722305050,218700,928510,1147210
R041968,325722305049,255150,1114360,1369510
R041970,405117002081,37800,541540,579340
R041971,325728105110,267300,1151270,1418570
R041972,325728105107,267300,0,267300
R041973,379900000025,75020,0,75020
R041976,291900001007,25360,503020,528380
R041977,291900001003,25370,935240,960610
R041979,299301416007,40,0,40
R041980,325721403029,218700,868520,1087220
R041983,396900000000,590,0,590
R041984,325721402051,218700,0,218700
R041985,291726215019,8000,0,8000
R041986,317726451001,148600,673480,822080
R041987,317726451002,148600,657040,805640
R041988,317726451003,148600,656290,804890
R041989,317726451004,148600,674110,822710
R041991,317724213001,537690,0,537690
R041992,317724214001,687930,4586460,5274390
R041995,317724101001,669080,6814380,7483460
R041996,317724101002,535260,6844370,7379630
R041997,317724101003,851550,6036330,6887880
R041998,317724101004,1021860,5747190,6769050
R041999,317724101005,1031900,0,1031900
R042000,317724101006,1031900,0,1031900
R042001,317724101007,632580,0,632580
R042002,317724101008,711650,4213230,4924880
R042003,317724101009,569320,0,569320
R042004,317724101010,569320,0,569320
R042005,317724101011,537690,2813480,3351170
R042006,317724101012,632580,0,632580
R042007,317724101013,729900,5681040,6410940
R042008,317724101014,1043760,6612810,7656570
R042009,317724101015,1043760,4504510,5548270
R042010,317724101016,1043760,7463540,8507300
R042011,317724101017,1043760,0,1043760
R042012,317724101018,1124050,6713500,7837550
R042013,317724101019,1124050,3952370,5076420
R042014,317724101020,1124050,0,1124050
R042015,317724101021,1124050,6559660,7683710
R042016,317724101022,1043760,0,1043760
R042017,317724101023,725110,0,725110
R042018,317724101024,682460,0,682460
R042021,317724101027,948870,5961410,6910280
R042022,317724101028,1043760,0,1043760
R042023,317724101029,1043760,6162810,7206570
R042024,317724102001,632580,4464800,5097380
R042025,317724102002,846680,0,846680
R042026,317724103001,729900,3420200,4150100
R042027,317724103002,729900,0,729900
R042028,317724103003,705570,6912760,7618330
R042031,317724101030,0,12750,12750
R042036,317724303056,410880,1930640,2341520
R042038,317726453002,187500,1014810,1202310
R042039,317726453003,187500,456660,644160
R042040,317726453004,187500,1014810,1202310
R042041,317726453005,187500,558150,745650
R042042,317726453006,187500,1087780,1275280
R042046,378702144017,431710,78300,510010
R042047,378702136013,40600,100910,141510
R042048,370100000177,183770,1252550,1436320
R042055,370100004005,14070,1674720,1688790
R042056,370100004001,187040,878900,1065940
R042057,370100004002,187050,451120,638170
R042058,370100004009,14170,0,14170
R042059,370100004006,14050,1509520,1523570
R042060,378701246001,0,404650,404650
R042061,378701246002,0,429590,429590
R042062,378701246003,0,429590,429590
R042063,378701246004,0,404650,404650
R042064,325706014001,232600,2098970,2331570
R042065,325706014002,232600,2036210,2268810
R042066,325721406046,229640,1118600,1348240
R042067,325721406047,227810,0,227810
R042068,325727305016,235000,698400,933400
R042069,325727232001,0,639850,639850
R042070,325727232002,0,425780,425780
R042071,291900000000,3270,0,3270
R042073,299312110016,4500,0,4500
R042074,299312110011,13500,0,13500
R042075,299312110008,9000,0,9000
R042076,317900000085,79800,0,79800
R042077,318300000085,291360,0,291360
R042080,291900001002,1960,0,1960
R042081,291900001004,25380,454340,479720
R042082,291900001014,1980,0,1980
R042083,291900001015,2060,0,2060
R042084,291900001008,1960,0,1960
R042085,291900001010,25420,478430,503850
R042086,291900001011,2030,0,2030
R042087,291900001012,25940,321090,347030
R042088,291900001013,4270,0,4270
R042110,325502203001,68850,1162950,1231800
R042113,325502203004,60500,1320380,1380880
R042115,325502204002,65000,0,65000
R042116,325502204004,48000,745390,793390
R042118,325502204005,55000,756950,811950
R042125,325502235004,81900,2119540,2201440
R042126,325502235005,78000,1255980,1333980
R042127,325502236020,30250,318140,348390
R042129,325502236003,48000,401340,449340
R042130,325502236004,60000,661810,721810
R042135,325502236009,48000,453750,501750
R042136,325502236010,60000,937760,997760
R042143,326300001003,21370,0,21370
R042144,326300001002,26830,486460,513290
R042145,326300001004,21730,0,21730
R042146,326300001001,202620,1658300,1860920
R042147,291721002001,143800,1167430,1311230
R042148,291721002002,143800,0,143800
R042151,325503158022,157330,1148420,1305750
R042153,325503158023,133720,1180360,1314080
R042156,368900000060,95740,0,95740
R042158,317100000005,22490,0,22490
R042159,317100000005,26430,0,26430
R042161,370135430011,175260,418960,594220
R042168,324700000019,101990,0,101990
R042169,317700000172,27090,0,27090
R042170,325503182033,0,329260,329260
R042171,325503182022,0,156530,156530
R042172,325503182023,0,166320,166320
R042173,325503182024,0,167440,167440
R042174,325503182025,0,190920,190920
R042175,325503182026,0,150040,150040
R042176,325503182027,0,190920,190920
R042177,325503182028,0,151570,151570
R042178,325503182029,0,140380,140380
R042179,325503182030,0,105280,105280
R042180,325503182031,0,138420,138420
R042181,325503182032,0,190560,190560
R042182,325722310001,0,681000,681000
R042183,325722310002,0,680390,680390
R042184,325502226019,0,798370,798370
R042185,325502226020,0,798370,798370
R042186,325706015001,0,1027880,1027880
R042187,325706015002,0,1090520,1090520
R042189,405300001001,57410,273100,330510
R042190,405500000015,19100,0,19100
R042191,378100000030,6670,0,6670
R042192,378100000031,2250,0,2250
R042193,398500000052,7280,0,7280
R042194,343327200005,260470,644540,905010
R042211,325721404027,218700,867470,1086170
R042212,8,320,0,320
R042213,370135407008,165990,271060,437050
R042214,405118005042,15300,0,15300
R042215,325502256008,448150,2083220,2531370
R042217,291727104027,78800,932450,1011250
R042218,425105001038,85300,791510,876810
R042219,352532000066,27380,0,27380
R042220,378703406007,188700,309190,497890
R042221,325503180009,280890,2311760,2592650
R042222,317900000087,214450,0,214450
R042223,405118005045,15300,0,15300
R042225,325722301035,229640,993310,1222950
R042226,325503183034,135130,582720,717850
R042227,325502281006,332740,1180350,1513090
R042228,325502281007,295600,1353580,1649180
R042229,325727234001,0,612910,612910
R042230,325727234002,0,612910,612910
R042231,378701229020,275890,0,275890
R042234,317900000000,80,0,80
R042236,378701243023,207000,281970,488970
R042237,342706002009,90000,43240,133240
R042238,325707008008,431140,1911800,2342940
R042239,325502226021,169740,1143310,1313050
R042240,325502226022,130490,1145140,1275630
R042241,325727233001,0,784580,784580
R042242,325727233002,0,784580,784580
R042246,317722203030,351440,953270,1304710
R042247,325503152011,320,0,320
R042248,325503152010,328630,2014560,2343190
R042249,351722004005,118500,1601460,1719960
R042251,370136218003,50000,256960,306960
R042252,370136218004,50000,202090,252090
R042253,370136218005,50000,256960,306960
R042254,370136218006,50000,256960,306960
R042255,370136218007,50000,192570,242570
R042256,370136218008,50000,214990,264990
R042259,370135347001,0,696220,696220
R042260,370135347002,0,255030,255030
R042261,370135347003,0,141150,141150
R042262,370135347004,0,156830,156830
R042263,370135347005,0,141410,141410
R042264,370135347006,0,141150,141150
R042265,370135347007,0,141150,141150
R042266,370135347008,0,157120,157120
R042267,370135347009,0,141410,141410
R042268,370135347010,0,145030,145030
R042269,370135347011,0,250280,250280
R042272,370135348001,0,484380,484380
R042273,370135348002,0,517900,517900
R042274,317726302002,921960,0,921960
R042276,317726302003,851040,0,851040
R042277,317726302004,851040,0,851040
R042278,317726302005,851040,0,851040
R042279,317726302006,868010,237790,1105800
R042280,317726302007,868010,0,868010
R042281,317726302008,868010,0,868010
R042283,317735201001,851040,0,851040
R042284,317735201002,851040,0,851040
R042285,317735201003,851040,0,851040
R042288,317735202003,921960,4260860,5182820
R042289,317735202004,851040,4221940,5072980
R042290,317735202005,921960,5699120,6621080
R042291,317735202006,921960,0,921960
R042292,317735202007,921960,4112200,5034160
R042293,317735202008,921960,4655110,5577070
R042294,317735202009,709200,0,709200
R042295,317735202010,868010,4274280,5142290
R042297,370135465001,127440,417830,545270
R042298,370135465002,118550,434360,552910
R042299,370135465003,124830,364190,489020
R042300,370135465004,120380,313350,433730
R042301,370135465005,115910,408490,524400
R042302,370135465007,113550,431730,545280
R042303,370135465006,114240,372070,486310
R042304,370135465008,106770,429210,535980
R042307,325503401002,20000,92200,112200
R042308,325503401003,20000,76910,96910
R042309,325503401004,28410,0,28410
R042310,325503401005,20000,96420,116420
R042311,325503401006,20000,0,20000
R042312,325503401007,20000,0,20000
R042313,325503401008,20000,107810,127810
R042314,325503401009,20000,84800,104800
R042316,325503401011,20000,58350,78350
R042318,370100000184,190540,514670,705210
R042319,370136305015,164420,0,164420
R042320,299312113003,31350,0,31350
R042321,405300000111,66640,233670,300310
R042322,325727206003,0,1306980,1306980
R042323,352500000173,16890,19380,36270
R042324,291727106042,78800,29880,108680
R042325,291727106043,12800,0,12800
R042326,378702121011,752530,527580,1280110
R042327,378702121013,154400,415290,569690
R042331,317726132010,289500,1490410,1779910
R042332,317726132012,289500,1490410,1779910
R042333,352500000000,50,0,50
R042334,291900000000,230,0,230
R042335,370136364009,165990,272890,438880
R042336,370135300057,4010,0,4010
R042338,325722203021,229640,1055750,1285390
R042340,378701223010,281870,0,281870
R042341,343500000065,485870,0,485870
R042350,398300000089,2820,0,2820
R042351,398300000090,2820,0,2820
R042352,398300000091,11170,0,11170
R042353,398300000092,2230,0,2230
R042354,404918005049,47500,173800,221300
R042367,325721406049,229640,0,229640
R042368,425100000000,60,0,60
R042369,370100005023,10860,0,10860
R042370,370136212008,428820,642710,1071530
R042371,299300000082,15640,0,15640
R042372,369109404009,117000,481570,598570
R042373,343902002028,230,0,230
R042374,369523402004,74000,705840,779840
R042376,370135349006,45000,394880,439880
R042377,370135350002,45000,514940,559940
R042378,325727235001,0,730510,730510
R042379,325727235002,0,706940,706940
R042380,378702240001,0,490410,490410
R042381,378702240002,0,490410,490410
R042382,378702240003,0,483260,483260
R042383,378702240004,0,470730,470730
R042384,378702240005,0,490410,490410
R042394,8,530,0,530
R042404,8,350,0,350
R042405,325721402053,229640,1397050,1626690
R042406,405300000113,94970,50570,145540
R042407,325512022017,462500,213500,676000
R042408,317700002001,1171800,4920390,6092190
R042409,317700002002,1464750,4206400,5671150
R042410,317700002003,1464750,0,1464750
R042411,317700002004,1171800,5770600,6942400
R042412,317700002005,1171800,0,1171800
R042413,317700002006,1464750,6061140,7525890
R042414,317700002007,1464750,6383380,7848130
R042415,317700002008,1454790,0,1454790
R042416,370135351001,90000,735860,825860
R042417,370135351002,90000,567940,657940
R042418,370135351003,90000,752690,842690
R042419,370135351004,90000,662870,752870
R042420,370135351005,90000,755950,845950
R042421,370135352001,90000,652720,742720
R042422,370135352002,90000,0,90000
R042424,370135352004,90000,0,90000
R042425,370135352005,90000,694920,784920
R042426,370135352006,90000,884490,974490
R042427,370135352007,90000,696180,786180
R042428,370135353001,90000,464080,554080
R042429,370135353002,90000,712150,802150
R042433,370135353013,90000,580850,670850
R042434,370135353007,90000,467930,557930
R042435,370135353008,90000,528580,618580
R042436,370135353009,90000,625270,715270
R042438,351500000041,31010,0,31010
R042439,370100000193,44860,0,44860
R042440,370100005024,186980,1317990,1504970
R042441,370135354001,0,145560,145560
R042442,370135354002,0,141920,141920
R042443,370135354003,0,141660,141660
R042444,370135354004,0,161740,161740
R042445,370135354005,0,145560,145560
R042446,370135354006,0,141410,141410
R042447,370135354007,0,141410,141410
R042448,370135354008,0,161150,161150
R042449,325707010001,1024600,778080,1802680
R042450,325707010002,1024600,1941330,2965930
R042451,325707010003,461070,1740340,2201410
R042452,325707010004,461070,1406030,1867100
R042453,325707010005,1024600,926650,1951250
R042454,325707010006,1024600,2493870,3518470
R042455,325707010007,1331980,0,1331980
R042456,325512029001,768450,1048690,1817140
R042457,325502258008,201940,980600,1182540
R042458,325502258009,201150,1271650,1472800
R042459,325502228041,158120,614230,772350
R042460,325502228042,112940,609780,722720
R042461,325502228043,112940,610610,723550
R042462,325502257009,203990,1374750,1578740
R042463,325502257010,285410,1403700,1689110
R042464,370124007028,194930,1125980,1320910
R042465,325727308001,0,826580,826580
R042467,325727308002,0,826580,826580
R042468,325727222011,0,688470,688470
R042469,325727222012,0,668900,668900
R042470,325727222013,0,668900,668900
R042471,325727222014,0,635520,635520
R042472,325727222015,0,668970,668970
R042473,325727222016,0,667240,667240
R042474,325727222017,0,668900,668900
R042475,325727222018,0,668900,668900
R042476,325727222019,0,668900,668900
R042477,325727222020,0,680590,680590
R042478,378702305001,0,446370,446370
R042479,378702305002,0,435210,435210
R042480,378702305003,0,435210,435210
R042481,378702305004,0,435210,435210
R042482,378702305005,0,435210,435210
R042483,378702305006,0,446370,446370
R042484,378702306001,0,30000,30000
R042485,378702306002,0,30000,30000
R042486,378702306003,0,30000,30000
R042487,378702306004,0,30000,30000
R042488,378702306005,0,30000,30000
R042490,325502250008,201940,911320,1113260
R042491,325502250009,201150,875860,1077010
R042493,325707011001,611330,0,611330
R042496,325707011002,611330,0,611330
R042497,325707011003,469700,0,469700
R042498,325707011004,463320,1362840,1826160
R042499,325707011005,463320,0,463320
R042500,325707011006,463320,0,463320
R042501,325707011007,514800,0,514800
R042502,325707011008,643500,2507150,3150650
R042503,325707011009,441510,0,441510
R042504,325707011010,441510,0,441510
R042505,325707011011,441510,0,441510
R042506,325707011012,441510,0,441510
R042507,325707011013,247000,0,247000
R042508,325707011014,611330,0,611330
R042509,325707011015,536250,0,536250
R042510,325707011016,679250,0,679250
R042511,325707011017,679250,0,679250
R042512,325707011018,679250,0,679250
R042513,325707011019,679250,0,679250
R042514,325707011020,679250,0,679250
R042515,325707011021,529820,0,529820
R042516,325707011022,679250,2022350,2701600
R042517,325707011023,529820,0,529820
R042518,325707011024,320000,0,320000
R042519,325707011025,529820,1318690,1848510
R042520,325707012001,0,705890,705890
R042523,325707012004,311850,0,311850
R042524,325707012005,311850,0,311850
R042532,325707014001,297000,0,297000
R042534,325707014003,270000,0,270000
R042536,325707015001,431140,1347360,1778500
R042537,325707015002,431140,0,431140
R042538,325707016001,431140,1811690,2242830
R042539,325707016002,431140,0,431140
R042545,325707402001,297000,118940,415940
R042546,325707402002,297000,1154850,1451850
R042547,325707402010,594000,0,594000
R042549,325707402005,297000,131240,428240
R042550,325707402006,297000,1504560,1801560
R042551,325707402007,297000,0,297000
R042552,325707402008,297000,0,297000
R042553,325707402009,297000,1850840,2147840
R042555,325707404001,297000,1304330,1601330
R042556,325707404002,270000,1156530,1426530
R042557,325707404003,270000,0,270000
R042558,325707404004,297000,1570630,1867630
R042559,325707405001,311850,1029060,1340910
R042566,325707405008,311850,1423460,1735310
R042568,325707407001,270000,0,270000
R042569,325707407002,297000,1197940,1494940
R042570,325707407003,270000,0,270000
R042571,325707407004,243000,0,243000
R042572,325707407005,270000,0,270000
R042573,325707407006,270000,0,270000
R042574,325707407007,270000,1242170,1512170
R042575,325707407008,270000,0,270000
R042576,325707407009,270000,1016780,1286780
R042578,325707407011,270000,159890,429890
R042579,325707407012,270000,1279560,1549560
R042580,325707407013,270000,1449820,1719820
R042581,325707407014,270000,1050190,1320190
R042582,325707407015,270000,808830,1078830
R042583,325707407016,270000,0,270000
R042584,325707407017,270000,1535340,1805340
R042585,325707407018,270000,1581880,1851880
R042586,325707407019,283500,1285760,1569260
R042587,325707407020,270000,1426270,1696270
R042588,325707407021,270000,1148140,1418140
R042589,325707407022,270000,1287790,1557790
R042590,325707407023,270000,1173380,1443380
R042591,325707407024,283500,0,283500
R042592,325707407025,270000,1289540,1559540
R042593,325707407026,270000,0,270000
R042594,325707407027,270000,1631020,1901020
R042595,325707407028,270000,0,270000
R042596,325707407029,270000,0,270000
R042597,325707407030,270000,0,270000
R042598,325707407031,297000,1469490,1766490
R042602,325707410001,252450,1160630,1413080
R042603,325707410002,270000,0,270000
R042604,325707410003,270000,715110,985110
R042605,325707410004,270000,0,270000
R042606,325707410005,270000,0,270000
R042607,325707410006,311850,0,311850
R042608,325707410007,311850,0,311850
R042609,325707410008,297000,0,297000
R042610,325707411001,311850,181210,493060
R042611,325707411002,311850,0,311850
R042612,325707411003,311850,0,311850
R042617,325707411008,311850,0,311850
R042620,325707412003,311850,0,311850
R042621,325707412004,311850,1570970,1882820
R042622,325707412005,311850,0,311850
R042623,325707412006,311850,1099420,1411270
R042624,325707412007,311850,0,311850
R042625,325707413001,252450,946790,1199240
R042626,325707413002,270000,0,270000
R042627,325707413003,280670,1639780,1920450
R042628,325707413004,311850,1406480,1718330
R042629,325707413005,311850,0,311850
R042630,325707413006,311850,2212020,2523870
R042631,325707413007,270000,0,270000
R042632,325707413008,326030,0,326030
R042633,325707413009,358630,1356620,1715250
R042634,325707400001,300,0,300
R042635,325707414001,252450,928150,1180600
R042637,325707414003,252450,1147430,1399880
R042638,325707414011,270000,0,270000
R042640,325707414006,270000,1228500,1498500
R042641,325707414007,270000,1285930,1555930
R042642,325707414008,270000,0,270000
R042643,325707414009,270000,0,270000
R042644,325707415001,252450,0,252450
R042646,325707415003,297000,0,297000
R042647,325707415004,270000,0,270000
R042648,325707415005,270000,0,270000
R042649,325707415006,270000,1247110,1517110
R042652,325707415009,270000,897130,1167130
R042653,325707415010,270000,0,270000
R042655,325707415012,310500,883290,1193790
R042656,325707415022,270000,1559650,1829650
R042658,325707415015,358630,1089740,1448370
R042659,325707415023,358630,0,358630
R042660,325707415017,358630,1306480,1665110
R042661,325707416001,267300,1565120,1832420
R042662,325707416002,297000,2086390,2383390
R042663,325707416003,270000,0,270000
R042664,325707416004,297000,1588840,1885840
R042665,325707416005,297000,1078210,1375210
R042666,325707416006,243000,1614270,1857270
R042667,325707416007,310500,0,310500
R042668,325707416008,270000,0,270000
R042669,325707416009,297000,1121350,1418350
R042670,325707416010,358630,1480310,1838940
R042671,325707416011,358630,0,358630
R042673,325707417001,297000,0,297000
R042674,325707417002,297000,1276590,1573590
R042675,325707417003,310500,1486130,1796630
R042676,325707417004,297000,0,297000
R042678,325707417006,358630,1691380,2050010
R042679,325707417007,358630,1688510,2047140
R042683,325708000002,90,0,90
R042684,325708001001,529820,0,529820
R042686,325708001003,452690,2715960,3168650
R042687,325708001004,341550,0,341550
R042688,325708001005,358630,0,358630
R042689,325708002001,784530,0,784530
R042690,325708002002,784530,0,784530
R042691,325708002003,679200,0,679200
R042692,325708002004,747180,2050110,2797290
R042693,325708002005,597740,0,597740
R042694,325708002006,747180,0,747180
R042695,325708002007,383420,0,383420
R042696,325708002008,786500,0,786500
R042698,325708003001,431140,0,431140
R042699,325708003002,431140,1428090,1859230
R042700,325708003003,431140,0,431140
R042701,325708003004,431140,0,431140
R042702,325708003005,409580,0,409580
R042703,325708003006,475330,2850890,3326220
R042704,325708003007,452690,195950,648640
R042705,325708004001,543230,1662770,2206000
R042706,325708005001,475330,1866580,2341910
R042707,325708005002,452690,0,452690
R042708,325708005003,431140,2323550,2754690
R042709,325708005004,431140,0,431140
R042710,325708005005,431140,0,431140
R042711,325708005006,431140,0,431140
R042712,325708005007,431140,0,431140
R042713,325708005008,409580,0,409580
R042714,325708005009,431140,1508620,1939760
R042715,325708005010,452690,0,452690
R042716,325708006001,452690,0,452690
R042717,325708006002,409580,0,409580
R042718,325708007001,431140,0,431140
R042719,325708007002,430060,951550,1381610
R042720,325708007003,431140,0,431140
R042721,325708007004,452690,3095080,3547770
R042722,325708007005,431140,0,431140
R042723,325708007006,430060,0,430060
R042724,325708007007,409580,0,409580
R042725,325708007008,409580,0,409580
R042726,325708007009,430060,1988920,2418980
R042727,325708007010,430060,0,430060
R042728,325708007011,430060,0,430060
R042729,325708007012,430060,171240,601300
R042730,325708007013,339520,0,339520
R042731,325708008001,452690,0,452690
R042732,325708008002,452690,2840730,3293420
R042733,325708009001,250950,0,250950
R042734,325708009002,250950,0,250950
R042735,325708009003,250950,0,250950
R042737,325708010001,517360,0,517360
R042743,370100005001,14050,0,14050
R042744,370100005002,14040,31020,45060
R042745,370100005009,186980,1320620,1507600
R042746,370100005010,14040,0,14040
R042747,370100005011,14050,0,14050
R042748,370100005012,256480,1200910,1457390
R042749,370100005013,186980,1447060,1634040
R042750,370100005014,14040,0,14040
R042751,370100005003,11810,0,11810
R042752,370100005004,141130,1947140,2088270
R042753,370100005005,7090,0,7090
R042755,370100005007,182060,2337970,2520030
R042756,370100005008,14040,0,14040
R042764,370100005022,14240,644780,659020
R042767,370135419005,307360,0,307360
R042768,317726402035,171160,0,171160
R042769,325721402059,229640,0,229640
R042770,325721402061,229640,0,229640
R042771,325721404029,229640,0,229640
R042772,370124011001,163400,76520,239920
R042773,370124011002,163400,0,163400
R042774,370124011003,163400,0,163400
R042775,370124011004,163400,0,163400
R042776,370124011005,163400,0,163400
R042777,370124011006,163400,62240,225640
R042778,370124011007,163400,0,163400
R042779,370124011008,163400,0,163400
R042780,370124011009,163400,0,163400
R042781,370124011010,163400,68910,232310
R042782,370124011011,163400,0,163400
R042783,370124011012,163400,59850,223250
R042784,370124011013,163400,0,163400
R042785,370124011014,163400,62240,225640
R042786,370124011015,163400,61780,225180
R042788,370124011037,163400,72070,235470
R042789,370124011018,163400,81080,244480
R042790,370124011019,163400,81080,244480
R042791,370124011020,163400,71140,234540
R042793,370124011022,163400,25570,188970
R042795,370124011024,163400,0,163400
R042796,370124011025,163400,71140,234540
R042797,370124011026,163400,0,163400
R042798,370124011027,163400,161170,324570
R042799,370124011028,163400,71140,234540
R042800,370124011029,163400,71140,234540
R042801,370124011030,163400,158390,321790
R042802,370124011031,163400,71140,234540
R042803,370124011032,163400,107680,271080
R042804,370124011033,163400,83360,246760
R042806,370124011035,163400,0,163400
R042807,370124012001,169200,901050,1070250
R042808,370124012002,298800,0,298800
R042809,370124012003,298800,463840,762640
R042810,370124012004,298800,708990,1007790
R042811,370124012005,293000,0,293000
R042812,370124012006,293000,0,293000
R042813,370124012007,293000,604950,897950
R042814,370124012008,293000,348830,641830
R042815,370124012009,205100,612360,817460
R042818,317735008003,633600,0,633600
R042820,325501017001,229900,1428900,1658800
R042821,325501017002,229900,1426890,1656790
R042823,325502225017,333560,2954630,3288190
R042824,325512020063,518380,0,518380
R042826,325727209053,336800,847630,1184430
R042827,325720101016,770880,2560820,3331700
R042828,325721105033,191360,0,191360
R042829,325722304057,191360,0,191360
R042830,325722304056,229640,1384730,1614370
R042831,325721402057,264080,1590270,1854350
R042832,325721402055,255150,1213190,1468340
R042833,325721402056,306180,1384200,1690380
R042834,370135355001,0,522880,522880
R042835,370135355002,0,522880,522880
R042836,370135356001,0,490610,490610
R042837,370135357001,0,386960,386960
R042838,325512030001,0,321330,321330
R042839,325512030002,0,289790,289790
R042840,325512030003,0,321330,321330
R042841,325512030004,0,176470,176470
R042842,325512030005,0,145730,145730
R042843,325512030006,0,379810,379810
R042844,325512030007,0,184890,184890
R042845,325512030008,0,173160,173160
R042846,325512030009,0,190370,190370
R042847,325512030010,0,234980,234980
R042848,325512030011,0,274370,274370
R042849,325512030012,0,180960,180960
R042850,325512030013,0,295730,295730
R042851,325512030014,0,183190,183190
R042852,325512030015,0,183450,183450
R042854,325502236016,23250,235130,258380
R042855,325502236017,36750,269110,305860
R042856,325502236014,29530,228850,258380
R042857,325502236015,18470,215980,234450
R042858,325502236012,27090,231290,258380
R042859,325502236013,20910,237470,258380
R042860,317726454001,156290,560350,716640
R042861,317726454002,86700,290140,376840
R042863,378702300069,12000,0,12000
R042864,325512031001,0,226890,226890
R042865,325512031002,0,173050,173050
R042866,325512031003,0,144760,144760
R042867,325728119001,0,856440,856440
R042868,325728119002,0,840730,840730
R042869,378710006043,215900,1401290,1617190
R042870,378710006045,215900,1480030,1695930
R042871,342707403003,46580,918220,964800
R042873,369920201028,180000,0,180000
R042874,325722301025,229640,0,229640
R042875,368935000034,29340,0,29340
R042877,378703400061,309680,0,309680
R042878,378701229019,151370,373410,524780
R042880,398100003024,173330,0,173330
R042881,405117002083,47250,598850,646100
R042882,325503183035,514800,0,514800
R042883,325503183036,257400,1176520,1433920
R042884,325721404031,191360,0,191360
R042885,325503154030,107580,1447800,1555380
R042886,342900000030,49120,0,49120
R042887,325501013091,575000,2407000,2982000
R042888,378701244022,180000,332200,512200
R042889,325722301027,255150,1332950,1588100
R042890,368900000064,18150,0,18150
R042891,317723101049,440240,0,440240
R042892,325722305054,191360,0,191360
R042893,318300000093,161450,0,161450
R042895,325721101018,191360,0,191360
R042896,343300000024,25720,0,25720
R042897,398100001021,1960,0,1960
R042898,404532003026,148500,0,148500
R042899,398500000055,84530,0,84530
R042900,398500000056,1790,0,1790
R042901,325727237001,0,628220,628220
R042902,325727237002,0,574470,574470
R042903,378900000063,250,0,250
R042904,325503134013,421340,1601690,2023030
R042905,325503134014,421340,3917370,4338710
R042909,317726455001,148600,723610,872210
R042910,317726455002,148600,761700,910300
R042911,424300000061,500,0,500
R042913,325502204006,37900,181150,219050
R042914,325502204007,27100,210330,237430
R042915,398300000095,9290,0,9290
R042916,398300000096,1130,0,1130
R042917,404900000146,2820,0,2820
R042918,404900000156,30450,0,30450
R042919,317713300007,444840,0,444840
R042920,325503110019,421340,2471290,2892630
R042921,369904001002,1240,0,1240
R042950,369904001003,220,0,220
R042951,369904001004,1200,0,1200
R042952,369904001005,902580,1137850,2040430
R042953,369904001006,902580,1109240,2011820
R042954,369904001007,1200,0,1200
R042955,369904001008,902570,658330,1560900
R042956,369904001009,1310,0,1310
R042957,369904001010,240,0,240
R042958,369904001011,230,0,230
R042959,369904001012,1200,0,1200
R042960,369904001013,220,0,220
R042961,369904001014,676980,668750,1345730
R042962,369904001015,1270,0,1270
R042963,369904001016,1290,0,1290
R042965,351733402002,902900,937470,1840370
R042966,351733402003,1210,0,1210
R042967,351733402004,220,0,220
R042968,351733402005,1230,0,1230
R042969,351733402006,902570,961860,1864430
R042970,351733402007,1200,0,1200
R042971,325722305053,273380,0,273380
R042972,325512020066,388780,0,388780
R042973,325512020067,388780,0,388780
R042974,325512020069,346880,2945650,3292530
R042975,405107002016,15300,0,15300
R042976,317726132016,289500,1490370,1779870
R042977,405118001017,16830,505930,522760
R042979,424300000062,1100,0,1100
R042981,378703104017,122800,626900,749700
R042983,378710001081,188700,778270,966970
R042984,317726135001,0,209520,209520
R042985,317726135002,0,161970,161970
R042986,317726135003,0,181290,181290
R042987,317726135004,0,190830,190830
R042988,317726135005,0,185700,185700
R042989,317726135006,0,186060,186060
R042990,317726135007,0,188630,188630
R042991,317726135008,0,189730,189730
R042992,317726135009,0,189730,189730
R042993,317726135010,0,180250,180250
R042994,317726135011,0,216390,216390
R042995,317726135012,0,148540,148540
R042996,317726135013,0,247990,247990
R042997,317726135014,0,184410,184410
R042998,317726135015,0,213660,213660
R042999,317726135016,0,213260,213260
R043000,317726135017,0,214070,214070
R043001,317726135018,0,207550,207550
R043002,317726135019,0,214880,214880
R043003,317726135020,0,329400,329400
R043004,317726135021,0,211220,211220
R043005,317726135022,0,214070,214070
R043006,317726135023,0,196010,196010
R043007,317726135024,0,213660,213660
R043008,317726135025,0,202590,202590
R043009,317726135026,0,213660,213660
R043010,317726135027,0,175610,175610
R043011,317726135028,0,251330,251330
R043012,317726135029,0,207960,207960
R043013,317726135030,0,197950,197950
R043014,317726135031,0,213660,213660
R043015,317726135032,0,202980,202980
R043016,317726135033,0,213660,213660
R043017,317726135034,0,202980,202980
R043018,317726135035,0,213660,213660
R043019,317726135036,0,202980,202980
R043020,317726135037,0,243380,243380
R043021,317726135038,0,170130,170130
R043022,317726135039,0,235590,235590
R043023,317726135040,0,173920,173920
R043024,317726135041,0,202590,202590
R043025,317726135042,0,202590,202590
R043026,317726135043,0,203360,203360
R043027,317726135044,0,196790,196790
R043028,317726135045,0,205680,205680
R043029,317726135046,0,198340,198340
R043030,317726135047,0,206830,206830
R043031,317726135048,0,200660,200660
R043032,317726135049,0,203360,203360
R043033,317726135050,0,196010,196010
R043034,317726135051,0,202980,202980
R043035,317726135052,0,202590,202590
R043036,317726135053,0,202980,202980
R043037,317726135054,0,171820,171820
R043038,317726135055,0,234800,234800
R043039,317726135056,0,199500,199500
R043040,317726135057,0,197950,197950
R043041,317726135058,0,201820,201820
R043042,317726135059,0,203360,203360
R043043,317726135060,0,202210,202210
R043044,317726135061,0,203360,203360
R043045,317726135062,0,201050,201050
R043046,317726135063,0,203360,203360
R043047,317726135064,0,229220,229220
R043048,317726135065,0,168010,168010
R043049,317726135066,0,234000,234000
R043050,317726135067,0,174350,174350
R043051,317726135068,0,202980,202980
R043052,317726135069,0,202590,202590
R043053,317726135070,0,203360,203360
R043054,317726135071,0,196790,196790
R043055,317726135072,0,205680,205680
R043056,317726135073,0,197950,197950
R043057,317726135074,0,207210,207210
R043058,317726135075,0,200660,200660
R043059,317726135076,0,203360,203360
R043060,317726135077,0,196010,196010
R043061,317726135078,0,202980,202980
R043062,317726135079,0,202590,202590
R043063,317726135080,0,202980,202980
R043064,317726135081,0,174350,174350
R043065,317726135082,0,238770,238770
R043066,317726135083,0,199500,199500
R043067,317726135084,0,197950,197950
R043068,317726135085,0,201820,201820
R043069,317726135086,0,203360,203360
R043070,317726135087,0,202210,202210
R043071,317726135088,0,203360,203360
R043072,317726135089,0,201050,201050
R043073,317726135090,0,203360,203360
R043074,317726135091,0,228820,228820
R043075,317726135092,0,169280,169280
R043076,317726135093,0,258630,258630
R043077,317726135094,0,192700,192700
R043078,317726135095,0,224340,224340
R043079,317726135096,0,223920,223920
R043080,317726135097,0,224770,224770
R043081,317726135098,0,217930,217930
R043082,317726135099,0,227330,227330
R043083,317726135100,0,218790,218790
R043084,317726135101,0,229870,229870
R043085,317726135102,0,221780,221780
R043086,317726135103,0,224770,224770
R043087,317726135104,0,216640,216640
R043088,317726135105,0,224340,224340
R043089,317726135106,0,223920,223920
R043090,317726135107,0,224340,224340
R043091,317726135108,0,192700,192700
R043092,317726135109,0,263900,263900
R043093,317726135110,0,218360,218360
R043094,317726135111,0,218790,218790
R043095,317726135112,0,223060,223060
R043096,317726135113,0,224770,224770
R043097,317726135114,0,223490,223490
R043098,317726135115,0,224770,224770
R043099,317726135116,0,222210,222210
R043100,317726135117,0,224770,224770
R043101,317726135118,0,255550,255550
R043102,317726135119,0,186160,186160
R043104,317726134019,0,393820,393820
R043105,317726134002,0,317350,317350
R043106,317726134003,0,974510,974510
R043107,317726134004,0,241980,241980
R043108,317726134005,0,788730,788730
R043109,317726134006,0,96340,96340
R043111,317726134008,0,14040,14040
R043112,317726134009,0,25250,25250
R043114,317726134011,0,14040,14040
R043115,317726134012,0,25250,25250
R043117,317726134014,0,14040,14040
R043118,317726134015,0,25250,25250
R043120,317726134017,0,14040,14040
R043121,317726134018,0,25250,25250
R043124,291726308006,143800,0,143800
R043125,378515000021,3030,528360,531390
R043126,325501018001,936000,488050,1424050
R043127,325501018002,1216800,0,1216800
R043128,325501018003,880000,0,880000
R043129,325501018004,832000,0,832000
R043130,325501018005,919360,0,919360
R043131,325501018006,1149200,0,1149200
R043132,325501018007,1352000,2277400,3629400
R043133,325501018008,1352000,4169100,5521100
R043134,325501018009,1352000,0,1352000
R043135,325501018010,1166880,0,1166880
R043136,325501018011,600000,0,600000
R043137,325501018012,612000,0,612000
R043139,370136374001,202760,276330,479090
R043140,370136374002,176770,264330,441100
R043141,370114007001,184400,878960,1063360
R043142,370114007002,184400,947900,1132300
R043143,370114007003,187500,0,187500
R043144,370114007004,2640,0,2640
R043145,370114007005,170150,1133500,1303650
R043146,370114007006,2700,0,2700
R043147,370114007007,2290,0,2290
R043152,325502278006,218750,1238110,1456860
R043153,325502278008,7910,45730,53640
R043154,325502278007,398140,1312540,1710680
R043155,325513004001,0,248400,248400
R043156,325513004002,0,522380,522380
R043157,325727303013,475500,1479410,1954910
R043158,378702118006,284940,259360,544300
R043159,325727238001,168400,701970,870370
R043160,325727238002,106920,590900,697820
R043161,325502263026,251450,1279610,1531060
R043162,325502263027,189760,1357910,1547670
R043163,379300000066,79390,1396500,1475890
R043164,317726456001,148600,728330,876930
R043165,317726456002,148600,642540,791140
R043166,317726456003,148600,728000,876600
R043167,378702118007,154400,340560,494960
R043168,370113011001,23750,0,23750
R043169,370113011002,23750,0,23750
R043170,370113011003,23750,0,23750
R043171,370113011004,23750,0,23750
R043172,370113011005,23750,0,23750
R043173,370113011006,23750,0,23750
R043174,370113011007,23750,0,23750
R043176,317726457001,187500,1197110,1384610
R043177,317726457002,187500,1064090,1251590
R043178,317726457005,187500,1305930,1493430
R043180,325727305019,235000,922930,1157930
R043184,343500006026,1660000,0,1660000
R043185,343500006027,1660000,0,1660000
R043186,343500006028,1660000,0,1660000
R043187,343500006004,1660000,3459580,5119580
R043188,343500006005,1660000,0,1660000
R043189,343500006006,1660000,252000,1912000
R043190,343500006007,1660000,0,1660000
R043191,343500006008,1660000,0,1660000
R043192,343500006009,1150000,0,1150000
R043193,343500006010,1150000,0,1150000
R043194,343500006011,1150000,0,1150000
R043195,343500006029,1150000,0,1150000
R043196,343500006030,1150000,0,1150000
R043197,343500006014,1150000,4349060,5499060
R043198,343500006031,1150000,0,1150000
R043199,343500006016,1150000,0,1150000
R043200,343500006017,1150000,0,1150000
R043201,343500006018,1150000,0,1150000
R043202,343500006032,1150000,0,1150000
R043203,343500006033,1150000,0,1150000
R043204,343500006034,1150000,4281170,5431170
R043205,343500006022,1150000,3261450,4411450
R043206,343500006023,1150000,0,1150000
R043207,343500006024,1150000,0,1150000
R043209,325512026023,209000,2096150,2305150
R043211,378702121014,154400,0,154400
R043212,325502255024,0,776440,776440
R043213,325502255025,0,737340,737340
R043214,405108001027,33660,0,33660
R043217,325303013006,75750,0,75750
R043218,317724106001,1043760,0,1043760
R043219,317724106002,1043760,0,1043760
R043220,317724106003,1043760,0,1043760
R043221,317724106004,1043760,6904940,7948700
R043222,317724106005,1043760,4850140,5893900
R043223,317724106006,1043760,0,1043760
R043225,317724107001,1043760,0,1043760
R043226,317724107002,1043760,6642660,7686420
R043227,317724106007,1043760,1171730,2215490
R043230,317724401001,790730,7560260,8350990
R043231,317724401002,790730,6673890,7464620
R043232,317724401003,1043760,0,1043760
R043233,317724401004,1043760,5256300,6300060
R043234,317724401005,486600,0,486600
R043235,317724401006,608250,3060340,3668590
R043236,317724401007,608250,0,608250
R043237,317724401008,517010,0,517010
R043238,317724401009,413610,0,413610
R043239,317724401010,413610,0,413610
R043240,317724401011,486600,0,486600
R043241,317724401012,802890,0,802890
R043243,317519001001,486600,0,486600
R043244,317519001002,682460,7123090,7805550
R043246,325501019029,156750,1660990,1817740
R043247,325501019030,209000,1980190,2189190
R043248,325501019003,156120,0,156120
R043249,325501019004,156120,0,156120
R043250,325501019005,156120,0,156120
R043251,325501019006,156120,0,156120
R043252,325501019007,209000,1636920,1845920
R043253,325501019008,209000,1670790,1879790
R043254,325501019009,156120,0,156120
R043255,325501019010,156120,0,156120
R043256,325501019011,156120,0,156120
R043257,325501019012,156120,0,156120
R043258,325501019013,156120,0,156120
R043259,325501019014,156120,0,156120
R043260,325501019015,156120,0,156120
R043261,325501019016,156120,0,156120
R043262,325501019017,156120,0,156120
R043263,325501019018,156120,0,156120
R043264,325501019019,156120,0,156120
R043265,325501019020,156120,0,156120
R043266,325501019031,312250,0,312250
R043268,325501019023,156120,0,156120
R043269,325501019024,156120,0,156120
R043270,325501019025,156120,0,156120
R043274,342707404005,63870,0,63870
R043275,342707404009,54340,0,54340
R043277,325503203022,745850,3757350,4503200
R043281,8,17920,0,17920
R043282,8,1420,0,1420
R043284,325727239001,95680,697000,792680
R043285,325727239002,95680,693140,788820
R043286,325707415021,270000,0,270000
R043304,8,210,0,210
R043311,325512032001,0,1096460,1096460
R043312,325512032002,0,726580,726580
R043313,370136007001,2104610,10912680,13017290
R043318,343322206012,115000,0,115000
R043319,317724211018,375020,0,375020
R043320,398100000065,94970,478170,573140
R043321,325722302015,229640,0,229640
R043322,325722302016,229640,0,229640
R043323,325503105007,421340,1005320,1426660
R043324,370136219001,180700,494320,675020
R043325,370136219002,180700,511350,692050
R043326,370136219003,180700,542990,723690
R043327,370136219004,180700,573460,754160
R043328,370136219005,180700,428220,608920
R043329,370136219006,180700,427510,608210
R043330,370136219007,180700,435700,616400
R043331,370136219008,180700,389300,570000
R043332,370136219009,180700,420370,601070
R043333,370136219010,180700,459370,640070
R043334,370136219011,180700,391170,571870
R043335,370136219012,180700,513820,694520
R043336,370136219013,180700,397730,578430
R043337,370136219014,180700,389300,570000
R043338,370136219015,180700,385140,565840
R043339,370136219016,180700,463280,643980
R043340,370136219017,180700,337000,517700
R043341,370136219018,180700,390450,571150
R043342,370136219019,180700,411390,592090
R043343,370136219020,180700,394720,575420
R043344,370136219021,180700,574760,755460
R043345,370136219022,180700,394720,575420
R043346,370136220005,180700,448310,629010
R043347,370136220006,180700,389840,570540
R043348,370136220007,180700,418390,599090
R043349,370136220004,180700,498410,679110
R043350,370136220003,180700,476010,656710
R043351,370136220002,180700,618230,798930
R043352,370136220001,180700,523120,703820
R043354,325721406051,191360,0,191360
R043355,325722201021,273380,1741570,2014950
R043356,370135353011,90000,518740,608740
R043358,379100003006,43900,725590,769490
R043359,370135338052,200900,300780,501680
R043360,342730000036,10930,0,10930
R043361,342730000036,10930,0,10930
R043365,8,1440,0,1440
R043376,8,1050,0,1050
R043377,8,1170,0,1170
R043379,8,550,0,550
R043380,8,610,0,610
R043382,351722006007,118500,1434370,1552870
R043383,351535001014,168100,0,168100
R043384,325503105009,421340,4028510,4449850
R043385,370135353014,90000,586930,676930
R043386,325707414012,270000,0,270000
R043387,405119005005,16830,0,16830
R043388,368935000039,31060,0,31060
R043389,405130003059,24000,0,24000
R043390,369100000043,167050,1094590,1261640
R043391,370135444005,162900,263800,426700
R043392,325722202052,229640,0,229640
R043393,325721102016,218700,0,218700
R043395,370124013001,523100,0,523100
R043396,370124013002,523100,0,523100
R043397,370124013003,523100,1452510,1975610
R043398,370124013004,523100,0,523100
R043399,370124013005,523100,0,523100
R043400,370124013006,523100,0,523100
R043401,370124013007,523100,0,523100
R043402,370124013008,523100,1143140,1666240
R043403,370124013009,523100,601570,1124670
R043404,370124013010,523100,1026350,1549450
R043405,370124013011,523100,0,523100
R043406,370124013012,523100,0,523100
R043407,370124013013,523100,158970,682070
R043408,370124013014,523100,0,523100
R043410,370124013016,258200,0,258200
R043411,370124013017,258200,0,258200
R043412,370124013018,258200,983940,1242140
R043413,370124013019,258200,1400160,1658360
R043414,370124013020,258200,922760,1180960
R043415,370124013021,258200,980710,1238910
R043416,370124013022,258200,0,258200
R043417,370124013023,258200,579910,838110
R043418,370124013024,258200,0,258200
R043419,370124013025,258200,0,258200
R043420,370124013026,258200,0,258200
R043421,370124013027,258200,589130,847330
R043422,370124013028,258200,357390,615590
R043423,370124013029,258200,563020,821220
R043424,370124013030,258200,0,258200
R043425,370124013031,258200,1093600,1351800
R043426,370124013032,258200,1019410,1277610
R043427,370124013033,258200,1338900,1597100
R043428,370124013034,258200,262420,520620
R043429,370124013035,258200,781590,1039790
R043430,370124013036,258200,1104500,1362700
R043431,370124013037,258200,0,258200
R043432,370124013038,258200,0,258200
R043433,370124013039,258200,0,258200
R043434,370124013040,258200,1244430,1502630
R043435,370124013041,258200,0,258200
R043436,370124013042,258200,1272520,1530720
R043437,370124013043,258200,0,258200
R043446,370124014001,264200,919000,1183200
R043447,370124014003,264200,246970,511170
R043449,370135466002,408530,0,408530
R043451,370135358001,0,370090,370090
R043452,370135358002,0,417900,417900
R043453,370135358003,0,379910,379910
R043454,370135358004,0,392580,392580
R043455,378702165002,197350,0,197350
R043457,325502260016,210130,761320,971450
R043458,325502260017,231660,761320,992980
R043461,378701243029,207000,401900,608900
R043462,291727202008,43020,554310,597330
R043464,325722301031,229640,1378910,1608550
R043465,325502204008,27000,92570,119570
R043466,325502204009,28000,123440,151440
R043468,369908001020,332400,0,332400
R043469,378702137006,165990,266170,432160
R043470,325503105011,421340,3150760,3572100
R043471,405118002048,20960,372140,393100
R043472,317723101052,297980,1068760,1366740
R043473,325722301029,255150,0,255150
R043475,317726140002,1105970,0,1105970
R043476,317726140003,52820,33970,86790
R043477,317723429001,763280,0,763280
R043478,317726141001,755490,0,755490
R043480,317726100121,8520,4660,13180
R043482,325500005051,547910,0,547910
R043483,405117002086,16830,0,16830
R043485,378100004001,26840,718110,744950
R043486,325727240001,79480,0,79480
R043487,325727240002,79480,0,79480
R043488,325727240003,79480,0,79480
R043489,325727240004,79480,0,79480
R043490,325727240005,79480,0,79480
R043491,325727240006,79480,0,79480
R043492,325727240007,79480,0,79480
R043493,325727240008,79480,0,79480
R043494,325727240009,164800,751060,915860
R043499,325727240014,164800,347820,512620
R043500,325727240015,79480,0,79480
R043501,325727240016,79480,0,79480
R043504,325727240019,79480,0,79480
R043505,325727240020,79480,0,79480
R043506,325727240021,79480,0,79480
R043507,325727240022,79480,0,79480
R043509,325728105109,267300,1248620,1515920
R043510,325503105012,421340,2801280,3222620
R043511,405108002020,33660,0,33660
R043512,325502263029,403790,1050110,1453900
R043514,325722301033,229640,0,229640
R043515,318300000100,107410,0,107410
R043517,378701000065,10,0,10
R043518,378900000059,30,0,30
R043519,378900000060,10,0,10
R043520,378900000058,10,0,10
R043522,369110202011,94540,473110,567650
R043524,317900000090,7440,0,7440
R043526,325721102018,209590,1340630,1550220
R043527,317724215001,139470,0,139470
R043528,317724215002,139470,0,139470
R043529,317724215003,139470,0,139470
R043530,317724215004,139470,0,139470
R043531,317724215005,139470,0,139470
R043532,317724215006,139470,0,139470
R043533,317724215007,139470,0,139470
R043534,317724215008,139470,0,139470
R043535,317724215009,139470,0,139470
R043536,317724215010,139470,0,139470
R043537,317724215011,139470,0,139470
R043538,317724215012,139470,0,139470
R043539,317724215013,139470,0,139470
R043540,317724215014,139470,0,139470
R043541,317724215044,302400,2006680,2309080
R043542,317724215045,302400,1989780,2292180
R043543,317724215046,302400,1989620,2292020
R043544,317724215047,302400,1989780,2292180
R043545,317724215048,302400,1989780,2292180
R043546,317724108019,302400,2030890,2333290
R043547,317724108020,302400,2030890,2333290
R043548,317724108021,302400,2030890,2333290
R043549,317724108022,302400,1840890,2143290
R043550,317724108023,289800,1949640,2239440
R043551,317724108024,302400,1840890,2143290
R043552,317724108025,302400,1840710,2143110
R043553,317724108026,302400,1949640,2252040
R043554,317724108027,302400,1949640,2252040
R043555,317724108028,302400,1949640,2252040
R043556,317724108029,289800,2030700,2320500
R043557,317724108030,252000,1949640,2201640
R043558,317724108031,252000,1949640,2201640
R043559,317724108032,252000,1840710,2092710
R043560,317724108033,252000,1840890,2092890
R043561,317724108034,252000,1949640,2201640
R043562,317724215049,289800,1989620,2279420
R043563,317724215050,289800,1989780,2279580
R043564,317724215051,289800,2015040,2304840
R043565,317724215052,289800,2015240,2305040
R043566,317724215053,289800,2194860,2484660
R043567,317724215054,302400,2195070,2497470
R043568,317724215055,289800,2189820,2479620
R043569,317724215056,302400,2189820,2492220
R043570,317724215057,133660,0,133660
R043571,317724215058,133660,0,133660
R043572,317724215059,289800,1989780,2279580
R043573,317724215060,139470,0,139470
R043576,317724215063,289800,1656640,1946440
R043577,317724215064,252000,1656800,1908800
R043578,317724215065,289800,1656800,1946600
R043579,317724215066,252000,1656800,1908800
R043580,317724215038,252000,1628460,1880460
R043581,317724215068,252000,1714170,1966170
R043588,370135359001,0,370090,370090
R043589,370135359002,0,527560,527560
R043590,370135359003,0,385760,385760
R043592,405300000115,98460,333870,432330
R043593,370136375001,125750,552480,678230
R043594,370136375002,128980,552480,681460
R043596,404500000058,72880,1316740,1389620
R043597,325727244001,80190,648370,728560
R043598,325727244002,187110,657490,844600
R043600,369106000020,52290,0,52290
R043601,369301000013,23390,0,23390
R043602,369301000012,11250,0,11250
R043603,378702137010,165990,242950,408940
R043604,325721102020,262440,1262410,1524850
R043605,404700000034,1690,0,1690
R043607,343902002030,150240,1362010,1512250
R043608,325503186033,0,557440,557440
R043609,370135467001,0,628020,628020
R043616,370135467002,0,645760,645760
R043617,370135467003,0,628020,628020
R043618,325503175011,0,328510,328510
R043619,325503175012,0,459600,459600
R043620,325503175013,0,146950,146950
R043621,325503175014,0,198130,198130
R043622,325503175015,0,170620,170620
R043623,325503175016,0,221470,221470
R043624,325503175017,0,85670,85670
R043625,325503175018,0,111720,111720
R043626,325503175019,0,89770,89770
R043627,325503175020,0,89150,89150
R043628,325503175021,0,128920,128920
R043629,325503175022,0,92590,92590
R043630,325503175023,0,76670,76670
R043631,325503175024,0,69740,69740
R043632,398300000106,186120,0,186120
R043633,299312103005,18000,0,18000
R043635,378701243031,207000,626040,833040
R043636,291723303021,361340,33420,394760
R043637,299300000053,5530,0,5530
R043638,370136206036,155100,371350,526450
R043639,370113007027,261600,196160,457760
R043640,325707415024,358630,1451190,1809820
R043641,325722202053,195190,0,195190
R043642,369919004001,236300,556030,792330
R043643,369919004002,236300,0,236300
R043644,369919004003,236300,1200930,1437230
R043645,325727241001,95680,693450,789130
R043646,325727241002,95680,694070,789750
R043648,325727242001,133650,813380,947030
R043649,325727242002,133650,798860,932510
R043650,378702166001,103920,406510,510430
R043651,378702166002,106110,390970,497080
R043652,378702166003,104620,409330,513950
R043654,378702166005,72370,341610,413980
R043655,378702135006,165990,464260,630250
R043677,317724402001,802890,0,802890
R043678,317724402002,486600,0,486600
R043679,317724402003,517010,6561710,7078720
R043680,317724402004,517010,0,517010
R043681,317724402005,1124050,7580270,8704320
R043682,317724402006,790730,6820780,7611510
R043683,317724402007,517010,0,517010
R043684,317724402008,608250,4372410,4980660
R043685,317724402009,413610,2906540,3320150
R043686,317724402010,802890,0,802890
R043687,317724403001,1043760,0,1043760
R043688,317724403002,1043760,0,1043760
R043689,317724405001,517010,6748080,7265090
R043690,317724405002,608250,501840,1110090
R043691,317724405003,1108990,3404680,4513670
R043692,317519301001,790730,0,790730
R043693,317519301002,1043760,0,1043760
R043697,317519301006,1252510,0,1252510
R043708,325502226023,156430,1482300,1638730
R043709,325502226024,135320,1193750,1329070
R043710,325502226025,176870,1146060,1322930
R043711,378515006001,44720,637720,682440
R043712,378515006002,38000,0,38000
R043713,369700000009,320,0,320
R043717,325722303048,229640,1549120,1778760
R043718,8,120,0,120
R043722,8,360,0,360
R043727,8,270,0,270
R043732,8,93140,0,93140
R043736,370135300058,448410,379450,827860
R043738,317724211022,515650,2314720,2830370
R043739,378710006048,188700,0,188700
R043740,325727243001,127580,641770,769350
R043741,325727243002,127580,642540,770120
R043743,370135468005,0,198500,198500
R043744,370135468002,0,145650,145650
R043745,370135468003,0,138060,138060
R043746,370135468004,0,137640,137640
R043747,325722202056,182250,0,182250
R043748,325721105035,275560,0,275560
R043749,291727100028,87590,0,87590
R043750,378702128009,259600,310620,570220
R043752,325722311001,127580,677550,805130
R043754,325722311002,127580,677550,805130
R043755,325502263030,167960,1235370,1403330
R043756,325502263031,141170,1468660,1609830
R043757,8,86700,0,86700
R043761,8,4320,0,4320
R043765,325721403030,218700,0,218700
R043778,325503106003,421340,1051020,1472360
R043779,378701226007,204620,678870,883490
R043780,325721402062,229640,0,229640
R043782,291707301040,12000,0,12000
R043783,317934009006,8700,0,8700
R043784,369109135005,155030,397370,552400
R043786,318508003008,20000,167210,187210
R043787,378702137012,165990,170070,336060
R043788,378702137013,165990,170070,336060
R043789,378702137014,165990,172000,337990
R043790,317726136001,0,1510220,1510220
R043791,317726136002,0,2032440,2032440
R043792,317726136003,0,2077520,2077520
R043793,317726136004,0,2316390,2316390
R043794,317726136005,0,1053910,1053910
R043795,317726136006,0,2039440,2039440
R043796,317726136007,0,2507980,2507980
R043797,317726136008,0,2400040,2400040
R043798,317726136009,0,1044290,1044290
R043799,317726136010,0,2550710,2550710
R043800,317726136011,0,2509060,2509060
R043801,317726136012,0,2308120,2308120
R043802,317726136013,0,2367980,2367980
R043803,317726136014,0,2018430,2018430
R043804,317726136015,0,2637930,2637930
R043805,317726136016,0,2286370,2286370
R043806,317726136017,0,2636640,2636640
R043807,317726136018,0,2624030,2624030
R043808,317726136019,0,2291550,2291550
R043809,317726136020,0,2198570,2198570
R043810,317726136021,0,1766320,1766320
R043811,317726136022,0,3238620,3238620
R043812,317726136023,0,3317030,3317030
R043813,317726136024,0,1810690,1810690
R043814,317726136025,0,3161900,3161900
R043815,317726136026,0,2713400,2713400
R043816,317726136027,0,3153640,3153640
R043817,317726136028,0,2702360,2702360
R043818,317726136029,0,3808050,3808050
R043819,317726136030,0,2962410,2962410
R043820,325727309001,117500,697120,814620
R043821,325727309002,117500,697120,814620
R043824,325512033001,142000,955440,1097440
R043825,325512033002,142000,1013620,1155620
R043826,292100000034,29090,94440,123530
R043827,292100000035,270,253300,253570
R043830,325722202058,229640,853170,1082810
R043833,317726142007,289500,2012010,2301510
R043834,317726142009,289500,2012010,2301510
R043835,317726142011,289500,2027420,2316920
R043836,317726142012,289500,2012010,2301510
R043837,317726142015,289500,2012010,2301510
R043839,317726137001,134910,0,134910
R043840,317726137002,134910,0,134910
R043841,317726137003,134910,0,134910
R043842,317726137004,134910,0,134910
R043843,317726137005,134910,0,134910
R043844,317726137006,134910,0,134910
R043845,317726137007,134910,0,134910
R043846,317726137008,134910,0,134910
R043847,317726137009,134910,0,134910
R043848,317726137010,134910,0,134910
R043849,317726137011,134910,0,134910
R043850,317726137012,134910,0,134910
R043851,317726137013,134910,0,134910
R043852,317726137014,134910,0,134910
R043853,317726137015,134910,0,134910
R043854,317726137016,134910,0,134910
R043855,317726137017,134910,0,134910
R043856,317726137018,134910,0,134910
R043857,317726137019,134910,0,134910
R043863,325728120001,133650,705730,839380
R043864,325728120002,133650,705730,839380
R043865,370136376001,0,275240,275240
R043866,370136376002,0,268360,268360
R043867,370136376003,0,268360,268360
R043868,370136376004,0,268360,268360
R043869,370136376005,0,268360,268360
R043870,370136376006,0,216990,216990
R043871,370136376007,0,268360,268360
R043872,370136376008,0,268360,268360
R043873,370136376009,0,268360,268360
R043874,370136376010,0,275240,275240
R043875,299312110014,4500,0,4500
R043876,299312110012,4500,0,4500
R043877,299312110013,4500,0,4500
R043878,299312110015,4500,0,4500
R043879,317700000177,2510,0,2510
R043882,369908003002,5760,0,5760
R043883,317726136031,0,2529610,2529610
R043884,317726136032,0,2520920,2520920
R043885,317726136033,0,1915540,1915540
R043886,317726136034,0,3053110,3053110
R043887,317726136035,0,2627520,2627520
R043888,317726136036,0,2005190,2005190
R043889,317726136037,0,1825340,1825340
R043890,317726136038,0,3865080,3865080
R043891,317726136039,0,3088390,3088390
R043892,317726136040,0,2526560,2526560
R043893,317726136041,0,2025320,2025320
R043894,317726136042,0,1908820,1908820
R043895,317726136043,0,3269370,3269370
R043896,317726136044,0,3819070,3819070
R043899,378700000107,376060,0,376060
R043901,325728121001,0,948070,948070
R043902,325728121002,0,877470,877470
R043903,369908004001,426050,790370,1216420
R043904,369908004002,345540,350080,695620
R043905,369908004003,345540,832180,1177720
R043906,369908004004,4510,0,4510
R043909,325503177015,0,655340,655340
R043910,325503177016,0,643270,643270
R043911,325503177017,0,841610,841610
R043912,325503177018,0,833280,833280
R043913,325722312001,114820,805140,919960
R043914,325722312002,114820,805240,920060
R043917,370135361001,0,539100,539100
R043918,370135361002,0,528180,528180
R043919,370135361003,0,548510,548510
R043920,370135361004,0,528180,528180
R043921,370135361005,0,555980,555980
R043922,370135361006,0,390210,390210
R043923,318300000109,2620,0,2620
R043924,317726132017,289500,1490410,1779910
R043925,342731000023,4390,0,4390
R043926,317723416017,211970,3513580,3725550
R043927,325721105038,314380,1542160,1856540
R043928,325707405010,311850,0,311850
R043930,325707018001,0,156070,156070
R043931,325707018002,0,512670,512670
R043932,325707018003,0,514330,514330
R043933,325707018004,0,512470,512470
R043934,325707018005,0,283160,283160
R043935,325707018006,0,309230,309230
R043936,325707018007,0,285090,285090
R043937,325707018008,0,283160,283160
R043939,325722304060,275560,0,275560
R043940,405120002012,16830,0,16830
R043941,325707018010,0,773330,773330
R043942,325707018011,0,773330,773330
R043946,317726138001,0,183120,183120
R043947,317726138002,0,184690,184690
R043948,317726138003,0,183120,183120
R043949,317726138004,0,184690,184690
R043950,317726138005,0,166220,166220
R043951,317726138006,0,183120,183120
R043952,317726138007,0,164800,164800
R043953,317726138008,0,184690,184690
R043954,317726138009,0,166220,166220
R043955,317726138010,0,183120,183120
R043956,317726138111,0,164800,164800
R043957,317726138112,0,184690,184690
R043958,317726138013,0,166220,166220
R043959,317726138011,0,183120,183120
R043960,317726138015,0,164800,164800
R043961,317726138016,0,184690,184690
R043962,317726138017,0,311290,311290
R043963,317726138018,0,324310,324310
R043964,317726138019,0,320100,320100
R043965,317726138020,0,311990,311990
R043966,317726138021,0,192750,192750
R043967,317726138022,0,183120,183120
R043968,317726138023,0,194410,194410
R043969,317726138024,0,184690,184690
R043970,317726138025,0,192750,192750
R043971,317726138026,0,183120,183120
R043972,317726138027,0,194410,194410
R043973,317726138028,0,184690,184690
R043974,317726138029,0,192750,192750
R043975,317726138030,0,183120,183120
R043976,317726138031,0,194410,194410
R043977,317726138032,0,184690,184690
R043978,317726138033,0,192750,192750
R043979,317726138034,0,183120,183120
R043980,317726138035,0,194410,194410
R043981,317726138036,0,184690,184690
R043982,317726138037,0,192750,192750
R043983,317726138038,0,192750,192750
R043984,317726138039,0,194410,194410
R043985,317726138040,0,311290,311290
R043986,317726138041,0,324310,324310
R043987,317726138042,0,320100,320100
R043988,317726138043,0,311990,311990
R043989,317726138044,0,202390,202390
R043990,317726138045,0,183120,183120
R043991,317726138046,0,204130,204130
R043992,317726138047,0,184690,184690
R043993,317726138048,0,202390,202390
R043994,317726138049,0,183120,183120
R043995,317726138050,0,204130,204130
R043996,317726138051,0,184690,184690
R043997,317726138052,0,202390,202390
R043998,317726138053,0,183120,183120
R043999,317726138054,0,204130,204130
R044000,317726138055,0,184690,184690
R044001,317726138056,0,202390,202390
R044002,317726138057,0,183120,183120
R044003,317726138058,0,204130,204130
R044004,317726138059,0,184690,184690
R044005,317726138012,0,202390,202390
R044006,317726138061,0,192750,192750
R044007,317726138062,0,204130,204130
R044008,317726138063,0,310930,310930
R044009,317726138064,0,324310,324310
R044010,317726138065,0,320100,320100
R044011,317726138066,0,311640,311640
R044012,317726138067,0,192750,192750
R044013,317726138068,0,183120,183120
R044014,317726138069,0,194410,194410
R044015,317726138070,0,184690,184690
R044016,317726138071,0,192750,192750
R044017,317726138072,0,183120,183120
R044018,317726138073,0,194410,194410
R044019,317726138074,0,184690,184690
R044020,317726138075,0,192750,192750
R044021,317726138076,0,183120,183120
R044022,317726138077,0,194410,194410
R044023,317726138078,0,184690,184690
R044024,317726138079,0,192750,192750
R044025,317726138080,0,183120,183120
R044026,317726138081,0,194410,194410
R044027,317726138082,0,184690,184690
R044028,317726138083,0,192750,192750
R044029,317726138084,0,183120,183120
R044030,317726138085,0,194410,194410
R044031,317726138086,0,311290,311290
R044032,317726138087,0,324310,324310
R044033,317726138088,0,320100,320100
R044034,317726138089,0,311990,311990
R044035,317726138090,0,212030,212030
R044036,317726138091,0,48910,48910
R044037,317726138092,0,213850,213850
R044038,317726138093,0,184690,184690
R044039,317726138094,0,212030,212030
R044040,317726138095,0,183120,183120
R044041,317726138096,0,213850,213850
R044042,317726138097,0,184690,184690
R044043,317726138098,0,212030,212030
R044044,317726138099,0,183120,183120
R044045,317726138100,0,213850,213850
R044046,317726138101,0,184690,184690
R044047,317726138102,0,212030,212030
R044048,317726138103,0,183120,183120
R044049,317726138104,0,213850,213850
R044050,317726138105,0,184690,184690
R044051,317726138106,0,212030,212030
R044052,317726138107,0,183120,183120
R044053,317726138108,0,213850,213850
R044054,317726138109,0,311290,311290
R044055,317726138110,0,324310,324310
R044060,350300000021,2580,0,2580
R044061,378702169001,95660,319530,415190
R044062,378702169002,95660,232260,327920
R044063,378702169003,95660,287580,383240
R044064,378702169004,95660,319530,415190
R044065,378702169005,95660,319530,415190
R044066,378702169006,95660,287580,383240
R044067,378702169007,95660,287580,383240
R044068,378702169008,95660,319530,415190
R044070,370136305017,239370,516450,755820
R044072,325727245001,133650,727970,861620
R044073,325727245002,133650,727040,860690
R044074,325512034002,373900,2261660,2635560
R044075,325512034003,467380,1469180,1936560
R044076,325512034004,93600,0,93600
R044077,325512034005,65000,0,65000
R044078,325512034006,93600,0,93600
R044079,325512034007,373900,2655090,3028990
R044080,325512034008,373900,1718120,2092020
R044081,325512034009,65000,234380,299380
R044082,325512034010,373900,1980540,2354440
R044083,325512034011,63930,619640,683570
R044084,325512034012,373900,0,373900
R044085,325512034013,373900,0,373900
R044086,325512034014,467380,1485810,1953190
R044087,325512034015,65000,0,65000
R044088,325512034016,120250,1040840,1161090
R044089,325512034017,467380,0,467380
R044090,325512034018,467380,1353920,1821300
R044091,325512034019,467380,0,467380
R044092,325512034020,120250,333680,453930
R044093,325512034021,280430,0,280430
R044094,325512034022,398440,3517810,3916250
R044096,325512034024,398440,2239770,2638210
R044097,325512034025,531250,2385650,2916900
R044098,325512034026,425000,0,425000
R044099,325512034027,531250,2492940,3024190
R044102,325512034030,531250,1930550,2461800
R044103,325512034031,425000,2056970,2481970
R044104,325512034032,425000,1878110,2303110
R044105,325512034033,531250,2038480,2569730
R044106,325512034034,531250,2556760,3088010
R044107,325512034035,425000,1974290,2399290
R044108,325512034036,551430,2623310,3174740
R044109,325512034037,488800,0,488800
R044110,325512034038,488800,0,488800
R044111,325512034039,611000,0,611000
R044112,325512034040,488800,2001760,2490560
R044113,325512034041,488800,2125850,2614650
R044114,325512034042,611000,2114550,2725550
R044115,325512034043,611000,216680,827680
R044116,325512034044,611000,2054980,2665980
R044117,325512034045,611000,3503900,4114900
R044123,325512035002,448700,1321290,1769990
R044124,325512035003,448700,2058920,2507620
R044125,325512035004,381400,0,381400
R044126,325512035005,448700,2072430,2521130
R044127,325512035006,560880,1978440,2539320
R044128,325512035007,448700,2157400,2606100
R044129,325512035008,448700,0,448700
R044131,325512035010,448700,0,448700
R044132,325512035011,560880,2976550,3537430
R044133,325512035012,560880,1527520,2088400
R044134,325512035013,560880,2221650,2782530
R044135,325512035014,448700,0,448700
R044136,325512035015,448700,1699400,2148100
R044137,325512035016,560880,1871670,2432550
R044140,325503182034,0,216500,216500
R044141,325722202060,218700,113150,331850
R044142,317726132019,289500,1490370,1779870
R044143,317726132020,289500,1490410,1779910
R044145,325727246002,0,904130,904130
R044146,325727246003,0,973400,973400
R044147,325727246004,0,905070,905070
R044148,325727246005,0,858920,858920
R044149,325727246006,0,901610,901610
R044150,325727246007,0,609860,609860
R044151,325727246008,0,863030,863030
R044155,325502236021,35750,260460,296210
R044156,325502236018,22820,248240,271060
R044157,325502236019,31180,265500,296680
R044171,370124015001,189400,0,189400
R044172,370124015002,189400,0,189400
R044173,370124015003,189400,0,189400
R044174,370124015004,189400,0,189400
R044175,370124015008,189400,429340,618740
R044177,343500000070,401970,0,401970
R044178,325503184029,321750,0,321750
R044181,370136225002,157100,421870,578970
R044182,370136225003,157100,740260,897360
R044183,370136225004,157100,692550,849650
R044184,370136225005,157100,639540,796640
R044185,370136225006,157100,720430,877530
R044186,370136225007,157100,660580,817680
R044187,370136225008,157100,631620,788720
R044188,370136225009,157100,567240,724340
R044189,370136225010,157100,614520,771620
R044190,370136225011,157100,571060,728160
R044191,370136225012,157100,559420,716520
R044192,370136225013,157100,675170,832270
R044193,370136225014,157100,535200,692300
R044194,370136225015,157100,388030,545130
R044195,370136225016,157100,345530,502630
R044196,370136225017,157100,639040,796140
R044197,370136225018,157100,502380,659480
R044198,370136225019,157100,582990,740090
R044199,370136226001,157100,498520,655620
R044200,370136226002,157100,642470,799570
R044201,370136226003,157100,459590,616690
R044202,370136226004,157100,487560,644660
R044203,370136226005,157100,453880,610980
R044204,370136226006,157100,532600,689700
R044205,370136226007,157100,568370,725470
R044206,370136226008,157100,581960,739060
R044207,370136226009,157100,586990,744090
R044208,370136226010,157100,488640,645740
R044209,370136226011,157100,468540,625640
R044210,370136226012,157100,398370,555470
R044211,370136226013,157100,436070,593170
R044212,370136226014,157100,476850,633950
R044213,370136226015,157100,544580,701680
R044214,370136226016,157100,508380,665480
R044215,370136226017,157100,525830,682930
R044216,370136226018,157100,479910,637010
R044217,370136226019,157100,555130,712230
R044218,370136226020,157100,566990,724090
R044220,370136226022,157100,656030,813130
R044222,370136226024,157100,546150,703250
R044223,370136226025,157100,502290,659390
R044224,370136226026,157100,487560,644660
R044225,370136226027,157100,391640,548740
R044226,370136226028,157100,372200,529300
R044227,370136226029,157100,386890,543990
R044228,370136226030,157100,372000,529100
R044229,370136226031,157100,598150,755250
R044230,370136226032,157100,525180,682280
R044231,370136225020,157100,687050,844150
R044232,370136225021,157100,601830,758930
R044233,370136225022,157100,0,157100
R044234,370136225023,157100,642390,799490
R044236,370136225025,157100,766420,923520
R044237,370136225026,157100,689330,846430
R044238,370136225027,157100,574770,731870
R044239,370136225028,157100,647770,804870
R044240,370136225029,157100,797950,955050
R044242,370136225031,157100,694850,851950
R044266,424300001001,2320,0,2320
R044267,424300001002,2360,0,2360
R044268,424300001003,1980,0,1980
R044269,424300001004,30590,522270,552860
R044270,424300001005,1860,0,1860
R044271,424300001006,1520,0,1520
R044272,424300001007,2450,0,2450
R044273,424300001008,2300,0,2300
R044275,424300001010,70,0,70
R044277,317726139001,681940,0,681940
R044278,317726139002,340970,0,340970
R044279,317726139003,258310,0,258310
R044280,317726139004,428800,0,428800
R044281,317726139005,857590,0,857590
R044283,377900000027,2950,0,2950
R044284,404900000158,24140,1106190,1130330
R044285,398300000103,17120,0,17120
R044287,325722301034,255150,0,255150
R044288,378714006060,107900,610690,718590
R044289,325503106005,421340,3852230,4273570
R044291,370135467004,0,679290,679290
R044292,370135467005,0,690840,690840
R044293,325502228044,99860,737950,837810
R044294,325502228045,99860,800040,899900
R044295,325502228046,99860,866460,966320
R044296,325502232022,229370,1836710,2066080
R044297,325502232023,229240,1846370,2075610
R044298,378701243033,207000,497690,704690
R044299,317723430001,194500,1518160,1712660
R044300,317723430002,194500,1518160,1712660
R044301,317723430003,194500,1518160,1712660
R044304,370114008001,168720,955640,1124360
R044305,370114008002,1000,0,1000
R044306,370114008003,1830,0,1830
R044307,370114008004,174390,1051790,1226180
R044308,370114008005,169340,1027660,1197000
R044309,370114008006,169330,1591180,1760510
R044310,370114008007,174100,958250,1132350
R044311,370114008008,168900,723830,892730
R044312,370114008009,1160,0,1160
R044313,370114008010,168690,950480,1119170
R044314,370114008011,6000,0,6000
R044317,369919001015,195500,0,195500
R044318,325728000046,6550,0,6550
R044319,325303011006,46410,171790,218200
R044320,398700000041,5870,0,5870
R044321,370136223001,50000,180730,230730
R044322,370136223002,50000,194260,244260
R044323,370136223003,287890,0,287890
R044325,370136305019,139900,434000,573900
R044334,405100000089,5430,0,5430
R044335,405100000090,400,0,400
R044338,317700004003,910,0,910
R044343,325721412001,151880,633080,784960
R044344,325721412002,121500,633080,754580
R044345,317726458001,0,372370,372370
R044346,317726458002,0,678780,678780
R044347,317726458003,0,712720,712720
R044348,317726458004,0,818120,818120
R044349,317726459001,0,601080,601080
R044350,317726459002,0,1189180,1189180
R044351,317726459003,0,1189180,1189180
R044352,317726459004,0,510920,510920
R044354,317726400055,616080,0,616080
R044355,317726441024,242180,966080,1208260
R044356,317726441025,305080,855440,1160520
R044357,378702112003,165990,231220,397210
R044358,370113000031,9100,0,9100
R044359,325728000047,1790,0,1790
R044360,325503106007,2895750,0,2895750
R044361,398500000075,8140,0,8140
R044362,398500000073,5040,0,5040
R044364,369110214009,1350,0,1350
R044365,325503154033,59270,979230,1038500
R044366,325722202062,195190,0,195190
R044367,352500000180,7710,0,7710
R044368,325721104036,218700,997880,1216580
R044369,405107004007,24000,0,24000
R044370,405107004008,48960,0,48960
R044371,318300003002,109730,0,109730
R044372,370136224001,215970,9360,225330
R044377,325721413001,121500,652230,773730
R044378,325721413002,121500,646560,768060
R044384,378703411001,203000,0,203000
R044385,378702243001,190900,351360,542260
R044386,378702243002,190900,592320,783220
R044387,378702243003,190900,472640,663540
R044388,378702243004,190900,0,190900
R044389,378702243005,190900,446020,636920
R044390,378702243006,190900,382240,573140
R044391,378702243007,190900,832070,1022970
R044392,378702243008,190900,0,190900
R044393,378702243009,190900,387710,578610
R044394,378702243010,190900,448790,639690
R044395,378702243011,190900,446020,636920
R044396,378702243012,190900,361330,552230
R044397,378702243013,219540,544960,764500
R044398,378702243014,219540,412380,631920
R044399,378702243015,190900,582010,772910
R044404,378702243020,190900,392880,583780
R044405,378702243021,190900,418660,609560
R044406,378702243022,190900,420330,611230
R044407,378702243023,190900,436460,627360
R044408,378702243024,190900,647290,838190
R044409,378702243025,190900,866810,1057710
R044417,378702242006,190900,813140,1004040
R044418,378702242007,190900,403650,594550
R044419,378702242008,190900,536320,727220
R044420,378702242009,190900,455610,646510
R044422,325512036001,0,295540,295540
R044423,325512036002,0,285280,285280
R044424,325512036003,0,252090,252090
R044425,325512036004,0,174360,174360
R044426,325512036005,0,342280,342280
R044427,325512036006,0,233230,233230
R044428,351535003002,770,0,770
R044430,317700005001,1970,0,1970
R044431,317700005002,1970,0,1970
R044432,317700005003,1970,0,1970
R044433,317700005004,1970,0,1970
R044434,317700005005,830,0,830
R044435,317700005006,1970,0,1970
R044436,317700005007,2280,0,2280
R044438,378702172001,78070,353550,431620
R044439,378702172002,102710,407230,509940
R044440,378702172003,106220,438700,544920
R044441,378702172004,107240,410030,517270
R044442,378702172005,103380,409730,513110
R044447,317726143001,0,221340,221340
R044448,317726143002,0,563960,563960
R044449,317726143003,0,56910,56910
R044450,317726143004,0,45350,45350
R044451,317726143005,0,461580,461580
R044452,317726143006,0,23270,23270
R044453,317726143007,0,32410,32410
R044454,317726143008,0,22640,22640
R044455,317726143009,0,6830,6830
R044456,317726143010,0,218850,218850
R044457,317726144001,0,305220,305220
R044458,317726144002,0,309900,309900
R044459,317726144003,0,424770,424770
R044460,317726144004,0,494570,494570
R044461,317726144005,0,245480,245480
R044462,317726144006,0,469370,469370
R044463,317726144007,0,539780,539780
R044464,317726144008,0,621250,621250
R044465,317726144009,0,203790,203790
R044466,317726143022,0,15030,15030
R044467,317726143023,0,17630,17630
R044468,317726144024,0,40270,40270
R044469,317726144025,0,15650,15650
R044470,317726144026,0,15960,15960
R044471,317726143032,0,13610,13610
R044472,317726143033,0,16570,16570
R044473,317726144042,0,40270,40270
R044474,317726144043,0,15650,15650
R044475,317726144044,0,19410,19410
R044476,317726143041,0,13610,13610
R044477,317726143042,0,11810,11810
R044478,317726144060,0,40270,40270
R044479,317726144061,0,15650,15650
R044480,317726144062,0,17330,17330
R044481,317726143046,0,16570,16570
R044482,317726144078,0,40270,40270
R044483,317726144079,0,15650,15650
R044484,317726144080,0,16570,16570
R044485,317726144090,0,56820,56820
R044486,317726144091,0,46030,46030
R044487,317726144092,0,2940,2940
R044488,317726144093,0,33020,33020
R044489,317726144094,0,25890,25890
R044490,317726144095,0,39410,39410
R044491,317726144096,0,21150,21150
R044492,317726143011,0,3903010,3903010
R044493,317726143012,0,1157650,1157650
R044494,317726143013,0,1073740,1073740
R044495,317726143014,0,916630,916630
R044496,317726143015,0,151770,151770
R044497,317726143016,0,373840,373840
R044498,317726143017,0,833940,833940
R044499,317726143018,0,1565720,1565720
R044500,317726143019,0,820130,820130
R044501,317726143020,0,184980,184980
R044502,317726144010,0,525570,525570
R044503,317726144011,0,1525760,1525760
R044504,317726144012,0,1099650,1099650
R044505,317726144013,0,1089590,1089590
R044506,317726144014,0,768930,768930
R044507,317726144015,0,765860,765860
R044508,317726144016,0,544890,544890
R044509,317726144017,0,1096060,1096060
R044510,317726144018,0,432930,432930
R044511,317726144019,0,1179480,1179480
R044512,317726144020,0,1613260,1613260
R044513,317726144021,0,845960,845960
R044514,317726144022,0,1233330,1233330
R044515,317726144023,0,1557980,1557980
R044516,317726143024,0,1157650,1157650
R044517,317726143025,0,1073740,1073740
R044518,317726143026,0,918990,918990
R044519,317726143027,0,413180,413180
R044520,317726143028,0,813290,813290
R044521,317726143029,0,833940,833940
R044522,317726143030,0,1565720,1565720
R044523,317726143031,0,1231090,1231090
R044524,317726144027,0,1525050,1525050
R044525,317726144028,0,523910,523910
R044526,317726144029,0,1089590,1089590
R044527,317726144030,0,1099650,1099650
R044528,317726144031,0,763550,763550
R044529,317726144032,0,770470,770470
R044530,317726144033,0,1099650,1099650
R044531,317726144034,0,1201490,1201490
R044532,317726144035,0,801100,801100
R044533,317726144036,0,412310,412310
R044534,317726144037,0,1084550,1084550
R044535,317726144038,0,1662650,1662650
R044536,317726144039,0,805680,805680
R044537,317726144040,0,1245230,1245230
R044538,317726144041,0,1557980,1557980
R044539,317726143034,0,1157650,1157650
R044540,317726143035,0,1073740,1073740
R044541,317726143036,0,414040,414040
R044542,317726143037,0,806440,806440
R044543,317726143038,0,833940,833940
R044544,317726143039,0,1706500,1706500
R044545,317726143040,0,1231090,1231090
R044546,317726144045,0,523910,523910
R044547,317726144046,0,1525050,1525050
R044548,317726144047,0,1099650,1099650
R044549,317726144048,0,1089590,1089590
R044550,317726144049,0,770470,770470
R044551,317726144050,0,763550,763550
R044552,317726144051,0,1200790,1200790
R044553,317726144052,0,1099650,1099650
R044554,317726144053,0,412310,412310
R044555,317726144054,0,801100,801100
R044556,317726144055,0,1559310,1559310
R044557,317726144056,0,1084550,1084550
R044558,317726144057,0,1245230,1245230
R044559,317726144058,0,805680,805680
R044560,317726144059,0,1557980,1557980
R044561,317726143043,0,1980630,1980630
R044562,317726143044,0,1587170,1587170
R044563,317726143045,0,2085210,2085210
R044564,317726144063,0,783090,783090
R044565,317726144064,0,1580500,1580500
R044566,317726144065,0,1044670,1044670
R044567,317726144066,0,1126230,1126230
R044568,317726144067,0,731950,731950
R044569,317726144068,0,725370,725370
R044570,317726144069,0,1140750,1140750
R044571,317726144070,0,1044670,1044670
R044572,317726144071,0,391690,391690
R044573,317726144072,0,761050,761050
R044574,317726144073,0,1616010,1616010
R044575,317726144074,0,1123990,1123990
R044576,317726144075,0,730820,730820
R044577,317726144076,0,834970,834970
R044578,317726144077,0,1614630,1614630
R044579,317726144081,0,2345580,2345580
R044580,317726144082,0,871810,871810
R044581,317726144083,0,981880,981880
R044582,317726144084,0,1160940,1160940
R044583,317726144085,0,1922190,1922190
R044584,317726144086,0,1228260,1228260
R044585,317726144087,0,1231570,1231570
R044586,317726144088,0,1272760,1272760
R044587,317726144089,0,638080,638080
R044588,317726143047,0,2413420,2413420
R044589,405108002022,15300,0,15300
R044590,325503183038,0,265830,265830
R044591,325503183040,0,209110,209110
R044592,325503183041,0,184850,184850
R044593,325503183042,0,194090,194090
R044594,325503183043,0,232690,232690
R044595,325503183044,0,188560,188560
R044596,370136377001,0,534560,534560
R044597,370136377002,0,560160,560160
R044598,317726462001,0,1640540,1640540
R044599,317726462002,0,1298740,1298740
R044603,378703412001,81750,425280,507030
R044604,378703412002,81750,359270,441020
R044606,370136231001,133500,316630,450130
R044607,370136231002,133500,284960,418460
R044608,370136231003,133500,284960,418460
R044609,370136231004,133500,359780,493280
R044610,370136231005,133500,359780,493280
R044611,370136231006,133500,316630,450130
R044615,325512037001,0,669250,669250
R044616,325512037002,0,357790,357790
R044617,325512037003,0,357790,357790
R044618,325512037004,0,585880,585880
R044619,370135362001,0,281320,281320
R044620,370135362002,0,281320,281320
R044621,370135362003,0,281320,281320
R044622,370135362004,0,281320,281320
R044623,325722203024,229640,857200,1086840
R044624,431300000031,27900,0,27900
R044625,325722203023,229640,828220,1057860
R044626,396900000000,1110,0,1110
R044629,8,260,0,260
R044637,8,10,0,10
R044639,8,300,0,300
R044640,8,1230,0,1230
R044643,8,160,0,160
R044646,8,100,0,100
R044651,8,1190,0,1190
R044652,8,470,0,470
R044660,317726142006,289500,2027420,2316920
R044661,317726142008,289500,2027420,2316920
R044662,317726142010,289500,2012010,2301510
R044663,317726142013,289500,2027420,2316920
R044666,317726142014,289500,2027420,2316920
R044669,317723101054,397310,2071450,2468760
R044671,405107004010,30600,0,30600
R044672,325503101009,1447880,0,1447880
R044675,351500000046,63170,2818380,2881550
R044677,325721401017,390380,0,390380
R044678,317726461001,0,2067850,2067850
R044679,317726461002,0,1969380,1969380
R044680,317726461003,0,1969380,1969380
R044681,317726461004,0,2067850,2067850
R044682,370113013002,178490,1230270,1408760
R044684,370135363001,0,400750,400750
R044685,370135363002,0,609420,609420
R044686,370135363003,0,645500,645500
R044687,370135363004,0,482190,482190
R044688,370135363005,0,605720,605720
R044691,317726463006,27350,0,27350
R044692,317726463008,33300,0,33300
R044693,317726463010,13080,0,13080
R044694,317726463012,10700,0,10700
R044695,317726463005,1010810,0,1010810
R044696,326300002001,6860,0,6860
R044698,317726145001,0,646880,646880
R044699,317726145002,0,650470,650470
R044701,317726145004,0,1021320,1021320
R044702,317726145005,0,279220,279220
R044703,317726145006,0,1936220,1936220
R044704,317726145007,0,568630,568630
R044705,317726145008,0,501480,501480
R044706,317726145009,0,1193210,1193210
R044707,317726145010,0,583640,583640
R044708,317726145011,0,497850,497850
R044709,317726145012,0,1078940,1078940
R044710,317726145013,0,2562570,2562570
R044711,317726145014,0,1504330,1504330
R044712,317726145015,0,165920,165920
R044713,317726145016,0,309930,309930
R044714,317726145017,0,542010,542010
R044715,317726145018,0,1642520,1642520
R044716,317726145019,0,205880,205880
R044717,317726100122,0,1157000,1157000
R044718,317726145020,0,110250,110250
R044719,317726145021,0,115500,115500
R044720,317726145022,0,123350,123350
R044721,317726145023,0,123350,123350
R044722,317726145024,0,75320,75320
R044723,317726145025,0,75320,75320
R044724,317726145026,0,75320,75320
R044725,317726145027,0,75320,75320
R044726,317726145028,0,75320,75320
R044727,317726145029,0,75320,75320
R044728,317726145030,0,75320,75320
R044729,317726145031,0,75320,75320
R044730,317726145032,0,75320,75320
R044731,317726145033,0,75320,75320
R044732,317726145034,0,75320,75320
R044733,317726145035,0,129380,129380
R044734,317726145036,0,75320,75320
R044735,317726145037,0,75320,75320
R044736,317726145038,0,115500,115500
R044737,317726145039,0,115500,115500
R044738,317726145040,0,123350,123350
R044739,317726145041,0,123350,123350
R044740,317726145042,0,75320,75320
R044741,317726145043,0,75320,75320
R044742,317726145044,0,75320,75320
R044743,317726145045,0,75320,75320
R044744,317726145046,0,75320,75320
R044745,317726145047,0,75320,75320
R044746,317726145048,0,75320,75320
R044747,317726145049,0,75320,75320
R044748,317726145050,0,75320,75320
R044749,317726145051,0,75320,75320
R044750,317726145052,0,75320,75320
R044751,317726145053,0,129380,129380
R044752,317726145054,0,75320,75320
R044753,317726145055,0,75320,75320
R044754,317726145056,0,75320,75320
R044755,317726145057,0,75320,75320
R044756,317726145058,0,75320,75320
R044757,317726145059,0,75320,75320
R044758,317726145060,0,75320,75320
R044759,317726145061,0,75320,75320
R044760,317726145062,0,75320,75320
R044761,317726145063,0,123350,123350
R044762,317726145064,0,123350,123350
R044763,317726145065,0,115500,115500
R044764,317726145066,0,115500,115500
R044765,317726145067,0,115500,115500
R044766,317726145068,0,115500,115500
R044767,317726145069,0,123350,123350
R044768,317726145070,0,123350,123350
R044769,317726145071,0,75320,75320
R044770,317726145072,0,75320,75320
R044771,317726145073,0,75320,75320
R044772,317726145074,0,75320,75320
R044773,317726145075,0,75320,75320
R044774,317726145076,0,75320,75320
R044775,317726145077,0,75320,75320
R044776,317726145078,0,75320,75320
R044777,317726145079,0,75320,75320
R044778,317726145080,0,75320,75320
R044779,317726145081,0,75320,75320
R044780,317726145082,0,129380,129380
R044781,317726145083,0,75320,75320
R044782,317726145084,0,75320,75320
R044783,317726145085,0,75320,75320
R044784,317726145086,0,70410,70410
R044785,317726145087,0,75320,75320
R044786,317726145088,0,75320,75320
R044787,317726145089,0,75320,75320
R044788,317726145090,0,75320,75320
R044789,317726145091,0,75320,75320
R044790,317726145092,0,75320,75320
R044791,317726145093,0,75320,75320
R044792,317726145094,0,70410,70410
R044793,317726145095,0,75320,75320
R044794,317726145096,0,124020,124020
R044795,317726145097,0,82350,82350
R044796,317726145098,0,70410,70410
R044797,317726145099,0,75320,75320
R044798,317726145100,0,75320,75320
R044799,317726145101,0,75320,75320
R044800,317726145102,0,75320,75320
R044801,317726145103,0,75320,75320
R044802,317726145104,0,75320,75320
R044803,317726145105,0,75320,75320
R044804,317726145106,0,70410,70410
R044805,317726145107,0,134030,134030
R044806,317726145108,0,119980,119980
R044807,317726145109,0,75320,75320
R044808,317726145110,0,75320,75320
R044809,317726145111,0,75320,75320
R044810,317726145112,0,75320,75320
R044811,317726145113,0,75320,75320
R044812,317726145114,0,75320,75320
R044813,317726145115,0,75320,75320
R044814,317726145116,0,75320,75320
R044815,317726145117,0,75320,75320
R044816,317726145118,0,75320,75320
R044817,317726145119,0,75320,75320
R044818,317726145120,0,75320,75320
R044819,317726145121,0,75320,75320
R044820,317726145122,0,123350,123350
R044821,317726145123,0,123350,123350
R044822,317726145124,0,115500,115500
R044823,317726145125,0,115500,115500
R044824,317726145126,0,115500,115500
R044825,317726145127,0,115500,115500
R044826,317726145128,0,123350,123350
R044827,317726145129,0,123350,123350
R044828,317726145130,0,75320,75320
R044829,317726145131,0,75320,75320
R044830,317726145132,0,75320,75320
R044831,317726145133,0,75320,75320
R044832,317726145134,0,75320,75320
R044833,317726145135,0,75320,75320
R044834,317726145136,0,75320,75320
R044835,317726145137,0,75320,75320
R044836,317726145138,0,75320,75320
R044837,317726145139,0,75320,75320
R044838,317726145140,0,75320,75320
R044839,317726145141,0,129380,129380
R044840,317726145142,0,75320,75320
R044841,317726145143,0,75320,75320
R044842,317726145144,0,75320,75320
R044843,317726145145,0,70410,70410
R044844,317726145146,0,75320,75320
R044845,317726145147,0,75320,75320
R044846,317726145148,0,75320,75320
R044847,317726145149,0,75320,75320
R044848,317726145150,0,75320,75320
R044849,317726145151,0,75320,75320
R044850,317726145152,0,75320,75320
R044851,317726145153,0,70410,70410
R044852,317726145154,0,75320,75320
R044853,317726145155,0,124020,124020
R044854,317726145156,0,82350,82350
R044855,317726145157,0,70410,70410
R044856,317726145158,0,75320,75320
R044857,317726145159,0,75320,75320
R044858,317726145160,0,75320,75320
R044859,317726145161,0,75320,75320
R044860,317726145162,0,75320,75320
R044861,317726145163,0,75320,75320
R044862,317726145164,0,75320,75320
R044863,317726145165,0,70410,70410
R044864,317726145166,0,134030,134030
R044865,317726145167,0,119980,119980
R044866,317726145168,0,75320,75320
R044867,317726145169,0,75320,75320
R044868,317726145170,0,75320,75320
R044869,317726145171,0,75320,75320
R044870,317726145172,0,75320,75320
R044871,317726145173,0,75320,75320
R044872,317726145174,0,75320,75320
R044873,317726145175,0,75320,75320
R044874,317726145176,0,75320,75320
R044875,317726145177,0,75320,75320
R044876,317726145178,0,75320,75320
R044877,317726145179,0,75320,75320
R044878,317726145180,0,75320,75320
R044879,317726145181,0,123350,123350
R044880,317726145182,0,123350,123350
R044881,317726145183,0,115500,115500
R044882,317726145184,0,115500,115500
R044883,317726145185,0,115500,115500
R044884,317726145186,0,115500,115500
R044885,317726145187,0,123350,123350
R044886,317726145188,0,123350,123350
R044887,317726145189,0,75320,75320
R044888,317726145190,0,75320,75320
R044889,317726145191,0,75320,75320
R044890,317726145192,0,75320,75320
R044891,317726145193,0,75320,75320
R044892,317726145194,0,75320,75320
R044893,317726145195,0,75320,75320
R044894,317726145196,0,75320,75320
R044895,317726145197,0,75320,75320
R044896,317726145198,0,75320,75320
R044897,317726145199,0,75320,75320
R044898,317726145200,0,129380,129380
R044899,317726145201,0,75320,75320
R044900,317726145202,0,75320,75320
R044901,317726145203,0,75320,75320
R044902,317726145204,0,70410,70410
R044903,317726145205,0,75320,75320
R044904,317726145206,0,75320,75320
R044905,317726145207,0,75320,75320
R044906,317726145208,0,75320,75320
R044907,317726145209,0,75320,75320
R044908,317726145210,0,75320,75320
R044909,317726145211,0,75320,75320
R044910,317726145212,0,70410,70410
R044911,317726145213,0,75320,75320
R044912,317726145214,0,124020,124020
R044913,317726145215,0,82350,82350
R044914,317726145216,0,70410,70410
R044915,317726145217,0,75320,75320
R044916,317726145218,0,75320,75320
R044917,317726145219,0,75320,75320
R044918,317726145220,0,75320,75320
R044919,317726145221,0,75320,75320
R044920,317726145222,0,75320,75320
R044921,317726145223,0,75320,75320
R044922,317726145224,0,70410,70410
R044923,317726145225,0,134030,134030
R044924,317726145226,0,119980,119980
R044925,317726145227,0,75320,75320
R044926,317726145228,0,75320,75320
R044927,317726145229,0,75320,75320
R044928,317726145230,0,75320,75320
R044929,317726145231,0,75320,75320
R044930,317726145232,0,75320,75320
R044931,317726145233,0,75320,75320
R044932,317726145234,0,75320,75320
R044933,317726145235,0,75320,75320
R044934,317726145236,0,75320,75320
R044935,317726145237,0,75320,75320
R044936,317726145238,0,75320,75320
R044937,317726145239,0,75320,75320
R044938,317726145240,0,123350,123350
R044939,317726145241,0,123350,123350
R044940,317726145242,0,228490,228490
R044941,317726145243,0,75320,75320
R044942,317726145244,0,75320,75320
R044943,317726145245,0,75320,75320
R044944,317726145246,0,70410,70410
R044945,317726145247,0,75320,75320
R044946,317726145248,0,75320,75320
R044947,317726145249,0,75320,75320
R044948,317726145250,0,75320,75320
R044949,317726145251,0,75320,75320
R044950,317726145252,0,75320,75320
R044951,317726145253,0,75320,75320
R044952,317726145254,0,70410,70410
R044953,317726145255,0,75320,75320
R044954,317726145256,0,124020,124020
R044955,317726145257,0,82350,82350
R044956,317726145258,0,70410,70410
R044957,317726145259,0,75320,75320
R044958,317726145260,0,75320,75320
R044959,317726145261,0,75320,75320
R044960,317726145262,0,75320,75320
R044961,317726145263,0,75320,75320
R044962,317726145264,0,75320,75320
R044963,317726145265,0,75320,75320
R044964,317726145266,0,70410,70410
R044965,317726145267,0,134030,134030
R044966,317726145268,0,119980,119980
R044967,317726145269,0,75320,75320
R044968,317726145270,0,109140,109140
R044969,317726145271,0,75320,75320
R044970,317726145272,0,75320,75320
R044971,317726145273,0,109140,109140
R044972,317726145274,0,75320,75320
R044973,317726145275,0,75320,75320
R044974,317726145276,0,75320,75320
R044975,317726145277,0,75320,75320
R044976,317726145278,0,75320,75320
R044977,317726145279,0,75320,75320
R044978,317726145280,0,75320,75320
R044979,317726145281,0,75320,75320
R044980,325700008001,8020,0,8020
R044981,325700008002,6710,0,6710
R044982,325700008003,5800,0,5800
R044983,325700008004,3690,0,3690
R044984,325700008005,6610,0,6610
R044985,325700008006,4590,0,4590
R044986,325700008007,6900,0,6900
R044987,396900000053,54920,318030,372950
R044988,369100000047,1230,0,1230
R044994,369109143014,39000,0,39000
R044995,325722202063,229640,0,229640
R044997,405118003037,30600,0,30600
R044998,405118004023,16830,642480,659310
R044999,405130006034,24000,0,24000
R045000,352500000182,38570,0,38570
R045001,318300000110,71520,1350270,1421790
R045002,325502263034,185010,1250680,1435690
R045003,325502263035,123360,1323200,1446560
R045004,325722313001,114820,785090,899910
R045005,325722313002,114820,850100,964920
R045006,369301000015,24220,0,24220
R045007,351722011002,200000,0,200000
R045009,325502282001,30100,246480,276580
R045010,325502282002,30270,209580,239850
R045011,325500011001,324270,2225030,2549300
R045012,325500011002,490,0,490
R045013,325500011003,324270,4114770,4439040
R045014,325500011004,490,0,490
R045016,325500011006,1100,0,1100
R045017,325500011007,490,0,490
R045018,325500011008,1240,0,1240
R045019,325500011009,389030,2519130,2908160
R045020,325500011010,1230,0,1230
R045021,325500011011,1230,0,1230
R045022,325500011012,324360,4266490,4590850
R045023,325500011013,243320,3619560,3862880
R045024,325500011014,292010,3708280,4000290
R045025,325500011015,490,0,490
R045026,325500011016,490,0,490
R045027,325500011017,490,0,490
R045028,325500011018,490,0,490
R045029,325500011019,490,0,490
R045030,325500011020,1270,0,1270
R045031,325500011021,500,0,500
R045032,398700000045,1900,0,1900
R045034,343100002001,1660700,4299310,5960010
R045035,343100002002,1660700,4711670,6372370
R045039,370100000203,2160,473380,475540
R045040,370135301011,300,0,300
R045041,370135301012,520,0,520
R045042,404900000157,5000,0,5000
R045043,370113014001,155400,611180,766580
R045044,370113014002,155400,0,155400
R045045,370113014003,155400,865670,1021070
R045046,370113014004,132090,713470,845560
R045047,370113014005,132090,0,132090
R045048,370113014006,132090,55900,187990
R045049,370113014007,132090,547020,679110
R045050,370113014008,132090,554820,686910
R045051,370113014009,132090,565000,697090
R045052,370113014010,155400,584360,739760
R045053,370113014011,155400,477130,632530
R045054,370113014012,155400,1029620,1185020
R045055,370113014013,155400,693470,848870
R045056,370113014014,155400,0,155400
R045059,370113015001,151900,708690,860590
R045060,370113015002,151900,618560,770460
R045061,370113015003,151900,683160,835060
R045062,370113015004,151900,612110,764010
R045063,370113015005,151900,477670,629570
R045065,291726148001,65450,0,65450
R045068,370136232002,410790,0,410790
R045069,370136233005,781440,0,781440
R045070,370136233002,399330,959050,1358380
R045071,370136233003,328560,0,328560
R045074,325721104038,218700,0,218700
R045076,378702112006,165990,577010,743000
R045081,405117002088,15300,0,15300
R045082,398500000061,3930,0,3930
R045083,398500000062,3910,0,3910
R045085,325512038002,0,484830,484830
R045087,325503136026,0,1940170,1940170
R045088,325503136027,0,24260,24260
R045089,325503136028,0,406100,406100
R045090,325503136029,0,373940,373940
R045092,325721102021,229640,949250,1178890
R045093,325727200014,570,0,570
R045094,378702118009,154400,389040,543440
R045095,378702139011,154400,78420,232820
R045119,8,220,0,220
R045120,8,2870,0,2870
R045121,8,102990,0,102990
R045123,8,1510,0,1510
R045124,8,450,0,450
R045126,8,1760,0,1760
R045130,8,110,0,110
R045135,8,1320,0,1320
R045137,8,40,0,40
R045142,8,640,0,640
R045144,8,700,0,700
R045145,8,40,0,40
R045146,8,30,0,30
R045150,8,30,0,30
R045153,8,440,0,440
R045157,8,90,0,90
R045158,8,80,0,80
R045160,8,560,0,560
R045167,325512039001,142000,1282890,1424890
R045168,325512039002,142000,1318240,1460240
R045169,325727247001,66830,664270,731100
R045170,325727247002,66830,589270,656100
R045171,325727247003,66830,589390,656220
R045172,325727247004,66830,664270,731100
R045173,325721107001,121500,679760,801260
R045174,325721107002,121500,679760,801260
R045176,317726301034,229200,1929260,2158460
R045177,317723101056,426740,1731560,2158300
R045178,351722002012,97760,673950,771710
R045179,318300003003,106480,0,106480
R045181,396900000055,3050,0,3050
R045182,378903002017,231290,310770,542060
R045185,397300000063,13310,408490,421800
R045186,370124015007,12000,0,12000
R045187,405100000095,12130,0,12130
R045188,369109135006,89510,134280,223790
R045189,405120003039,15300,8490,23790
R045190,317726146001,0,952370,952370
R045191,317726146002,0,920380,920380
R045192,317726146003,0,947260,947260
R045193,317726146004,0,952370,952370
R045194,317726146005,0,947260,947260
R045195,317726146006,0,1071420,1071420
R045196,317726146007,0,1078910,1078910
R045197,317726146008,0,1065670,1065670
R045198,325503112011,0,397100,397100
R045199,325503112012,0,162260,162260
R045200,325503112013,0,147060,147060
R045202,317726463007,30920,0,30920
R045203,317726463009,33300,0,33300
R045204,379500000030,78850,2795850,2874700
R045205,317726463011,13080,0,13080
R045206,317726463013,11890,0,11890
R045207,405300000120,38350,0,38350
R045209,369313000018,13120,0,13120
R045210,369313000017,21410,0,21410
R045212,317726301035,305600,4107850,4413450
R045213,370136008001,0,490110,490110
R045214,370136008002,0,252870,252870
R045215,370136008003,0,248560,248560
R045216,325512041001,142000,1276030,1418030
R045217,325512041002,142000,1305810,1447810
R045218,325727248001,121500,896190,1017690
R045219,325727248002,121500,769700,891200
R045220,325512040001,0,256450,256450
R045221,325512040002,0,221770,221770
R045222,325512040003,0,256450,256450
R045223,325512040004,0,433820,433820
R045224,325512040005,0,433700,433700
R045225,325512040006,0,495960,495960
R045227,398500001002,83740,0,83740
R045229,325503106009,421340,2001230,2422570
R045230,369110219007,147600,0,147600
R045231,369110219004,19610,0,19610
R045235,379300000075,6310,0,6310
R045236,325722202067,229640,0,229640
R045237,325503156012,321750,0,321750
R045239,342707411006,14180,0,14180
R045240,342707411007,21260,74800,96060
R045242,378710034002,310000,1073180,1383180
R045243,378710034003,310000,644770,954770
R045244,378710034004,209450,0,209450
R045245,378710034005,310000,614320,924320
R045246,378710034006,209450,0,209450
R045247,378710034007,310000,744220,1054220
R045248,378710034008,310000,1402870,1712870
R045249,378710034009,310000,1292670,1602670
R045250,378710034010,209450,0,209450
R045252,378710034012,287150,0,287150
R045253,378710034013,287150,0,287150
R045254,378710034014,287150,0,287150
R045255,378710034015,287150,0,287150
R045256,378710034016,287150,0,287150
R045260,378710035002,209450,0,209450
R045261,378710035003,310000,1204280,1514280
R045262,378710035004,209450,0,209450
R045263,378710035005,310000,1026120,1336120
R045264,378710035006,310000,1277610,1587610
R045265,378710035007,209450,0,209450
R045268,378702112008,191740,721840,913580
R045269,351722013001,0,161310,161310
R045270,351722013002,0,160390,160390
R045271,351722013003,0,159700,159700
R045272,351722013004,0,277000,277000
R045273,351722013005,0,192820,192820
R045274,351722013006,0,193280,193280
R045275,351722013007,0,330360,330360
R045276,351722013008,0,160390,160390
R045277,351722014001,0,152960,152960
R045278,351722014002,0,152960,152960
R045279,351722014003,0,152960,152960
R045280,351722014004,0,152960,152960
R045281,351722014005,0,152960,152960
R045282,351722014006,0,152960,152960
R045283,351722014007,0,152960,152960
R045284,351722014008,0,152960,152960
R045286,351722015001,0,162690,162690
R045287,351722015002,0,162690,162690
R045288,351722015003,0,162690,162690
R045289,351722015004,0,162690,162690
R045290,351722015005,0,162690,162690
R045291,351722015006,0,162690,162690
R045293,351722016001,0,197220,197220
R045294,351722016002,0,197220,197220
R045295,351722016003,0,197220,197220
R045296,351722016004,0,197220,197220
R045297,351722016005,0,197220,197220
R045298,351722016006,0,197220,197220
R045299,351722016007,0,197220,197220
R045300,351722016008,0,230110,230110
R045301,351722016009,0,197220,197220
R045302,351722016010,0,197220,197220
R045303,351722016011,0,197220,197220
R045306,351722000051,118500,155000,273500
R045322,325512042001,232600,2661970,2894570
R045323,325512042002,302380,2661000,2963380
R045324,291707200020,58510,0,58510
R045325,343118001005,191790,0,191790
R045326,424300000042,11710,111140,122850
R045327,343900000034,280,0,280
R045328,343900000036,280,0,280
R045329,378702112009,165990,456130,622120
R045330,378702112010,165990,391830,557820
R045331,291527000025,23020,0,23020
R045332,272500000000,990,0,990
R045333,272500000000,810,0,810
R045334,317713304001,19500,176140,195640
R045335,317713304029,19500,693690,713190
R045336,317713304002,19500,282380,301880
R045337,317713304003,19500,366450,385950
R045338,317713304004,19500,127400,146900
R045339,317713304005,19500,208470,227970
R045340,317713304006,19500,268580,288080
R045343,317713304031,19500,654520,674020
R045344,317713304032,19500,581800,601300
R045345,317713304035,19500,654520,674020
R045346,317713304036,19500,581800,601300
R045349,317713305025,19500,631320,650820
R045350,317713305024,19500,631320,650820
R045351,317713305023,19500,631320,650820
R045352,317713305022,19500,561180,580680
R045353,317713305021,19500,631320,650820
R045354,317713305014,19500,223400,242900
R045355,317713305015,19500,240960,260460
R045356,317713304021,24700,0,24700
R045357,317713304030,19500,693690,713190
R045358,317713304033,19500,581800,601300
R045359,317713304034,19500,654520,674020
R045360,317713304037,19500,581800,601300
R045361,317713304038,19500,654520,674020
R045362,317713305028,19500,631320,650820
R045363,317713305027,19500,561180,580680
R045364,317713305026,19500,631320,650820
R045368,317713305012,19500,256660,276160
R045369,317713305013,19500,327900,347400
R045370,317713304022,19500,160500,180000
R045371,317713304023,19500,174900,194400
R045377,317713300009,64880,0,64880
R045378,370136378001,0,114730,114730
R045379,370136378002,0,57730,57730
R045380,370136378003,0,59430,59430
R045381,370136378004,0,132560,132560
R045382,378702114005,0,24030,24030
R045383,291726103009,14000,0,14000
R045385,370100004008,13890,0,13890
R045387,370100007002,168150,346720,514870
R045389,379300000077,560,0,560
R045390,325501000013,2420,0,2420
R045399,8,100,0,100
R045402,8,60,0,60
R045408,343322300018,147710,0,147710
R045409,343328103002,77030,0,77030
R045410,343328103001,118500,445540,564040
R045412,325721403033,218700,1337070,1555770
R045413,272500000026,40,0,40
R045415,8,440,0,440
R045420,8,10,0,10
R045421,8,10,0,10
R045423,8,60,0,60
R045426,8,520,0,520
R045427,291727209007,20000,0,20000
R045428,378708000030,368540,377870,746410
R045430,317735001035,532350,0,532350
R045431,317735001036,532350,3838370,4370720
R045432,352500000183,66810,0,66810
R045433,352500000000,120,0,120
R045434,318300000111,2590,0,2590
R045436,370111001035,155200,767470,922670
R045441,378702173002,97220,325200,422420
R045442,378702173001,112760,401820,514580
R045444,378702135007,165990,718760,884750
R045446,351733404001,113310,639470,752780
R045447,351733404002,113310,519030,632340
R045448,351733404003,113640,381680,495320
R045450,351733403002,315200,0,315200
R045451,369525203009,26500,611890,638390
R045456,368934001093,13940,0,13940
R045457,369110219009,4250,0,4250
R045458,369110219011,57470,429180,486650
R045459,370136224008,432720,749900,1182620
R045460,291727100030,71540,0,71540
R045461,370135402006,150540,255000,405540
R045463,325503106011,412440,2778060,3190500
R045464,352532000000,120,0,120
R045466,370136000050,4010,0,4010
R045467,351722018007,0,386410,386410
R045468,351722018008,0,650750,650750
R045469,351722018006,0,323620,323620
R045470,351722018005,0,318330,318330
R045471,351722018004,0,318330,318330
R045472,351722018003,0,318330,318330
R045473,351722018002,0,318330,318330
R045474,351722018001,0,406420,406420
R045475,351722020001,470,0,470
R045476,351722019001,1030,0,1030
R045479,370125008004,165500,610440,775940
R045480,370125008005,165500,670540,836040
R045481,370125008001,165500,884490,1049990
R045482,370125008006,165500,0,165500
R045483,299312108004,45000,0,45000
R045484,326300002005,3030,0,3030
R045486,352532000000,120,0,120
R045488,370136339024,204620,589960,794580
R045491,370124003023,194930,0,194930
R045492,317726464001,148600,722010,870610
R045493,317726464002,148600,641790,790390
R045494,317726464003,148600,722010,870610
R045495,378702174001,0,142460,142460
R045496,378702174002,0,124910,124910
R045498,343300005018,74070,4136490,4210560
R045499,343300005017,73160,1187620,1260780
R045500,343300005008,72740,3500390,3573130
R045501,343300005007,72920,2378950,2451870
R045502,343300005006,8770,0,8770
R045503,343300005005,70340,1633190,1703530
R045504,343300005003,71440,1715890,1787330
R045505,343300005009,7610,0,7610
R045506,343300005015,77920,1460630,1538550
R045507,343300005012,76450,4634710,4711160
R045508,343300005013,78060,1556330,1634390
R045509,343300005019,67570,2652940,2720510
R045510,343300005014,70800,4978740,5049540
R045511,343300005001,70910,3140180,3211090
R045515,343300005024,500,0,500
R045516,343300005025,490,0,490
R045519,370113016002,177000,0,177000
R045520,370113016003,177000,0,177000
R045527,8,100,0,100
R045529,8,100,0,100
R045531,8,230,0,230
R045535,8,1280,0,1280
R045542,8,11470,0,11470
R045544,8,11470,0,11470
R045546,378900000071,54070,0,54070
R045547,378900000073,4360,0,4360
R070323,325503126031,210000,580060,790060
R070325,325503126033,210000,452790,662790
R070397,378900000066,12890,0,12890
R070398,378900000068,61440,50260,111700
R070401,397900000000,1810,0,1810
R070402,378500000000,1130,0,1130
R070405,317700000180,460,0,460
R070406,317700000183,510,0,510
R070407,317700000000,680,0,680
R070409,317700000000,680,0,680
R070412,405120002015,15300,0,15300
R070413,370113007028,19810,0,19810
R070414,370100000209,330,0,330
R070428,370135431001,0,98020,98020
R070445,369900000126,330,0,330
R070475,378702228007,143590,0,143590
R070478,378702244002,100450,450050,550500
R070479,378702244003,100320,396330,496650
R070480,378702244004,100320,406880,507200
R070492,369109000042,34900,0,34900
R070493,325503156014,337840,0,337840
R070495,325503156015,112610,0,112610
R070498,291726223001,78800,0,78800
R070501,8,9440,0,9440
R070509,8,680,0,680
R070512,8,300,0,300
R070522,405118004025,16830,422600,439430
R070527,405118003036,33660,0,33660
R070529,325706016001,302380,2502530,2804910
R070530,325706016002,302380,2380730,2683110
R070531,379500000032,1350,0,1350
R070532,379500000034,1390,0,1390
R070533,343900000038,8260,0,8260
R070534,378709000026,296490,0,296490
R070536,352500000185,44350,0,44350
R070538,379100000064,50,0,50
R070539,350300000023,18950,70680,89630
R070540,350300000024,7150,103770,110920
R070541,291900000094,2230,0,2230
R070566,318300005002,167880,9631820,9799700
R070567,318300006001,60,0,60
R070568,318300007001,70,0,70
R070572,318302001011,60150,6047070,6107220
R070573,318302001007,3160,0,3160
R070574,318302001006,60460,1679080,1739540
R070575,318302001003,8600,3762240,3770840
R070576,318302001002,14340,4415620,4429960
R070577,318302001001,59800,2910690,2970490
R070578,318302001004,14340,1299730,1314070
R070579,298900002001,50770,0,50770
R070580,298900002003,40330,123690,164020
R070581,298900002002,65430,20710,86140
R070582,298900002004,43570,3298240,3341810
R070583,298900002005,700,0,700
R070589,369512000017,51540,0,51540
R070590,369512000016,78130,0,78130
R070591,369312000008,146610,0,146610
R070592,369312000007,12340,0,12340
R070593,369500000039,112870,87880,200750
R070594,369500000040,27240,0,27240
R070595,369512000015,41870,0,41870
R070596,369512000014,22120,0,22120
R070597,369301000017,79800,0,79800
R070598,369301000016,56640,0,56640
R070600,325707018019,0,520690,520690
R070601,325707018020,0,520790,520790
R070602,325707018021,0,521980,521980
R070603,325707018022,0,523970,523970
R070604,325707018015,0,520690,520690
R070605,325707018016,0,520790,520790
R070606,325707018017,0,521980,521980
R070607,325707018018,0,523970,523970
R070608,325707018023,0,434080,434080
R070609,325707018024,0,596660,596660
R070610,325707018025,0,433750,433750
R070611,325707018026,0,598950,598950
R070612,325707018027,0,520690,520690
R070613,325707018028,0,520790,520790
R070614,325707018029,0,521980,521980
R070615,325707018030,0,523970,523970
R070616,343117001005,1660700,1691120,3351820
R070618,370136005014,0,129320,129320
R070619,370136005015,0,163640,163640
R070620,370136005016,0,163640,163640
R070621,370136005017,0,163640,163640
R070622,370136005018,0,111800,111800
R070623,370100008007,3240,0,3240
R070624,370100008006,3160,0,3160
R070625,370100008005,3220,0,3220
R070626,370100008004,3220,0,3220
R070627,370100008003,3220,0,3220
R070628,370100008002,3270,0,3270
R070629,370100008001,3210,0,3210
R070630,404918005051,52000,0,52000
R070632,317713305017,19500,129670,149170
R070633,317713305018,19500,172200,191700
R070634,317713305019,19500,187460,206960
R070635,378702166008,102790,367930,470720
R070637,317723430006,194500,1518160,1712660
R070639,325512043001,495700,113230,608930
R070640,325512043002,495700,1267530,1763230
R070641,325512043003,120,0,120
R070642,325512043004,120,0,120
R070643,325512043005,130,0,130
R070645,325727249001,133650,703830,837480
R070646,325727249002,133650,683470,817120
R070650,370114002024,190100,586180,776280
R070651,370114002025,179000,0,179000
R070655,431311001011,80,0,80
R070656,431300001001,5890,0,5890
R070657,431300001002,6550,0,6550
R070658,431300001003,4860,0,4860
R070659,431300001004,3220,0,3220
R070660,431300001005,7750,0,7750
R070661,431300001006,4940,0,4940
R070665,325728002002,239840,454410,694250
R070666,325728002001,7060,6460,13520
R070667,317722301010,340990,1798140,2139130
R070668,317722301009,340990,1176570,1517560
R070669,405130003068,52920,0,52920
R070670,405130003069,61800,255430,317230
R070673,291900000097,2230,0,2230
R070674,291900000096,2230,0,2230
R070675,325503133012,421340,3110850,3532190
R070676,325503133011,421340,2054890,2476230
R070677,291900001017,26410,751970,778380
R070678,291900001016,2540,0,2540
R070681,378902007005,122400,0,122400
R070684,404532000017,33550,362300,395850
R070687,378701204019,86520,166340,252860
R070688,378701204020,164420,326820,491240
R070694,325502232025,0,1065760,1065760
R070695,325502232026,0,1231520,1231520
R070719,379100000068,7610,1223580,1231190
R070720,379100000069,45270,0,45270
R070729,368935000040,27730,0,27730
R070730,378702242011,381800,473730,855530
R070732,325721101022,255150,0,255150
R070733,369110221011,117000,556360,673360
R070734,369110221010,117000,775530,892530
R070735,325500011022,326240,2506480,2832720
R070736,325500010012,685630,4023500,4709130
R070737,325500010013,685650,2376030,3061680
R070738,431300000039,159440,0,159440
R070739,404500000059,14580,0,14580
R070740,404500000060,26450,0,26450
R070741,378710001084,425000,1932950,2357950
R070743,291727203036,320,0,320
R070744,291728108008,700,0,700
R070746,369908000035,485400,0,485400
R070747,325503102046,791170,3160090,3951260
R070748,325503102045,648870,4545870,5194740
R070751,378702126018,170670,0,170670
R070752,378702126019,708010,374430,1082440
R070753,369105000059,33050,0,33050
R070754,369105000060,45540,0,45540
R070755,325300000053,26640,932610,959250
R070756,325300000052,26650,126580,153230
R070758,325721402067,229640,0,229640
R070761,370135444007,162900,116820,279720
R070762,370135444006,162900,267390,430290
R070763,378714006063,107900,614560,722460
R070764,378714006062,107900,0,107900
R070766,378703406010,188700,487830,676530
R070767,370136330008,222470,342060,564530
R070768,378703406011,188700,654430,843130
R070769,370136330009,240850,479220,720070
R070770,370136330007,103260,0,103260
R070771,291727106044,12800,0,12800
R070772,291727106045,78800,0,78800
R070773,378700000099,150590,1492180,1642770
R070774,424300000067,233610,713340,946950
R070775,424300000068,820,0,820
R070779,404500000061,14710,759860,774570
R070780,325706001051,480800,2513010,2993810
R070781,318517011004,15450,0,15450
R070782,318517011004,15450,0,15450
R070784,369301000009,33050,0,33050
R070785,369301000009,1840,0,1840
R070786,369301000009,1840,0,1840
R070789,317723421022,0,908530,908530
R070790,317723421023,0,912750,912750
R070791,317723421024,0,925220,925220
R070792,317723421025,0,928710,928710
R070793,317723421026,0,973060,973060
R070794,317723421027,0,974890,974890
R070798,325721101021,218700,118430,337130
R070803,378710001082,217010,1024370,1241380
R070804,369109137012,87750,0,87750
R070805,369109137013,58500,0,58500
R070806,317724302033,290780,1973040,2263820
R070808,316900000033,38790,2203160,2241950
R070809,316900000034,5030,0,5030
R070810,398500000063,44280,0,44280
R070811,398500000063,88580,0,88580
R070814,405107001014,15300,0,15300
R070815,405107001015,15300,0,15300
R070817,369110202013,114080,942320,1056400
R070819,369110202012,67000,271360,338360
R070820,377300000012,40340,0,40340
R070821,377300000011,59460,787480,846940
R070822,298900000067,51710,970250,1021960
R070823,298900000068,46550,662890,709440
R070824,316900000035,14100,1272910,1287010
R070828,342707406008,79960,1852770,1932730
R070830,404700000038,66660,378440,445100
R070831,379300000000,640,0,640
R070832,379300000000,640,0,640
R070833,379300000000,640,0,640
R070844,342719000000,140,0,140
R070851,291534005005,6730,0,6730
R070852,291534006001,6730,0,6730
R070853,291534006002,6730,0,6730
R070854,291534005004,6730,0,6730
R070855,291534005003,9510,0,9510
R070859,291900000000,70,0,70
R070860,396900000057,26720,519230,545950
R070861,396900000056,3080,190960,194040
R070863,369109138009,117000,128320,245320
R070865,317934007005,91730,0,91730
R070866,317934007006,36320,740360,776680
R070871,298900000000,2120,0,2120
R070875,317703000049,11750,87530,99280
R070876,317703000049,11750,87530,99280
R070878,404913001023,47250,471100,518350
R070881,378701218022,132880,380070,512950
R070887,379500000036,42880,473100,515980
R070888,379500000037,3010,0,3010
R070891,369526109009,47910,5230,53140
R070893,369526109010,25540,48580,74120
R070895,370100000214,8160,0,8160
R070896,370100000207,269800,2133600,2403400
R070898,343322205018,253610,665470,919080
R070899,343322205019,253610,709990,963600
R070900,378701000067,608770,237550,846320
R070902,351722006010,118500,2059720,2178220
R070903,351722006009,118500,0,118500
R070904,370135419006,165990,154700,320690
R070905,397300000022,17170,0,17170
R070906,397300000022,240,0,240
R070907,397300000021,17260,0,17260
R070908,397300000021,240,0,240
R070909,291727209008,98800,825400,924200
R070910,342708303006,31500,277010,308510
R070911,291723402059,140000,0,140000
R070912,291723402058,140000,0,140000
R070913,378700000110,200460,501070,701530
R070914,378700000111,91120,476380,567500
R070917,369900000131,143970,815110,959080
R070920,352533000039,30250,0,30250
R070921,352533000040,89000,0,89000
R070923,325300000051,1899010,0,1899010
R070924,378702171003,923040,0,923040
R070929,425100000000,2620,0,2620
R070932,431300000040,166380,21970,188350
R070933,369109145013,190130,242400,432530
R070934,369109145014,190130,238660,428790
R070935,298900000066,388190,1088460,1476650
R070936,298900000065,270,349530,349800
R070938,352500000170,16730,0,16730
R070939,352500000170,16730,0,16730
R070946,8,270,0,270
R070949,317519301009,1148130,5804880,6953010
R070950,317519301010,1043760,7228190,8271950
R070951,378710007046,215900,0,215900
R070952,378710007047,215900,1124140,1340040
R070953,404532000020,184060,2805680,2989740
R070954,404532000019,83830,434490,518320
R070955,404532000018,107700,1281230,1388930
R070956,404500000062,18370,0,18370
R070957,405300000124,13200,490850,504050
R070958,405300000122,5850,0,5850
R070959,405300000123,5950,0,5950
R070969,299312102002,72000,0,72000
R070970,370135300045,1023450,1613200,2636650
R070971,325727200015,286430,1201820,1488250
R070972,325727200016,0,934760,934760
R070973,378710014024,0,610900,610900
R070974,405119001026,15300,0,15300
R070975,405119001025,15300,0,15300
R070976,343322208001,135060,0,135060
R070977,343322208002,135060,0,135060
R070978,343322208003,135060,1643810,1778870
R070979,291726220034,12800,0,12800
R070980,291726220033,12800,0,12800
R070982,325722301036,229640,803810,1033450
R070987,404532004016,133650,0,133650
R070989,404532000021,26850,306350,333200
R070992,377900000029,4970,128690,133660
R070993,377900000028,26130,184910,211040
R070994,378700000112,168120,598360,766480
R070995,378700002001,530,0,530
R070997,378700001006,510,0,510
R070998,378700001005,520,0,520
R070999,378700001004,500,0,500
R071000,378700001003,500,0,500
R071001,378700001002,500,0,500
R071002,378700001001,500,0,500
R071003,378710000069,10,0,10
R071006,369900000133,45500,0,45500
R071006,369900000133,45500,0,45500
R071006,369900000133,45500,0,45500
R071006,369900000133,45500,0,45500
R071006,369900000133,45500,0,45500
R071007,370100009001,231760,301750,533510
R071008,370100009002,2000,0,2000
R071009,378702206012,325640,299070,624710
R071010,378702206011,282560,580410,862970
R071013,379100000070,94580,915150,1009730
R071014,325722301038,229640,0,229640
R071015,325722301039,195190,0,195190
R071016,405500000021,6470,910,7380
R071017,405500000022,5690,0,5690
R071018,398500000064,60030,670920,730950
R071019,398500000072,106640,2400670,2507310
R071020,325511001003,90,0,90
R071021,325511001004,851950,0,851950
R071022,325511001002,32380,0,32380
R071023,325511001001,552840,1491690,2044530
R071024,325511001005,872230,1508000,2380230
R071025,325500000160,2850,600,3450
R071026,317726141006,560770,0,560770
R071027,317726141007,1000560,1449810,2450370
R071028,317726141008,498470,0,498470
R071030,317726141003,560770,0,560770
R071031,317726141004,1487610,0,1487610
R071033,325503152013,83770,1009480,1093250
R071034,325503152012,85600,1141960,1227560
R071035,378701211012,204620,496810,701430
R071036,378701211013,204620,129380,334000
R071039,378702300054,212710,391730,604440
R071040,378702122003,708010,0,708010
R071045,325503177020,266170,940100,1206270
R071046,325503177019,886500,0,886500
R071048,291900000000,40,0,40
R071057,370100005029,188540,736120,924660
R071060,343328101008,318370,900630,1219000
R071061,398500000074,21090,117210,138300
R071062,398500000067,3950,0,3950
R071063,398500000066,1860,0,1860
R071066,317700000184,425450,0,425450
R071088,8,163660,0,163660
R071089,8,57050,0,57050
R071090,8,22650,0,22650
R071103,379500000038,1304720,0,1304720
R071104,342707425008,35440,331550,366990
R071105,369109402003,24380,93840,118220
R071106,369109402004,209790,73530,283320
R071108,317724302034,334390,0,334390
R071109,378711000019,51900,455500,507400
R071110,378700000113,53860,2890,56750
R071116,379300000081,21170,761800,782970
R071117,291727100031,96980,0,96980
R071118,291727100032,50760,0,50760
R071119,369109413014,62580,0,62580
R071120,369109413013,5160,0,5160
R071121,369109413013,15470,0,15470
R071122,369109413013,5160,0,5160
R071140,8,50,0,50
R071141,8,260,0,260
R071157,8,1130,0,1130
R071160,8,580,0,580
R071164,8,140,0,140
R071172,8,4280,0,4280
R071178,8,3420,0,3420
R071196,352500000188,47310,0,47310
R071197,370136420001,0,521670,521670
R071198,370136420002,0,575900,575900
R071199,370136420003,0,575900,575900
R071205,343900000039,2230,0,2230
R071206,317100000005,79290,0,79290
R071207,325502225018,992010,1525730,2517740
R071209,368900000067,12380,0,12380
R071210,368900000068,41240,106760,148000
R071212,370136206037,366530,895740,1262270
R071213,370136350008,296120,254160,550280
R071215,370136232003,361560,1587140,1948700
R071216,370136232004,652720,680790,1333510
R071217,370136232005,1240310,2181430,3421740
R071218,370136232006,319300,760230,1079530
R071220,342707429002,40220,283220,323440
R071221,342707430004,16540,14740,31280
R071222,398700000046,38230,132220,170450
R071223,398700000047,37750,864080,901830
R071224,378701218024,492260,1057880,1550140
R071225,378701218025,310120,0,310120
R071232,317724205032,635350,1328400,1963750
R071233,351900000146,430000,488270,918270
R071238,317735008006,633600,4080620,4714220
R071239,317735008007,633600,0,633600
R071240,317735008008,633600,2698010,3331610
R071241,325502232028,965770,0,965770
R071242,325502232027,321920,2206130,2528050
R071243,291726212010,157600,626850,784450
R071244,325512034051,584380,2363890,2948270
R071245,378710001085,188700,0,188700
R071246,378710001086,188700,0,188700
R071250,370100003011,428030,0,428030
R071257,369700001001,24450,13100,37550
R071260,317500000047,15720,1150430,1166150
R071261,317500000048,2850,0,2850
R071262,370136306009,204620,330450,535070
R071263,370136306010,243240,603100,846340
R071265,378702242013,381800,44590,426390
R071266,378702242014,190900,484490,675390
R071267,325717301007,1051200,1167840,2219040
R071268,317724203007,418220,2102980,2521200
R071269,317724203008,440240,1135150,1575390
R071274,369109137014,87750,316310,404060
R071279,369110210013,175500,377350,552850
R071280,369109000043,34740,1042800,1077540
R071284,398700000000,1830,0,1830
R071285,398700000000,920,0,920
R071290,342730000037,47830,0,47830
R071291,342730000038,46690,0,46690
R071292,378714005054,215800,571070,786870
R071294,325721402070,206550,0,206550
R071295,404900000161,24750,726430,751180
R071296,404900000160,10640,0,10640
R071297,317724214004,889020,5644680,6533700
R071298,352500000189,39080,274890,313970
R071299,352500000190,56690,0,56690
R071300,317724301030,459490,2512830,2972320
R071302,379900000026,597590,0,597590
R071303,404900000163,5390,0,5390
R071304,404900000162,25360,122580,147940
R071305,316900000038,25950,739570,765520
R071306,316900000036,740,0,740
R071308,342707430005,33750,241050,274800
R071314,342707425011,26330,341520,367850
R071315,378702122010,170670,232670,403340
R071316,378702122011,170670,202110,372780
R071317,378702243028,219540,662250,881790
R071322,325503105026,421340,2912650,3333990
R071327,325503151019,0,325110,325110
R071328,325503151020,0,642280,642280
R071329,325503151021,0,149950,149950
R071330,325503151022,0,147760,147760
R071331,325503151023,0,301280,301280
R071332,325503151024,0,110250,110250
R071333,325503151025,0,153220,153220
R071334,325503151026,0,121150,121150
R071335,325503151027,0,88420,88420
R071336,325503151028,0,1114760,1114760
R071337,325503151029,0,147760,147760
R071339,299507002011,36000,402750,438750
R071341,317703000053,80,0,80
R071343,369109405005,29250,72290,101540
R071344,369109405005,29250,72290,101540
R071353,405100001010,520000,0,520000
R071357,325722303050,390380,0,390380
R071358,397300000018,0,646350,646350
R071359,317726165001,1012510,0,1012510
R071363,378900002001,66270,2170250,2236520
R071364,378900002002,46160,0,46160
R071366,291721002004,143800,733680,877480
R071369,378711000002,0,52390,52390
R071375,291726400012,0,178170,178170
R071391,299900000001,0,294820,294820
R071392,378702119007,244240,0,244240
R071393,378702119008,244240,0,244240
R071399,325503150033,0,822270,822270
R071400,325503150034,0,325540,325540
R071401,325503150035,0,425030,425030
R071411,291726215022,51200,0,51200
R071412,325722302017,229640,0,229640
R071413,325722302018,229640,0,229640
R071414,325722302019,229640,767450,997090
R071424,325727204062,280670,844800,1125470
R071425,325727204063,280670,843330,1124000
R071431,397900000048,68460,0,68460
R071432,397900000047,92760,305650,398410
R071439,325503133013,463480,915720,1379200
R071440,325503133014,1264030,0,1264030
R071449,404900000164,31320,33940,65260
R071450,291726221014,148600,1715470,1864070
R071451,291726119018,69800,526270,596070
R071453,291726136020,69800,584550,654350
R071454,378714201052,330000,582080,912080
R071457,378702130008,462350,796490,1258840
R071463,342707402006,67500,261610,329110
R071464,342706000001,7340,0,7340
R071465,342706000001,10520,0,10520
R071466,342900000007,2690,0,2690
R071467,342900000007,2690,0,2690
R071470,370135469002,364490,487690,852180
R071471,370135470001,100660,178680,279340
R071472,370135470002,101000,264640,365640
R071473,370135470003,99010,243630,342640
R071474,370135470004,100480,321790,422270
R071475,370135470005,98800,245670,344470
R071476,370135470006,98880,243600,342480
R071477,370135470007,98840,242700,341540
R071478,370135470008,98930,252250,351180
R071479,370135470009,98860,249640,348500
R071480,370135470010,99210,270410,369620
R071481,370135470011,98750,244320,343070
R071488,8,100,0,100
R071491,8,40,0,40
R071496,8,14850,0,14850
R071497,8,1430,0,1430
R071500,424300000070,18020,338500,356520
R071501,424300000071,3440,0,3440
R071502,370135471001,501190,1491720,1992910
R071503,370135471002,195420,417510,612930
R071506,369106000021,23730,0,23730
R071507,325722305055,229640,0,229640
R071508,325722305056,275560,1214810,1490370
R071510,397900000049,8010,78080,86090
R071511,397900000055,5690,0,5690
R071513,378702128012,334770,170050,504820
R071514,378702128011,407770,0,407770
R071515,343328104001,3540,1049470,1053010
R071516,343328104002,225110,763460,988570
R071517,343328104003,225110,1006370,1231480
R071518,378702245001,50000,249920,299920
R071519,378702245002,50000,245820,295820
R071520,378702245003,50000,245820,295820
R071521,378702245004,50000,341230,391230
R071522,378702245005,50000,341230,391230
R071524,378702245007,33780,0,33780
R071525,378702245008,33780,0,33780
R071526,378702245009,33780,0,33780
R071527,369700001003,1660,0,1660
R071528,369700001004,9190,0,9190
R071529,369700001005,6080,0,6080
R071531,352500000044,13160,0,13160
R071532,352500000044,4390,0,4390
R071533,318300000113,38610,502540,541150
R071534,318300000114,20550,0,20550
R071535,369313000019,13470,0,13470
R071536,369313000020,13470,0,13470
R071537,352500000191,33460,107220,140680
R071538,352500000192,33450,393220,426670
R071539,352500000193,33500,0,33500
R071563,325503106014,599560,4429270,5028830
R071564,325503105027,230540,0,230540
R071566,325722303051,275560,1772960,2048520
R071571,325513001017,298770,0,298770
R071572,325718001001,878750,0,878750
R071574,325503132020,369050,859510,1228560
R071575,325503132021,515180,1078700,1593880
R071579,378702130010,854630,1261050,2115680
R071584,370136379001,0,178840,178840
R071585,370136379002,0,48530,48530
R071586,370136379003,0,70500,70500
R071587,370136379004,0,64250,64250
R071604,325720101018,876000,2508660,3384660
R071645,325502226026,0,629930,629930
R071646,325502226027,0,660620,660620
R071648,325721101023,351900,993530,1345430
R071649,325721101024,170100,454540,624640
R071652,369908000015,278550,739160,1017710
R071654,378708001024,90000,0,90000
R071655,378708001025,90000,16380,106380
R071661,325503105030,1798690,0,1798690
R071665,8,950,0,950
R071668,8,1060,0,1060
R071669,8,10,0,10
R071670,8,400,0,400
R071672,8,160,0,160
R071681,8,1600,0,1600
R071690,378700003002,39710,0,39710
R071691,378711001006,520,0,520
R071696,299301413015,9000,0,9000
R071697,299301413016,9000,0,9000
R071698,370125008009,165500,845500,1011000
R071699,291726214016,78800,1664060,1742860
R071700,405107003013,16830,0,16830
R071701,405107003014,16830,1257350,1274180
R071702,369526205002,36560,89020,125580
R071704,342707427011,27890,220210,248100
R071705,369105000062,41360,0,41360
R071707,352500000000,2150,0,2150
R071708,369105000042,31760,0,31760
R071722,325721102024,526520,1070450,1596970
R071723,325721102023,243000,0,243000
R071724,325503183045,127100,1099090,1226190
R071725,325503183046,97170,792920,890090
R071726,325503108019,161870,1082710,1244580
R071727,325707411009,389810,1669120,2058930
R071728,369106000024,136480,354950,491430
R071729,325303000007,100020,403520,503540
R071731,369110202014,148590,413600,562190
R071732,369110202015,92430,840890,933320
R071733,325721402071,255150,0,255150
R071735,291727203038,360,0,360
R071736,291727203037,8000,0,8000
R071737,325707411010,389810,1672020,2061830
R071738,370135110012,204620,456780,661400
R071739,370135110013,204620,389570,594190
R071740,352500000000,3480,0,3480
R071741,352500000144,24910,0,24910
R071743,325722202069,229640,671800,901440
R071745,378702138010,320490,464680,785170
R071746,398500000069,259770,0,259770
R071747,398500000070,203080,0,203080
R071748,318325000018,17720,0,17720
R071749,318325000019,17720,259140,276860
R071751,342707413010,163890,420990,584880
R071752,342707413011,62370,253660,316030
R071753,325503103016,634190,1602100,2236290
R071754,325502275005,2760610,3393830,6154440
R071755,370113017002,218920,785420,1004340
R071756,370113017001,177000,1937740,2114740
R071757,370113017003,177000,1747450,1924450
R071758,370136380002,187990,480630,668620
R071759,370136380001,203140,925680,1128820
R071761,378702175004,266350,233680,500030
R071762,378702175003,215680,351730,567410
R071763,378702175002,215680,1404800,1620480
R071764,378702175001,188390,530850,719240
R071766,325512044001,723240,4315020,5038260
R071767,325512044003,978110,0,978110
R071768,325512044002,922920,3717630,4640550
R071770,325503131019,545500,1282140,1827640
R071775,325503131021,134150,905130,1039280
R071776,291727106047,78800,0,78800
R071777,291727106046,78800,426950,505750
R071778,343700000096,3400,0,3400
R071779,343700000097,2960,0,2960
R071781,325503181019,1013510,3113690,4127200
R071782,325503181018,1085910,0,1085910
R071785,370136236001,78550,466300,544850
R071786,370136236002,78550,466300,544850
R071787,325727250001,140330,640790,781120
R071788,325727250002,133650,640790,774440
R071789,317724205031,552480,1389400,1941880
R071796,378710001088,188700,659270,847970
R071798,343700000098,3900,0,3900
R071801,317900000094,132090,0,132090
R071802,317900000095,119270,0,119270
R071803,405107002018,71250,500190,571440
R071804,325722202071,229640,0,229640
R071805,325722202070,229640,1322870,1552510
R071807,325501013095,604760,3217840,3822600
R071809,325502253007,309270,1667090,1976360
R071810,325502253008,297540,1181580,1479120
R071811,352300000007,56700,316440,373140
R071812,352300000007,270,0,270
R071813,325501013094,747500,2909410,3656910
R071814,325707412008,389810,871360,1261170
R071815,398304101067,87890,831720,919610
R071819,291726135054,69800,465200,535000
R071820,291726135055,16550,0,16550
R071821,291726135056,13350,0,13350
R071823,317723416018,423930,1565260,1989190
R071824,325721401018,459280,839830,1299110
R071826,325503184032,643500,4218110,4861610
R071827,325722202072,229640,0,229640
R071828,325722202073,229640,928950,1158590
R071829,369108000006,45720,246640,292360
R071830,291727210008,168630,1333120,1501750
R071833,317934003007,100620,583240,683860
R071834,325503105031,599560,2391650,2991210
R071836,424300000072,19260,561130,580390
R071837,325503180010,386100,1019600,1405700
R071840,378710004036,425000,1017230,1442230
R071841,378710004037,215900,1214480,1430380
R071842,325722305057,275560,753260,1028820
R071844,291727100033,166490,613690,780180
R071847,317934016020,82750,235870,318620
R071850,378701236009,243240,271380,514620
R071857,343300006001,510,0,510
R071859,343300006002,490,0,490
R071860,343300006003,500,0,500
R071864,352531000039,111570,353540,465110
R071867,378702176001,92480,145350,237830
R071868,378702176002,92480,145350,237830
R071871,317934027006,71860,0,71860
R071873,317934027008,71860,0,71860
R071874,370135450023,197670,309690,507360
R071875,325707003003,846610,3986280,4832890
R071876,325707003004,685930,2133600,2819530
R071891,378702300034,0,98780,98780
R071892,378711000002,0,253310,253310
R071904,378702139013,154400,232670,387070
R071908,317703000055,2950,0,2950
R071909,317703000054,590,341920,342510
R071955,8,20,0,20
R071956,317700000000,90,0,90
R071965,404532001015,49500,654570,704070
R071966,404532001016,49500,566850,616350
R071967,404532004017,30000,0,30000
R071968,317726166043,0,563970,563970
R071970,317726166044,0,738010,738010
R071971,317726429022,1987450,2542150,4529600
R071972,325721414001,114820,736950,851770
R071973,325721414002,114820,749510,864330
R071975,370100000215,970,484840,485810
R071976,370100000216,353500,35980,389480
R071977,325722202074,218700,0,218700
R071978,325722202075,218700,0,218700
R071979,325727210024,280670,895940,1176610
R071980,325727210025,240570,957770,1198340
R071983,378702137015,165990,242950,408940
R071984,378702137016,165990,242950,408940
R071985,343315300025,315140,1640670,1955810
R071986,343315300024,335510,0,335510
R071987,398300000109,157560,768180,925740
R071989,325722202077,229640,0,229640
R071993,342707417008,28350,286500,314850
R071994,342707417009,7090,0,7090
R071995,325512018022,439370,0,439370
R071996,325512018023,675960,0,675960
R072000,8,1690,0,1690
R072002,8,1250,0,1250
R072003,8,40,0,40
R072004,8,3810,0,3810
R072006,317714000019,5750,0,5750
R072025,8,70,0,70
R072026,378710000088,365120,1160640,1525760
R072027,378710000089,425000,590160,1015160
R072032,317726166001,0,109250,109250
R072033,317726166002,0,566540,566540
R072034,317726166003,0,563120,563120
R072035,317726166004,0,536300,536300
R072036,317726166005,0,563120,563120
R072037,317726166006,0,563120,563120
R072038,317726166007,0,564830,564830
R072039,317726166042,0,589700,589700
R072040,317726166008,0,207700,207700
R072041,317726166009,0,565680,565680
R072042,317726166010,0,190650,190650
R072043,317726166011,0,535490,535490
R072044,317726166012,0,189880,189880
R072045,317726166013,0,562260,562260
R072046,317726166014,0,191040,191040
R072047,317726166015,0,562260,562260
R072048,317726166016,0,190650,190650
R072049,317726166017,0,535490,535490
R072050,317726166018,0,191910,191910
R072051,317726166019,0,537120,537120
R072052,317726166020,0,738010,738010
R072053,317726166021,0,593970,593970
R072054,317726166022,0,565970,565970
R072055,317726166023,0,562260,562260
R072056,317726166024,0,590500,590500
R072057,317726166025,0,535490,535490
R072058,317726166026,0,534150,534150
R072059,317726166027,0,562260,562260
R072060,317726166028,0,534150,534150
R072061,317726166029,0,562260,562260
R072062,317726166030,0,589700,589700
R072063,317726166031,0,563970,563970
R072064,317726166032,0,738010,738010
R072065,317726166033,0,565680,565680
R072066,317726166034,0,595760,595760
R072067,317726166035,0,535490,535490
R072068,317726166036,0,562380,562380
R072069,317726166037,0,562260,562260
R072070,317726166038,0,534150,534150
R072071,317726166039,0,562260,562260
R072072,317726166040,0,534150,534150
R072073,317726166041,0,562260,562260
R072075,378701243035,207000,521930,728930
R072076,378701243036,207000,752920,959920
R072077,291900000098,10450,810,11260
R072078,291900000099,10,0,10
R072079,343108001014,1660700,4092210,5752910
R072081,343108001016,1660700,1482440,3143140
R072083,325700004013,981100,3795470,4776570
R072084,325700004014,707650,4723070,5430720
R072085,351733300024,195240,430020,625260
R072086,351733300025,197200,463640,660840
R072087,404701004076,107000,382800,489800
R072088,404701004077,36000,0,36000
R072090,370124013052,258200,740920,999120
R072091,378710002025,188700,524800,713500
R072092,378710002026,188700,1011890,1200590
R072093,378710002027,188700,697680,886380
R072094,378710002028,188700,637230,825930
R072097,343500000073,8100,541660,549760
R072098,343500000074,44060,688450,732510
R072101,378701000069,189250,0,189250
R072103,378701004001,208480,0,208480
R072104,378701000070,6620,0,6620
R072106,370136237005,133500,284960,418460
R072107,370136237004,133500,284960,418460
R072108,370136237003,133500,323370,456870
R072109,370136237002,133500,359300,492800
R072112,370136237006,133500,423010,556510
R072114,351733100021,140260,938620,1078880
R072115,351700000046,279840,842720,1122560
R072118,317735403002,786900,6290860,7077760
R072119,317735403003,786900,0,786900
R072120,317735403004,786900,0,786900
R072121,317735403005,786900,4080330,4867230
R072122,317735400002,711490,5622820,6334310
R072128,370113005029,171300,597230,768530
R072129,370113005028,194700,540430,735130
R072130,291900000101,59480,823210,882690
R072131,291900000100,61720,424270,485990
R072132,291900000102,116730,1251860,1368590
R072133,424300000073,930,0,930
R072134,405300000127,720,0,720
R072137,369105000063,22690,0,22690
R072138,369105000064,34900,0,34900
R072139,425105001041,115160,0,115160
R072140,425105001042,85300,0,85300
R072144,291726127017,6680,0,6680
R072145,291726127016,6680,0,6680
R072147,378702139014,220960,129830,350790
R072148,378701245007,180000,852000,1032000
R072150,369900000134,343900,838120,1182020
R072151,369908000036,720,504060,504780
R072152,398300000111,4380,0,4380
R072153,398300000112,2030,0,2030
R072156,405100003031,1610,0,1610
R072157,405100003030,44850,937210,982060
R072159,325500000162,19770,0,19770
R072160,325700000155,24010,1077770,1101780
R072161,405100000097,10390,0,10390
R072162,424500000045,2450,0,2450
R072163,424500000046,630,0,630
R072164,317724205034,488730,2127790,2616520
R072167,291727206049,110200,1433080,1543280
R072168,291727206048,144900,0,144900
R072169,325722203026,229640,918640,1148280
R072170,325722203027,229640,0,229640
R072171,343322205020,115000,478650,593650
R072172,343322209001,195500,2193480,2388980
R072173,325502260018,403790,3356040,3759830
R072174,325502260019,403790,3873450,4277240
R072178,272500000000,450,0,450
R072179,272500000000,450,0,450
R072180,325503135018,522840,361020,883860
R072182,342706002010,180000,265050,445050
R072183,291726108006,80100,0,80100
R072185,342708303007,60480,379000,439480
R072186,352700000020,46130,162090,208220
R072188,298900000069,64310,142430,206740
R072189,317714000021,673510,0,673510
R072190,369109115002,32000,0,32000
R072191,291900000104,4470,0,4470
R072192,291900000103,2230,0,2230
R072193,370135473001,165990,299320,465310
R072194,370135473002,165990,1008120,1174110
R072201,291707301043,158000,726780,884780
R072205,397100000023,17510,0,17510
R072206,325502201006,60790,0,60790
R072207,325502201007,59990,0,59990
R072208,325502201008,72000,126380,198380
R072209,325502201009,66000,386150,452150
R072210,325502201010,72000,1856670,1928670
R072211,325502202017,60000,474230,534230
R072212,325502202018,30000,542810,572810
R072213,325502202019,30000,295900,325900
R072215,325502202021,48000,378630,426630
R072217,325502202023,54000,368610,422610
R072218,325502202024,27500,454010,481510
R072219,325502202025,27500,210160,237660
R072222,325502202028,31250,405420,436670
R072223,325502202029,31250,456650,487900
R072225,325502202031,54000,412040,466040
R072226,325502202032,66000,609550,675550
R072227,325502202033,48000,375930,423930
R072228,325502202034,55000,1063750,1118750
R072229,325502202035,65000,1053080,1118080
R072232,378702246009,99140,488090,587230
R072233,378702246008,99020,435070,534090
R072234,378702246007,99020,435070,534090
R072235,378702246006,99140,488090,587230
R072236,378702246002,69400,488090,557490
R072237,378702246003,69320,435070,504390
R072238,378702246004,69320,435070,504390
R072239,378702246005,69400,488090,557490
R072240,405100000098,51020,512740,563760
R072241,405100000099,21720,1995000,2016720
R072242,370100010003,1960,0,1960
R072243,370100010004,14000,0,14000
R072244,370100010002,14920,1410690,1425610
R072245,370100010001,190040,809450,999490
R072247,378903004001,174060,325710,499770
R072248,378903004002,840,0,840
R072252,378903004006,271630,542400,814030
R072253,378903004007,580,0,580
R072254,378903004008,630,0,630
R072255,378903004009,600,0,600
R072256,378903004010,245890,868920,1114810
R072257,378903004011,241960,399050,641010
R072258,378903004012,480,0,480
R072259,378903004013,233300,880310,1113610
R072262,378903004016,840,0,840
R072265,369526206003,67950,496750,564700
R072266,325503150036,784270,5718290,6502560
R072267,370135472004,101880,468440,570320
R072268,370135472001,101880,454050,555930
R072269,370135472002,102510,484530,587040
R072270,370135472003,71320,455800,527120
R072272,325700000160,241260,1234760,1476020
R072273,325700000159,247260,2870190,3117450
R072274,317722301012,220830,1127990,1348820
R072275,317722301011,259800,0,259800
R072277,325700000157,10350,1425220,1435570
R072278,317726136049,0,488950,488950
R072279,317703000056,342900,285550,628450
R072280,317703000057,247560,957450,1205010
R072281,317726107051,0,1476500,1476500
R072282,370135105018,359120,363650,722770
R072284,317934027009,71830,0,71830
R072288,325303005010,54840,0,54840
R072290,325303011008,67420,0,67420
R072291,325303006008,68110,0,68110
R072297,378515001010,57520,808990,866510
R072298,378515000024,18520,614940,633460
R072393,8,700,0,700
R072395,8,20,0,20
R072402,8,370,0,370
R072406,8,1730,0,1730
R072409,8,6350,0,6350
R072410,8,18220,0,18220
R072418,8,2450,0,2450
R072420,8,890,0,890
R072422,8,74650,0,74650
R072423,8,140,0,140
R072424,8,150,0,150
R072433,405300000128,27360,715570,742930
R072434,405100000100,4810,0,4810
R072435,405300000129,30270,335450,365720
R072437,343700000102,560,0,560
R072438,343700000103,3940,0,3940
R072439,351500000050,95460,3330,98790
R072442,343700000101,14510,960210,974720
R072443,343700000099,18900,0,18900
R072444,343700000100,2530,0,2530
R072451,291725203010,140000,0,140000
R072452,291725203009,140000,0,140000
R072453,378702139016,154400,418980,573380
R072454,378702139017,220960,0,220960
R072456,370136238005,133500,492850,626350
R072457,370136238004,133500,453080,586580
R072458,370136238003,133500,453080,586580
R072459,370136238002,133500,456230,589730
R072463,378701245009,180000,458900,638900
R072464,378701245010,180000,683350,863350
R072465,378702114007,97890,0,97890
R072468,370125000124,163960,404480,568440
R072469,370125000125,78970,137950,216920
R072470,325707405012,311850,1302150,1614000
R072472,325721104040,229640,0,229640
R072473,325721104039,275560,612810,888370
R072479,370136324012,136190,184350,320540
R072481,325721415002,133650,671890,805540
R072482,325721415001,133650,608490,742140
R072485,370135422003,320490,684760,1005250
R072486,404700000039,32820,0,32820
R072487,404700000040,6990,0,6990
R072490,325503135031,0,2149340,2149340
R072491,325503135032,0,715480,715480
R072492,325503135034,0,126960,126960
R072493,325503135033,0,264250,264250
R072494,325503135035,0,2375750,2375750
R072504,325502263036,150990,1699010,1850000
R072505,325502263037,158300,1543930,1702230
R072507,325502263039,157530,1570190,1727720
R072508,325502263038,151760,1584320,1736080
R072536,317735301011,1327500,6346890,7674390
R072537,317735301010,1327500,0,1327500
R072538,317735301009,1327500,0,1327500
R072539,317735301008,1858500,4446120,6304620
R072540,317735301007,1327500,6275910,7603410
R072541,317735301006,1858500,6894230,8752730
R072542,317735301005,1924880,0,1924880
R072543,317735301026,1858500,6461240,8319740
R072544,317735301027,1924880,0,1924880
R072545,317735301002,1858500,5684830,7543330
R072546,317735301024,1858500,5989120,7847620
R072547,317735301023,1924880,0,1924880
R072548,317735301022,1858500,3941520,5800020
R072549,317735301021,1858500,5300100,7158600
R072550,317735301020,1858500,5916140,7774640
R072551,317735301019,1924880,0,1924880
R072552,317735301018,1858500,5815740,7674240
R072553,317735301017,1327500,6066120,7393620
R072554,317735301016,1327500,4657450,5984950
R072555,317735301015,1327500,0,1327500
R072556,317735302002,1327500,0,1327500
R072557,317735302001,1327500,1571020,2898520
R072558,317735302003,1327500,0,1327500
R072568,325503186034,0,936850,936850
R072570,325503186035,0,913670,913670
R072572,398100003012,520000,0,520000
R072573,405120003040,15300,885350,900650
R072575,291726111011,93160,290080,383240
R072583,370135104015,204620,615380,820000
R072584,370135104014,256300,626480,882780
R072586,291726139017,69800,17440,87240
R072587,291726139018,24550,0,24550
R072588,291727106048,73130,189070,262200
R072589,325722305058,243000,951420,1194420
R072590,325503126032,210000,540540,750540
R072591,325727251003,0,149850,149850
R072592,325727251002,0,112980,112980
R072593,325727251001,0,324900,324900
R072594,325727251006,0,755820,755820
R072595,325727251005,0,631480,631480
R072596,325727251004,0,760530,760530
R072602,370136239002,133500,433050,566550
R072603,370136239003,133500,443570,577070
R072604,370136239004,133500,453940,587440
R072605,370136239005,133500,453940,587440
R072606,370136239006,133500,433050,566550
R072613,370136240002,133500,433050,566550
R072614,370136240003,133500,443570,577070
R072615,370136240004,133500,453940,587440
R072616,370136240005,133500,453940,587440
R072617,370136240006,133500,456620,590120
R072621,370124013054,296930,0,296930
R072622,370124013053,449250,0,449250
R072623,317934003008,100620,0,100620
R072624,378710001089,377400,584900,962300
R072625,325900000026,383810,1340880,1724690
R072626,325900000025,407930,0,407930
R072629,318300000115,367570,0,367570
R072658,369105000065,79170,0,79170
R072687,378522000017,153130,548580,701710
R072709,325722202078,229640,986240,1215880
R072710,325722202079,229640,0,229640
R072713,405118005046,50490,0,50490
R072717,378702118010,640520,413140,1053660
R072718,378702118011,220960,94350,315310
R072722,325722302020,255150,1151510,1406660
R072723,325722302021,229640,0,229640
R072724,325722302022,229640,0,229640
R072726,378702203008,992720,717830,1710550
R072727,325300000054,143040,125230,268270
R072728,325300000055,143060,10790,153850
R072729,325503182038,1287000,0,1287000
R072730,325503182037,321750,0,321750
R072731,325721402074,191360,0,191360
R072732,325721402073,229640,855960,1085600
R072733,370136007007,357610,536740,894350
R072734,370136007006,769920,0,769920
R072736,325721106009,255150,0,255150
R072737,325721106010,255150,1227950,1483100
R072738,325721106011,216880,0,216880
R072740,369109409004,166250,0,166250
R072741,369109409005,166250,0,166250
R072742,378702177002,209580,656970,866550
R072743,378702177001,187450,128830,316280
R072744,370135443011,204620,389480,594100
R072745,370135443010,204620,238030,442650
R072755,8,140,0,140
R072756,8,5600,0,5600
R072758,8,3630,0,3630
R072765,8,120,0,120
R072767,8,38170,0,38170
R072770,8,40800,0,40800
R072785,291726307006,143800,1330840,1474640
R072788,291726224015,143800,0,143800
R072790,370125006007,245790,106300,352090
R072792,325503131023,1196010,0,1196010
R072793,325503131024,398670,3380280,3778950
R072794,325503131022,393040,2929950,3322990
R072799,370136241002,133500,455200,588700
R072800,370136241003,133500,452650,586150
R072801,370136241004,133500,452650,586150
R072802,370136241005,133500,440060,573560
R072803,370136241006,133500,440060,573560
R072804,370136241007,133500,430750,564250
R072808,317726465002,148600,711950,860550
R072809,317726465001,148600,711950,860550
R072825,325513005005,425810,0,425810
R072826,325513005004,425810,0,425810
R072835,325728122001,133650,826300,959950
R072836,325728122002,133650,925570,1059220
R072838,325727252002,133650,805750,939400
R072839,325727252001,133650,805750,939400
R072841,325727253001,26730,917430,944160
R072842,325727253002,26730,917430,944160
R072844,325727253003,26730,917430,944160
R072845,325727253004,26730,917430,944160
R072847,325501013097,1024220,3693180,4717400
R072848,325501013096,1024220,4400140,5424360
R072849,317723418019,440240,0,440240
R072850,317723418021,723240,2393230,3116470
R072851,317723418020,572310,614280,1186590
R072852,425105003001,58200,185900,244100
R072853,425105003002,340,0,340
R072854,425105003003,57580,92480,150060
R072855,291500000082,2350,0,2350
R072856,291500000082,3520,0,3520
R072857,369919005001,193660,525850,719510
R072858,369919005002,168400,0,168400
R072859,369919005003,168400,507310,675710
R072861,325722300004,306180,0,306180
R072862,291726212017,63040,4630,67670
R072863,369109138010,238680,496160,734840
R072864,369900000136,35520,701170,736690
R072865,369900000135,46050,0,46050
R072866,398300000114,17080,0,17080
R072867,398300000113,101720,0,101720
R072870,316900000040,560,0,560
R072871,316900000041,530,0,530
R072872,370124011039,151960,136500,288460
R072873,370124011040,11440,0,11440
R072883,369104000045,67040,292440,359480
R072884,369104000044,67040,145780,212820
R072885,317735007011,0,154910,154910
R072886,317735007012,0,135740,135740
R072887,317726303002,650980,977380,1628360
R072888,317726303001,170,0,170
R072890,378702170004,193020,531050,724070
R072891,378702170005,154400,0,154400
R072892,369105000012,120,0,120
R072893,325503135037,895110,0,895110
R072894,325503135036,181410,2394710,2576120
R072895,370136242005,133500,493340,626840
R072896,370136242004,133500,453300,586800
R072897,370136242003,133500,453300,586800
R072898,370136242002,133500,454680,588180
R072907,404500000063,94800,0,94800
R072908,404500000064,59800,8320,68120
R072909,317724101032,1236450,8483260,9719710
R072910,343322210001,0,694390,694390
R072911,343322210002,0,1231970,1231970
R072912,370136362013,320490,897520,1218010
R072913,317726128005,372000,1475530,1847530
R072914,352500000194,62130,0,62130
R072915,378702247004,236200,511710,747910
R072916,378702247005,236200,461830,698030
R072917,378702247006,236200,511710,747910
R072918,378702247001,236200,497770,733970
R072919,378702247002,236200,511710,747910
R072920,378702247003,236200,513470,749670
R072922,325727306007,626600,1746890,2373490
R072923,291900000105,59410,1457330,1516740
R072924,291900000106,30860,353740,384600
R072926,378702126021,187160,73900,261060
R072927,378702126020,368680,598940,967620
R072928,352532000068,61590,167320,228910
R072929,404300000011,100,0,100
R072930,404300000009,25940,2311610,2337550
R072932,325727254003,0,296180,296180
R072933,325727254002,0,194270,194270
R072934,325727254001,0,251470,251470
R072935,325727254004,0,1279500,1279500
R072937,325512045002,0,456920,456920
R072938,325512045001,0,613320,613320
R072955,370135474001,181440,695640,877080
R072957,317735101027,449500,3675180,4124680
R072958,325722202080,275560,1000390,1275950
R072961,318300000116,5260,0,5260
R072962,318300000117,130200,1659270,1789470
R073016,405118006025,30600,0,30600
R073017,405118006023,15300,0,15300
R073018,405118006024,15300,0,15300
R073031,8,200,0,200
R073033,8,60,0,60
R073035,8,8020,0,8020
R073036,8,360,0,360
R073039,8,7820,0,7820
R073046,8,4770990,0,4770990
R073048,8,860,0,860
R073052,369110218008,146250,450480,596730
R073053,369110218009,103910,0,103910
R073054,325700006006,1033990,144490,1178480
R073055,378701226008,204620,448720,653340
R073056,378701226009,204620,539360,743980
R073057,370136243005,133500,441220,574720
R073058,370136243004,133500,210280,343780
R073059,370136243006,133500,419800,553300
R073060,370136243003,133500,210280,343780
R073061,370136243007,133500,441220,574720
R073062,370136243002,133500,210280,343780
R073068,378702178002,98690,502500,601190
R073069,378702178003,98640,502500,601140
R073070,378702178004,98640,502500,601140
R073071,378702178005,98640,502500,601140
R073072,378702178006,98640,502500,601140
R073073,378702178007,98640,502500,601140
R073074,378702178008,98640,502500,601140
R073075,378702178009,98640,502500,601140
R073078,370136244005,133500,419800,553300
R073079,370136244004,133500,210280,343780
R073080,370136244006,133500,441220,574720
R073081,370136244003,133500,210280,343780
R073082,370136244007,133500,419800,553300
R073083,370136244002,133500,210280,343780
R073086,318100001009,143800,0,143800
R073087,318100001010,431400,1284000,1715400
R073088,378702307001,277200,241720,518920
R073089,378702307002,277200,271670,548870
R073090,343300007001,67660,4059700,4127360
R073091,343300007002,64640,4294520,4359160
R073092,317726128006,372000,1369050,1741050
R073093,317726110043,524640,3847170,4371810
R073095,325727255002,435650,3212610,3648260
R073096,370136381002,160430,330970,491400
R073097,370136381001,93300,93700,187000
R073101,378701238007,582940,0,582940
R073102,317723425129,0,98820,98820
R073103,317723425130,0,392840,392840
R073104,369908005001,322350,553430,875780
R073105,369908005002,5760,0,5760
R073106,368700000069,5520,0,5520
R073107,368700000070,5520,0,5520
R073108,370135406017,243240,522060,765300
R073110,325722201023,229640,0,229640
R073111,325722201024,278840,360150,638990
R073112,370100000218,263840,485860,749700
R073113,370100000217,44280,0,44280
R073117,405120003042,30600,0,30600
R073118,325721402075,349310,939350,1288660
R073119,325721402076,314380,0,314380
R073121,325707405015,311850,0,311850
R073122,325721101026,264080,0,264080
R073123,325721101025,255150,0,255150
R073124,325722305060,229640,1163720,1393360
R073125,325722305059,229640,0,229640
R073126,398100000070,66810,0,66810
R073127,398100000071,93370,0,93370
R073128,405118002049,100980,0,100980
R073129,405118002050,167690,0,167690
R073133,291727102024,78800,826710,905510
R073134,291727102025,78800,685850,764650
R073135,325707415025,270000,0,270000
R073136,325707415026,270000,0,270000
R073140,299300000063,120,0,120
R073141,325502202037,36000,280250,316250
R073142,325502202036,36000,278880,314880
R073143,325502202039,36000,280250,316250
R073144,325502202038,36000,284470,320470
R073145,317700004005,530,0,530
R073146,317700004006,500,0,500
R073147,378702122013,170670,273160,443830
R073148,378702122012,170670,208010,378680
R073149,317724302036,321310,3091470,3412780
R073150,317724303060,488730,1173230,1661960
R073151,325512020070,450940,1866780,2317720
R073152,370125006008,331360,1588360,1919720
R073153,370125006009,215130,392430,607560
R073154,317726426016,0,855910,855910
R073155,317726426017,0,855350,855350
R073156,378903002019,257500,255270,512770
R073157,378903004018,251330,0,251330
R073158,378903004017,363860,809680,1173540
R073159,378903004019,1120,0,1120
R073160,325503175025,0,320170,320170
R073161,325503175026,0,335830,335830
R073162,325503175027,0,329590,329590
R073163,325503175028,0,344690,344690
R073164,325503175029,0,316110,316110
R073165,325503175030,0,299290,299290
R073166,325503175031,0,158890,158890
R073167,325503175032,0,195430,195430
R073169,325503156017,0,175030,175030
R073170,325503156018,0,345930,345930
R073171,325503156019,0,265710,265710
R073172,325503156020,0,98070,98070
R073175,325721416001,80370,854320,934690
R073176,325721416002,149260,923430,1072690
R073178,325503178019,190810,679030,869840
R073179,325503178018,244400,1092640,1337040
R073180,325727257001,0,95460,95460
R073181,325727257002,0,61420,61420
R073182,325727257003,0,171040,171040
R073183,325727257004,0,215550,215550
R073184,325727257005,0,707280,707280
R073185,325727257006,0,707280,707280
R073187,325728123002,160380,907830,1068210
R073188,325728123001,106920,828050,934970
R073190,325727256005,74500,895330,969830
R073191,325727256004,74500,726100,800600
R073192,325727256003,74500,726100,800600
R073193,325727256002,74500,895330,969830
R073194,325727256001,269610,0,269610
R073196,378702179001,0,143570,143570
R073197,378702179002,0,64200,64200
R073199,291726220035,78800,313270,392070
R073218,343315300026,233190,0,233190
R073219,343315300027,512020,245540,757560
R073222,291723401044,89210,0,89210
R073226,370113002045,193700,1655460,1849160
R073227,370113002046,193700,0,193700
R073228,396700000023,52550,570620,623170
R073229,396700000024,62860,0,62860
R073230,325707012008,155930,987280,1143210
R073231,325707012009,155930,1076400,1232330
R073232,370136342010,165990,677000,842990
R073233,370136342011,165990,639720,805710
R073234,370136342012,165990,326370,492360
R073235,325502237010,27930,321160,349090
R073236,325502237011,14760,236940,251700
R073237,325502237012,34110,379920,414030
R073238,325502237013,26570,388240,414810
R073239,325502237014,35830,378050,413880
R073246,298900000070,5600,0,5600
R073248,298900000071,3090,264780,267870
R073249,325722203028,229640,1057980,1287620
R073250,325722203029,275560,0,275560
R073261,325503101010,1237310,0,1237310
R073262,325503101011,412440,3949980,4362420
R073263,325503101012,412440,4809570,5222010
R073264,325503101013,412440,3288430,3700870
R073265,325503101014,611130,4744690,5355820
R073266,325503106015,412440,4233730,4646170
R073267,325503106016,611130,6919320,7530450
R073268,325503106017,412440,4417960,4830400
R073269,325503106018,412440,4373000,4785440
R073270,325503106019,1237310,0,1237310
R073271,325503136032,0,146430,146430
R073272,325503136033,0,57790,57790
R073273,325503136034,0,73400,73400
R073274,325503136035,0,125180,125180
R073275,325503136036,0,311130,311130
R073277,351728402001,171830,670590,842420
R073278,351728402002,165220,0,165220
R073279,351728402003,640,0,640
R073280,378701247001,181440,357700,539140
R073281,378701247002,124770,209420,334190
R073283,370136245001,133500,446260,579760
R073284,370136245002,133500,446260,579760
R073285,370136245003,133500,446260,579760
R073287,325503185010,0,393090,393090
R073288,325503185011,0,441520,441520
R073289,325503185012,0,299410,299410
R073290,325503185013,0,365270,365270
R073292,325503185015,0,297700,297700
R073293,325503185016,0,297270,297270
R073294,325503185017,0,697960,697960
R073295,325503185018,0,697960,697960
R073296,325503185019,0,711130,711130
R073297,325503185020,0,177350,177350
R073298,325503185021,0,236040,236040
R073299,325503185022,0,297700,297700
R073300,325503185023,0,514210,514210
R073301,325503185024,0,198490,198490
R073302,398304101068,23250,0,23250
R073303,398304101069,46500,0,46500
R073306,317934004012,137760,90240,228000
R073307,370136228007,133500,514540,648040
R073308,370136228008,133500,466620,600120
R073309,370136228009,133500,466620,600120
R073310,370136228010,133500,462850,596350
R073311,370136228011,133500,462850,596350
R073312,370136228012,133500,423870,557370
R073314,370136228014,133500,514540,648040
R073315,370136228015,133500,472740,606240
R073316,370136228016,133500,472740,606240
R073317,370136228017,133500,475760,609260
R073319,370136228019,133500,448530,582030
R073320,370136228020,133500,210280,343780
R073321,370136228021,133500,448530,582030
R073322,370136228022,133500,210280,343780
R073323,370136228023,133500,419800,553300
R073324,370136228024,133500,210280,343780
R073330,378702243030,190900,550320,741220
R073331,378702243031,190900,446890,637790
R073341,325502237015,25310,405980,431290
R073342,325502237016,18040,232700,250740
R073343,325502237017,29950,194060,224010
R073344,325502237018,32080,418510,450590
R073345,325502237019,35220,269660,304880
R073346,325502237020,26500,250800,277300
R073347,325502237021,18380,356630,375010
R073348,325502237022,27520,222660,250180
R073349,325502237023,24560,354700,379260
R073350,325502237024,33640,345620,379260
R073351,370136322010,127370,126700,254070
R073352,370136322011,146670,477270,623940
R073353,378522000019,45940,303240,349180
R073356,369105000067,45720,1202300,1248020
R073357,378702112012,127610,458810,586420
R073358,378702112013,127120,458810,585930
R073359,378702112014,127120,458810,585930
R073360,378702112015,127610,458810,586420
R073365,369109106011,13750,112910,126660
R073366,368935000042,38220,0,38220
R073367,368935000043,153240,0,153240
R073368,325502202040,22720,289220,311940
R073369,325502202041,16110,295830,311940
R073370,325502202042,26160,292010,318170
R073371,325502202043,23880,355250,379130
R073372,325502202044,33610,218960,252570
R073373,325502203005,27560,283680,311240
R073374,325502203006,13060,298880,311940
R073375,325502203007,30890,280350,311240
R073376,325502202045,26870,253110,279980
R073377,325502202046,39110,240840,279950
R073378,325718002019,425810,0,425810
R073379,325722306031,275560,1368280,1643840
R073380,405118006026,53100,531250,584350
R073381,405118006027,15300,0,15300
R073384,370136218010,1859180,7298320,9157500
R073386,398700001005,148680,232580,381260
R073387,398700001006,183620,0,183620
R073388,398700001007,175980,0,175980
R073389,398700001008,171110,0,171110
R073390,378702116007,109770,59290,169060
R073391,378702116008,289200,67020,356220
R073399,317713304041,19500,654520,674020
R073400,317713304042,19500,654520,674020
R073401,342900000031,4770,0,4770
R073402,342900000032,4830,0,4830
R073403,317726132021,217130,1628410,1845540
R073404,317726132022,217130,1628410,1845540
R073408,291727201037,78800,0,78800
R073409,291727201038,78800,1205950,1284750
R073411,370135300059,5635660,1133370,6769030
R073412,378702108003,174400,0,174400
R073413,378702108004,225010,0,225010
R073416,343300007003,490,0,490
R073417,343300007004,490,0,490
R073418,343300007005,2590,0,2590
R073419,343300007006,490,0,490
R073420,343300007007,500,0,500
R073421,343300007008,490,0,490
R073422,378710001090,188700,881990,1070690
R073423,378710001091,188700,0,188700
R073424,405100003032,4430,0,4430
R073425,405100003033,3800,0,3800
R073426,325727202091,84200,605550,689750
R073427,325727202092,70170,628620,698790
R073428,325727202093,56130,623360,679490
R073429,325727202094,70170,650000,720170
R073430,325727202095,280670,0,280670
R073431,378703400066,105030,418630,523660
R073432,378703400065,104800,75720,180520
R073433,291726212018,63040,0,63040
R073434,342700000018,28540,0,28540
R073435,342700000019,53240,0,53240
R073436,405120003043,16830,0,16830
R073437,405120003044,15300,0,15300
R073440,370136218012,590620,3088250,3678870
R073441,325700000161,250370,1716050,1966420
R073445,342900000033,4030,0,4030
R073446,342900000034,800,0,800
R073447,325503185025,0,206980,206980
R073448,325503185026,0,427490,427490
R073449,325503185027,0,345600,345600
R073450,325503185028,0,554550,554550
R073462,317735303013,607670,0,607670
R073463,317735303012,607670,0,607670
R073464,317735303009,629930,0,629930
R073465,317735303007,621450,0,621450
R073466,317735303005,617410,0,617410
R073467,317735303002,890410,0,890410
R073473,325700000163,254570,3654810,3909380
R073474,378701212023,170630,241010,411640
R073475,378701212024,199980,465300,665280
R073476,405118005048,16830,0,16830
R073477,405118005049,33660,0,33660
R073478,369109000045,68690,839910,908600
R073479,325513001018,579970,1213690,1793660
R073480,369109410011,146250,135760,282010
R073482,291726205010,69800,592240,662040
R073483,291500000086,480,0,480
R073486,325503130023,479420,1682310,2161730
R073487,325503130024,543520,804250,1347770
R073492,369109107010,1000,0,1000
R073493,369109107011,55000,257780,312780
R073495,8,480,0,480
R073497,325300000056,141760,0,141760
R073498,325300000057,141760,15450,157210
R073502,8,40,0,40
R073505,325722203030,255150,0,255150
R073512,8,5830,0,5830
R073516,8,43210,0,43210
R073530,8,3590,0,3590
R073534,343300007009,301400,2851300,3152700
R073535,343300007010,500,0,500
R073536,343300007011,13560,298830,312390
R073539,343700000104,125590,6456530,6582120
R073540,343700000105,735600,4918880,5654480
R073543,405300000130,640,597100,597740
R073544,405300000131,770,0,770
R073545,351900000147,1510,0,1510
R073546,318517010013,20000,85640,105640
R073547,318517010014,35000,0,35000
R073558,325722306032,255150,0,255150
R073566,378100000035,2230,0,2230
R073567,378100000036,2230,0,2230
R073568,404300000012,1080,0,1080
R073569,404300000013,2280,0,2280
R073570,404300000014,1860,0,1860
R073572,404300000016,1560,0,1560
R073573,404300000017,1150,0,1150
R073575,325707405016,311850,1249120,1560970
R073576,325707405017,623700,1821740,2445440
R073577,377300000015,1980,0,1980
R073578,377300000016,2520,0,2520
R073579,377300000017,2300,0,2300
R073585,325700004015,707330,3268290,3975620
R073586,325700004016,356830,2972580,3329410
R073588,343322300019,326930,0,326930
R073589,343322300020,282970,678740,961710
R073590,291726146006,20030,0,20030
R073591,291726146007,150750,0,150750
R073593,351500000054,230,0,230
R073597,325722306034,218700,0,218700
R073598,325722306035,273380,1429800,1703180
R073599,325722306036,218700,0,218700
R073601,368934001095,58580,200020,258600
R073602,317700000185,2435130,5996890,8432020
R073603,317700000186,1607680,1419280,3026960
R073604,325707014005,148500,1043400,1191900
R073605,325707014006,148500,1037650,1186150
R073614,325722201025,369500,0,369500
R073616,369500000041,119420,566520,685940
R073617,369500000042,70780,0,70780
R073626,317726117037,0,833460,833460
R073627,317726117038,0,833460,833460
R073631,325512026028,209000,2331050,2540050
R073632,325512026029,209000,0,209000
R073640,431300000032,37820,1702550,1740370
R073641,431300000033,9690,70950,80640
R073648,325707417011,448280,1994750,2443030
R073649,397900000056,34720,252040,286760
R073650,397900000057,48480,671350,719830
R073651,397900000058,44460,0,44460
R073652,397900000059,44460,0,44460
R073666,325721104041,218700,1109950,1328650
R073670,370135442013,165990,321930,487920
R073671,370135442014,243240,73770,317010
R073681,291707201022,163930,3897930,4061860
R073700,325721402077,218700,0,218700
R073701,325721402078,218700,0,218700
R073703,377300000018,1300,0,1300
R073704,377300000019,20,0,20
R073710,317722206021,259800,971740,1231540
R073711,369109102002,44000,636460,680460
R073714,378700000116,65240,0,65240
R073716,299312102003,54000,311510,365510
R073717,317934004013,109970,0,109970
R073720,370136324014,86520,177300,263820
R073721,370136324015,312470,782630,1095100
R073722,370124001012,211650,30440,242090
R073723,370124001013,211650,318350,530000
R073724,343315302016,118500,0,118500
R073725,343315302017,118500,829240,947740
R073726,325512020071,414700,1035060,1449760
R073727,325512020072,518380,2145710,2664090
R073730,404900000165,2230,45240,47470
R073731,404900000166,4470,23890,28360
R073732,378900004002,1209510,821410,2030920
R073733,378900004003,864590,0,864590
R073738,378900004001,885430,0,885430
R073739,378900000085,11680,0,11680
R073740,378900000086,53780,69070,122850
R073740,378900000086,53780,69070,122850
R073740,378900000086,53780,69070,122850
R073741,370122303065,73030,155000,228030
R073743,378702248001,50000,389100,439100
R073744,378702248005,50000,227710,277710
R073745,378702248006,50000,341160,391160
R073746,378702248010,50000,227710,277710
R073747,378702248011,50000,1781050,1831050
R073748,378702248012,50000,227710,277710
R073749,378702248013,50000,387610,437610
R073750,378702248014,50000,227710,277710
R073751,378702248008,50000,195220,245220
R073752,378702248009,50000,194620,244620
R073753,378702248007,50000,193190,243190
R073754,378702248004,50000,193190,243190
R073755,378702248003,50000,387610,437610
R073756,378702248015,475530,0,475530
R073767,378702248028,50000,0,50000
R073775,378702248036,153910,0,153910
R073776,370114001023,179000,602640,781640
R073777,370114001024,190100,488230,678330
R073778,325706017004,0,1897360,1897360
R073779,325706017003,0,1867250,1867250
R073780,325706017002,0,1865420,1865420
R073781,325706017001,0,1892990,1892990
R073783,378710031011,215900,1305190,1521090
R073784,378710031012,215900,809100,1025000
R073785,378710031013,215900,809100,1025000
R073786,378710031014,215900,1136830,1352730
R073788,378710031015,215900,896090,1111990
R073789,378710031016,215900,1033080,1248980
R073790,378710031017,215900,1083100,1299000
R073791,378710031018,215900,1074650,1290550
R073792,378710031019,188700,1044020,1232720
R073793,378710031020,188700,1058370,1247070
R073796,378702248027,50000,0,50000
R073799,325500005052,373580,0,373580
R073800,325500005053,429610,111810,541420
R073801,396700000025,132220,0,132220
R073804,369109106012,2750,0,2750
R073805,369109106013,12500,107850,120350
R073808,369109106014,2500,0,2500
R073809,369109106015,5000,0,5000
R073810,405100000101,88500,664800,753300
R073811,405100000102,89550,0,89550
R073812,405100000103,115840,0,115840
R073817,405300000132,95240,0,95240
R073818,405300000133,94970,0,94970
R073821,342700000022,20270,0,20270
R073822,378701211014,204620,451790,656410
R073823,378701211015,204620,735710,940330
R073828,405130003070,15300,0,15300
R073829,405130003071,15300,0,15300
R073830,405130003072,24000,0,24000
R073831,405130003073,24000,0,24000
R073832,325721104043,243000,0,243000
R073833,325721104044,218700,983690,1202390
R073834,369105000068,77510,0,77510
R073835,369105000069,76890,0,76890
R073836,368923001015,44000,96860,140860
R073837,368923001016,44000,215550,259550
R073838,325513001019,0,1070210,1070210
R073839,325513001020,0,529400,529400
R073840,404300000019,2600,881320,883920
R073841,404300000020,57830,868060,925890
R073843,325727240024,164800,1007540,1172340
R073845,325503105036,1733520,0,1733520
R073846,325503105037,1733520,0,1733520
R073847,325503105038,1733520,0,1733520
R073848,325503105039,1733520,0,1733520
R073849,325503105040,1733520,0,1733520
R073850,325503105041,1733520,0,1733520
R073851,325503105042,1733520,0,1733520
R073852,325503105043,1733520,0,1733520
R073853,325503105044,3847130,147970,3995100
R073854,325503105045,1733520,0,1733520
R073855,325503105046,1733520,0,1733520
R073856,325503105047,1733520,0,1733520
R073857,325503105048,1733520,0,1733520
R073858,370136229007,133500,428140,561640
R073859,370136229008,133500,210280,343780
R073860,370136229009,133500,419800,553300
R073861,370136229010,133500,210280,343780
R073862,370136229011,133500,448530,582030
R073863,370136229012,133500,210280,343780
R073865,325503135018,261420,257870,519290
R073867,325300000058,143460,0,143460
R073868,325300000059,142440,0,142440
R073869,325512020073,142000,1481600,1623600
R073870,325512020074,142000,1448540,1590540
R073871,8,160,0,160
R073872,8,50,0,50
R073873,8,260,0,260
R073874,8,170,0,170
R073875,8,70,0,70
R073882,8,650,0,650
R073893,404913001025,16830,0,16830
R073894,404913001026,16830,0,16830
R073895,316900000042,1030,0,1030
R073896,316900000043,890,0,890
R073897,316900000044,2630,0,2630
R073898,317934017010,481320,289720,771040
R073899,378900005003,2643900,11347860,13991760
R073900,378900005002,732520,0,732520
R073901,378900005001,921700,0,921700
R073905,325303001006,101630,0,101630
R073906,370135474003,100530,437560,538090
R073907,370135474004,100530,435900,536430
R073912,370136229014,133500,448530,582030
R073913,370136229015,133500,210280,343780
R073914,370136229016,133500,401190,534690
R073915,370136229017,133500,210280,343780
R073916,370136229018,133500,448530,582030
R073917,370136229019,133500,210280,343780
R073925,370136229021,133500,467880,601380
R073926,370136229022,133500,473640,607140
R073927,370136229023,133500,473640,607140
R073928,370136229024,133500,476030,609530
R073930,370135405010,131930,243570,375500
R073931,370135405011,153700,490490,644190
R073935,370135301013,165990,397100,563090
R073936,370135301014,165990,397100,563090
R073937,370135301015,169010,376480,545490
R073938,404900000167,2930,0,2930
R073939,404900000168,27420,283750,311170
R073943,351733401003,321060,476000,797060
R073944,351733401004,294320,743980,1038300
R073947,369908000037,367400,413710,781110
R073948,369908000038,338840,277190,616030
R073950,369110203010,103810,822280,926090
R073951,369110203009,99650,57260,156910
R073952,325727202096,229640,1196810,1426450
R073953,378714003049,139450,444400,583850
R073954,378714003050,107900,0,107900
R073955,369900000137,165350,196090,361440
R073968,291534000005,109690,0,109690
R073969,379100000071,40,441170,441210
R073970,379100000072,53420,27850,81270
R073971,370125000126,182360,0,182360
R073972,370125000127,248030,349000,597030
R073973,379300000082,35320,1694350,1729670
R073974,379300000083,5360,60180,65540
R073975,379300000084,4360,0,4360
R073976,379300000085,2210,24550,26760
R073977,325721402079,229640,980270,1209910
R073978,325721402080,316900,1280720,1597620
R073979,325700000164,34130,367450,401580
R073980,325700000165,651770,2677500,3329270
R073983,405119001027,30600,0,30600
R073984,405119001028,15300,0,15300
R073985,404913001027,41920,0,41920
R073986,404913001028,45900,0,45900
R073987,404500000065,325690,568550,894240
R073988,291726210011,123720,870000,993720
R073992,299312110017,45000,5830,50830
R073993,325303006009,106150,0,106150
R073994,325503135018,130710,90250,220960
R073995,325503135018,130710,128940,259650
R073999,379300000086,169260,1431260,1600520
R074000,379300000087,1050,0,1050
R074001,379300000088,320,0,320
R074004,318500000053,8640,0,8640
R074006,370100000219,440,427460,427900
R074007,370100000220,5520,0,5520
R074009,318508001005,30900,93620,124520
R074014,325727226003,133650,688330,821980
R074015,325727226004,133650,692490,826140
R074021,342707413012,68510,313710,382220
R074023,370136007008,26170,684030,710200
R074024,370136007009,24490,599160,623650
R074025,370136007010,24490,612390,636880
R074026,370136007011,24490,612390,636880
R074027,370136007012,24490,612390,636880
R074028,370136007013,24490,612390,636880
R074029,370136007014,28670,665910,694580
R074030,370136007015,28670,683690,712360
R074031,370136007016,24490,612390,636880
R074032,370136007017,24490,596800,621290
R074033,370136007018,24490,612390,636880
R074034,370136007019,24490,612390,636880
R074035,370136007020,28670,669210,697880
R074036,370136007021,26170,669390,695560
R074037,370136007022,24490,612390,636880
R074038,370136007023,24490,612390,636880
R074039,370136007024,24490,596800,621290
R074040,370136007025,24490,586800,611290
R074041,370136007026,24490,615470,639960
R074042,370136007027,28670,672080,700750
R074045,404300000022,360,0,360
R074046,404300000023,34990,9920750,9955740
R074053,325707012010,187110,1256250,1443360
R074054,325707012011,124740,1046120,1170860
R074055,369109137017,29250,314080,343330
R074056,369109137018,29250,167730,196980
R074059,370136229026,133500,448530,582030
R074060,370136229027,133500,210280,343780
R074061,370136229028,133500,419800,553300
R074062,370136229029,133500,210280,343780
R074066,369526104006,2700,0,2700
R074067,369526106002,43440,147530,190970
R074068,325718002020,697760,915740,1613500
R074069,325718002021,697760,94730,792490
R074073,370125009003,377020,0,377020
R074074,370125009004,1845370,2657640,4503010
R074075,370125000128,1550680,259430,1810110
R074077,370136229031,133500,448530,582030
R074078,370136229032,133500,210280,343780
R074079,370136229033,133500,419800,553300
R074080,370136229034,133500,210280,343780
R074081,370136229035,133500,448530,582030
R074082,370136229036,133500,210280,343780
R074084,370136229038,133500,489890,623390
R074085,370136229039,133500,419800,553300
R074086,370136229040,133500,210280,343780
R074087,370136229041,133500,448530,582030
R074088,370136229042,133500,210280,343780
R074092,325727202097,45440,913410,958850
R074093,325727202098,45440,811950,857390
R074094,325727202099,45440,913580,959020
R074095,325727202100,45440,913550,958990
R074096,325727202101,45440,812040,857480
R074097,325727202102,45440,913550,958990
R074099,325721404034,114820,794420,909240
R074100,325721404035,114820,794420,909240
R074102,325503156021,115240,2166620,2281860
R074103,325503156022,99840,2166620,2266460
R074107,378703400069,160000,490190,650190
R074108,378703400067,248200,0,248200
R074109,318508001006,30900,0,30900
R074110,318508001007,30900,110710,141610
R074111,342707412006,68510,251500,320010
R074112,325707012012,148500,1013910,1162410
R074113,325707012013,148500,1004990,1153490
R074115,370136225035,78550,606080,684630
R074116,370136225036,78550,606080,684630
R074118,370124005026,169500,0,169500
R074119,370124005027,169500,477600,647100
R074120,351733302002,106500,0,106500
R074121,351733302003,106500,0,106500
R074122,405130006035,16800,0,16800
R074123,405130006036,124920,316390,441310
R074124,325727209061,61750,746460,808210
R074125,325727209062,61750,663520,725270
R074126,325727209063,61750,663520,725270
R074127,325727209064,61750,663520,725270
R074128,325727209065,61750,651440,713190
R074129,325727209066,61750,746460,808210
R074141,378900000092,34510,765850,800360
R074142,318508006005,20000,0,20000
R074143,325512000092,232660,0,232660
R074144,325512000093,1202510,0,1202510
R074145,325727201033,328050,0,328050
R074146,325513006001,0,596550,596550
R074147,325513006002,0,596550,596550
R074148,325513006003,0,596550,596550
R074150,8,390,0,390
R074151,8,360,0,360
R074152,8,400,0,400
R074153,8,380,0,380
R074154,8,390,0,390
R074155,8,380,0,380
R074157,8,970,0,970
R074158,8,620,0,620
R074159,8,780,0,780
R074160,8,13170,0,13170
R074163,325718002022,425810,0,425810
R074164,325718002023,425810,0,425810
R074165,291707200022,60000,601590,661590
R074166,291707201023,163930,1343180,1507110
R074167,378701203006,165990,664110,830100
R074169,8,9610,0,9610
R074170,8,4460,0,4460
R074171,8,7800,0,7800
R074172,8,8150,0,8150
R074174,8,3560,0,3560
R074175,324500000004,2780,0,2780
R074176,324500000005,280,0,280
R074178,370135404009,126400,459270,585670
R074179,370135404010,128330,459270,587600
R074180,370135404011,126770,281430,408200
R074181,370135404012,127960,281430,409390
R074182,370135404013,165990,876040,1042030
R074199,325707013007,22720,913710,936430
R074200,325707013008,20200,778020,798220
R074201,325707013009,20200,778020,798220
R074202,325707013010,20200,913710,933910
R074203,325707013011,24300,913710,938010
R074204,325707013012,21600,778020,799620
R074205,325707013013,21600,778020,799620
R074206,325707013014,21600,913710,935310
R074207,325707013015,21600,913710,935310
R074208,325707013016,21600,778020,799620
R074209,325707013017,21600,778020,799620
R074210,325707013018,24300,913710,938010
R074215,325303005011,60050,165690,225740
R074216,325303004007,26590,38820,65410
R074217,325303000008,355510,76510,432020
R074224,8,29120,0,29120
R074227,8,16150,0,16150
R074228,8,180,0,180
R074229,8,170,0,170
R074232,8,23970,0,23970
R074235,405100000104,78180,953040,1031220
R074236,8,300,0,300
R074240,8,350,0,350
R074241,8,10,0,10
R074242,8,170,0,170
R074247,424700000030,0,223220,223220
R074278,342700000023,28540,0,28540
R074279,342700000024,20270,0,20270
R074283,8,2080,0,2080
R074285,8,65440,0,65440
R074286,8,16050,0,16050
R074289,8,70,0,70
R074291,325503126035,210000,527750,737750
R074292,325503126036,210000,527750,737750
R074293,325503126037,210000,527750,737750
R074295,326321401007,30000,349820,379820
R074296,326321401008,30000,309140,339140
R074298,378702300059,168030,513180,681210
R074299,378702300060,186670,0,186670
R074300,378701238010,545590,155890,701480
R074301,378701238011,341630,47800,389430
R074302,317724211023,515650,0,515650
R074303,317724211024,592990,4925910,5518900
R074304,317724211025,412520,0,412520
R074306,370136339002,81880,197570,279450
R074307,370136339001,216070,262310,478380
R074309,378702249005,50000,225140,275140
R074310,378702249004,50000,224280,274280
R074311,378702249003,50000,225570,275570
R074312,378702249002,50000,223420,273420
R074313,378702249001,50000,225140,275140
R074314,378702249006,50000,367900,417900
R074315,378702249007,50000,367900,417900
R074316,378702249008,50000,367900,417900
R074317,378702249009,50000,367900,417900
R074318,378702249010,50000,377710,427710
R074319,378702249011,50000,276320,326320
R074320,378702249012,50000,225570,275570
R074323,378702250005,50000,367250,417250
R074324,378702250004,50000,224710,274710
R074325,378702250003,50000,232160,282160
R074326,378702250002,50000,225570,275570
R074328,351500000059,120570,562480,683050
R074331,377700001003,5600,0,5600
R074332,378700000117,359930,0,359930
R074333,378700000118,372560,0,372560
R074334,318300000120,483650,1074470,1558120
R074335,291720101002,53990,1095560,1149550
R074336,291720101001,64790,2330770,2395560
R074337,291700000051,19430,729830,749260
R074338,378703400068,198520,308100,506620
R074339,378703402004,178600,533550,712150
R074340,325722203032,229640,0,229640
R074341,325722203033,229640,1098070,1327710
R074342,291728107010,78800,0,78800
R074352,368934001096,50200,113930,164130
R074353,368934001097,7920,0,7920
R074356,404900000169,509510,676140,1185650
R074361,325728102031,267300,775400,1042700
R074362,378702102017,250420,319070,569490
R074364,351500000060,291810,648830,940640
R074365,317726112016,0,397350,397350
R074366,317726112016,0,397350,397350
R074367,317726406005,0,248550,248550
R074368,317726406006,0,669140,669140
R074369,291726307007,149720,749030,898750
R074371,378702180001,177730,804310,982040
R074372,378702180002,162900,804310,967210
R074373,378702180003,162900,845590,1008490
R074374,378702180004,162900,845590,1008490
R074375,378702180005,162900,804310,967210
R074376,378702180006,162900,804310,967210
R074377,378702180007,667190,3065410,3732600
R074401,325728001003,330400,1703590,2033990
R074402,325728001004,3740,5860,9600
R074404,370100005032,13320,0,13320
R074405,370100005033,14040,0,14040
R074406,370100005034,13740,0,13740
R074407,370100005035,12640,0,12640
R074408,370100005036,15580,0,15580
R074409,370100005037,14040,0,14040
R074420,378702251001,50000,282390,332390
R074421,378702251002,50000,223420,273420
R074422,378702252001,50000,257840,307840
R074423,378702252002,50000,223420,273420
R074426,378702253001,50000,382480,432480
R074427,378702253002,50000,223420,273420
R074428,378702254001,50000,383160,433160
R074429,378702254002,50000,222400,272400
R074430,378702255001,50000,359550,409550
R074431,378702255002,50000,383100,433100
R074432,378702255003,50000,181590,231590
R074433,378702255004,50000,172000,222000
R074434,378702255005,50000,167080,217080
R074435,378702255006,50000,122350,172350
R074436,378702255007,50000,209990,259990
R074437,325707019004,21600,913710,935310
R074438,325707019003,21600,778020,799620
R074439,325707019002,21600,778020,799620
R074440,325707019001,21600,913710,935310
R074441,325707019010,24300,913710,938010
R074442,325707019011,21600,778020,799620
R074443,325707019012,24300,778020,802320
R074444,325707019013,24300,913710,938010
R074445,325707019005,24300,913710,938010
R074446,325707019006,21600,778020,799620
R074447,325707019007,21600,778020,799620
R074448,325707019008,21600,913710,935310
R074453,317735305002,637150,0,637150
R074454,317735305001,1484830,0,1484830
R074456,317726118058,0,1193050,1193050
R074457,398300000116,10260,0,10260
R074458,398300000115,49370,0,49370
R074459,369109000046,85470,37910,123380
R074460,325700000010,36300,0,36300
R074464,352533000041,38570,0,38570
R074465,352533000043,38570,0,38570
R074466,352533000042,44350,43380,87730
R074467,317735304004,114510,0,114510
R074468,317735304002,97770,0,97770
R074469,317735304003,104970,0,104970
R074470,317735304001,229810,0,229810
R074472,378702181002,102340,406070,508410
R074473,378702181003,97270,319220,416490
R074483,8,23860,0,23860
R074485,8,300,0,300
R074486,8,700,0,700
R074488,8,41890,0,41890
R074489,8,590,0,590
R074492,8,3160,0,3160
R074498,8,200,0,200
R074499,8,300,0,300
R074500,8,440,0,440
R074502,8,3720,0,3720
R074504,8,60,0,60
R074505,8,30,0,30
R074506,8,20,0,20
R074507,8,70,0,70
R074508,8,210,0,210
R074509,8,10,0,10
R074510,8,130,0,130
R074512,8,150,0,150
R074514,8,1610,0,1610
R074516,8,4450,0,4450
R074520,8,130,0,130
R074522,369109121004,33000,882680,915680
R074524,317934016023,49550,608930,658480
R074525,317934016021,15250,0,15250
R074526,317934016022,2290,0,2290
R074527,378708001026,90000,0,90000
R074529,370100000221,210610,145460,356070
R074530,369900000139,117900,494550,612450
R074533,291726216022,31520,0,31520
R074534,291726215023,39400,10610,50010
R074535,291726216023,31520,0,31520
R074536,317724303061,640260,1739510,2379770
R074537,317724303062,640260,0,640260
R074538,317724303063,886510,0,886510
R074539,325503126025,210000,414620,624620
R074540,325727258013,67360,950760,1018120
R074541,325727258012,52930,823050,875980
R074542,325727258011,52930,823050,875980
R074543,325727258010,64950,950760,1015710
R074544,325727258009,64950,950760,1015710
R074545,325727258008,55330,823050,878380
R074546,325727258007,55330,823050,878380
R074547,325727258006,67360,950760,1018120
R074548,325727258005,67360,950760,1018120
R074549,325727258004,52930,823050,875980
R074550,325727258003,55330,823050,878380
R074551,325727258002,64950,950760,1015710
R074559,317735006004,5009070,0,5009070
R074560,317735306004,83890,0,83890
R074561,317735306003,92880,0,92880
R074562,317735306002,83440,0,83440
R074563,317735306001,67450,0,67450
R074564,325503152014,1191160,9487190,10678350
R074565,317724201022,418220,1209870,1628090
R074567,317724303064,334390,2150040,2484430
R074569,370125010004,42400,0,42400
R074570,370125010003,36450,0,36450
R074571,370125010001,42400,0,42400
R074572,370125010006,41650,0,41650
R074573,370125010002,48350,0,48350
R074574,370125010005,43140,0,43140
R074575,378702256002,50000,246380,296380
R074576,378702256001,50000,321430,371430
R074578,378702257002,50000,246380,296380
R074579,378702257001,50000,321430,371430
R074580,378702258002,50000,316410,366410
R074581,378702258001,50000,378300,428300
R074582,378702259002,50000,246380,296380
R074583,378702259001,50000,321430,371430
R074584,378702260002,50000,246380,296380
R074585,378702260001,50000,321430,371430
R074586,425100000011,74340,359970,434310
R074587,317700000191,20630,1329380,1350010
R074589,378702261002,50000,246380,296380
R074590,378702261001,50000,321430,371430
R074591,378702262002,50000,246380,296380
R074592,378702262001,50000,321430,371430
R074593,325503180013,0,1185460,1185460
R074594,325503180014,0,1169360,1169360
R074595,325503180012,0,1278760,1278760
R074596,325503180015,0,1433560,1433560
R074597,325503180016,0,1192010,1192010
R074599,370136246001,441090,0,441090
R074601,404500000056,24080,167090,191170
R074602,352500000196,22030,0,22030
R074603,352500000197,8900,0,8900
R074604,291534000007,89420,0,89420
R074605,291500000136,666710,1445210,2111920
R074606,397100000022,23010,0,23010
R074609,425105001043,102360,858720,961080
R074610,351722022002,200000,137700,337700
R074611,351722022001,200000,1215380,1415380
R074612,351722022003,200000,496620,696620
R074614,325706018001,0,1728700,1728700
R074615,325706018002,0,1781290,1781290
R074616,325706018003,0,1781290,1781290
R074617,325706018004,0,1728700,1728700
R074618,325503183048,68980,940180,1009160
R074619,325503183047,260220,1437150,1697370
R074620,397100000026,30020,0,30020
R074621,397100000027,21320,0,21320
R074622,397100000024,21200,0,21200
R074623,397100000025,21320,0,21320
R074625,397100000006,1030,0,1030
R074626,397100000007,22130,0,22130
R074630,378701229021,127370,0,127370
R074631,378701229022,243240,0,243240
R074676,8,80,0,80
R074678,8,1660,0,1660
R074680,8,330,0,330
R074681,8,160,0,160
R074682,8,450,0,450
R074683,8,1820,0,1820
R074684,8,1460,0,1460
R074690,352100000023,195410,172090,367500
R074693,317723425131,0,768730,768730
R074695,369110210015,117000,76850,193850
R074696,369110210014,157250,129520,286770
R074699,8,1290,0,1290
R074701,8,150,0,150
R074702,8,150,0,150
R074703,8,1540,0,1540
R074707,8,5670,0,5670
R074709,378708001027,90000,121620,211620
R074711,325503109013,1390430,0,1390430
R074712,325503109014,463480,1378700,1842180
R074715,8,300,0,300
R074718,8,11760,0,11760
R074719,8,6970,0,6970
R074720,8,1282850,0,1282850
R074721,8,21140,0,21140
R074722,325503401010,20000,88690,108690
R074723,299312109004,18000,267710,285710
R074724,299312109005,99000,0,99000
R074725,370135443014,165990,0,165990
R074726,370135443013,204620,299010,503630
R074727,370135443012,165990,104210,270200
R074728,370135411010,165990,231100,397090
R074729,370135411011,204620,361430,566050
R074730,325503180020,0,1173470,1173470
R074731,325503180019,0,1158180,1158180
R074733,378702263002,127300,493500,620800
R074734,378702263003,127300,493500,620800
R074736,325707020001,148500,1328660,1477160
R074737,325707020002,148500,1322240,1470740
R074738,325707419012,389810,1318620,1708430
R074739,325707419011,311850,1243140,1554990
R074740,325707419010,311850,1318620,1630470
R074741,325707419009,311850,1318620,1630470
R074742,325707419008,311850,1243140,1554990
R074743,325707419007,311850,1318620,1630470
R074746,325707419006,311850,1318620,1630470
R074747,325707419005,311850,1243140,1554990
R074748,325707419004,311850,1318620,1630470
R074749,325707419003,311850,1318620,1630470
R074750,325707419002,311850,1243140,1554990
R074751,325707419001,311850,1318620,1630470
R074752,325706019001,0,1394320,1394320
R074753,325706019002,0,1401630,1401630
R074754,317726167008,173700,2242100,2415800
R074755,317726167007,173700,2242100,2415800
R074756,317726167006,173700,2242100,2415800
R074757,317726167005,173700,2242100,2415800
R074758,317726167003,173700,2242100,2415800
R074759,317726167002,173700,2242100,2415800
R074760,317726110044,1720500,0,1720500
R074763,398303202030,46500,0,46500
R074764,398303202029,65100,702940,768040
R074765,325718002024,553560,0,553560
R074766,291723401044,48220,0,48220
R074767,369109125007,11000,67260,78260
R074768,325721406054,255150,0,255150
R074769,325721406053,255150,969170,1224320
R074770,352500000198,20800,0,20800
R074771,352500000199,46840,0,46840
R074772,325718002025,907090,817350,1724440
R074773,351900000106,215000,0,215000
R074775,298900000072,750,0,750
R074776,298900000073,40690,0,40690
R074777,377700002001,2950,647800,650750
R074778,377700002002,2950,1082780,1085730
R074779,405130003075,24000,0,24000
R074780,405130003074,24000,0,24000
R074781,379100005002,28750,912150,940900
R074782,379100005001,40,0,40
R074783,370135001001,2340,0,2340
R074784,370135001002,2340,4060,6400
R074785,370135001003,1000,5320,6320
R074786,325727259001,101530,0,101530
R074787,325727259002,86320,0,86320
R074788,325727259003,85730,0,85730
R074790,325727259005,87280,0,87280
R074791,325727259006,85210,0,85210
R074792,325727259007,77190,0,77190
R074793,325727259008,77190,0,77190
R074794,325727259009,160060,0,160060
R074795,325727259010,85210,0,85210
R074796,325727259011,85210,0,85210
R074797,325727259012,77190,0,77190
R074798,325727259013,77190,0,77190
R074799,325727259014,213710,0,213710
R074800,325727259015,132780,0,132780
R074801,325727259016,85210,0,85210
R074802,325727259017,85210,0,85210
R074803,325727259018,77190,0,77190
R074804,325727259019,85210,0,85210
R074805,325727259020,85210,0,85210
R074806,325727259021,204090,0,204090
R074807,325727259022,77190,0,77190
R074808,325727259023,77190,0,77190
R074809,325727259024,230880,0,230880
R074810,325727259025,97330,0,97330
R074811,325727259026,155560,0,155560
R074812,325727259027,221570,734870,956440
R074813,325727259028,221570,0,221570
R074814,325727259029,338280,0,338280
R074815,325727255003,1000,0,1000
R074816,317934020012,39170,0,39170
R074817,317934020011,78350,0,78350
R074818,325503134021,203000,1116770,1319770
R074819,325503134022,623140,1917280,2540420
R074820,325512022018,755950,2324930,3080880
R074821,325512022019,601250,2029070,2630320
R074822,369110201007,132370,469870,602240
R074823,369110201008,284460,1285170,1569630
R074831,404900000171,10830,0,10830
R074832,404900000172,6350,0,6350
R074833,404900000173,5510,0,5510
R074834,404900000174,6720,0,6720
R074835,404900000175,7580,0,7580
R074836,404900000176,7310,0,7310
R074837,404900000177,5970,0,5970
R074838,404900000178,6800,0,6800
R074839,404900000179,6260,0,6260
R074840,404900000170,29010,1312260,1341270
R074843,369110211007,41560,0,41560
R074844,369110211008,32420,0,32420
R074847,378701222002,1089900,0,1089900
R074848,378702264001,316260,0,316260
R074849,378702264002,127300,493500,620800
R074850,378702182002,121190,278580,399770
R074851,378702182001,133550,258310,391860
R074852,325721417002,119410,770250,889660
R074853,325721417001,110220,770800,881020
R074857,325503150037,1560950,1995750,3556700
R074864,325503180021,0,787730,787730
R074865,325503180022,0,1347070,1347070
R074866,325503180023,0,1056760,1056760
R074867,325503180024,0,1057180,1057180
R074868,325503180025,0,1027880,1027880
R074869,325503180026,0,1029390,1029390
R074870,325503180027,0,1087890,1087890
R074871,317734401017,3323970,0,3323970
R074872,317734401016,1107990,2794690,3902680
R074873,378702183002,107800,458180,565980
R074874,378702183003,99690,319220,418910
R074876,378702138013,165990,257720,423710
R074877,378702265002,50000,305500,355500
R074878,378702265001,50000,305500,355500
R074879,325728106068,384240,108780,493020
R074880,325728106067,768490,790850,1559340
R074881,370135451011,148730,475110,623840
R074882,291533000012,7370,0,7370
R074883,291533000012,3690,0,3690
R074884,291725000066,18710,123270,141980
R074885,291725000066,56120,369820,425940
R074893,369110218013,225700,306690,532390
R074894,369110218012,135780,0,135780
R074898,325500000163,4935120,0,4935120
R074899,317700000192,4328190,0,4328190
R074901,317700000194,211930,0,211930
R074903,317900000097,89330,0,89330
R074904,317900000096,4259530,0,4259530
R074905,317731000005,97620,0,97620
R074906,317731000006,118410,0,118410
R074907,325500000165,351260,0,351260
R074914,317723431001,123470,0,123470
R074915,370125011001,196780,0,196780
R074916,370125011002,197100,0,197100
R074918,378702184001,204620,0,204620
R074919,378702185001,165990,0,165990
R074922,378701245012,180000,227480,407480
R074923,378701245013,180000,206160,386160
R074928,325512046002,311320,0,311320
R074931,325512046004,312180,0,312180
R074932,325512046005,314890,0,314890
R074933,325512046006,302120,0,302120
R074934,325512046007,327660,0,327660
R074935,325512046008,321780,0,321780
R074951,8,300,0,300
R074952,8,200,0,200
R074953,8,1240,0,1240
R074954,1,1700,0,1700
R074955,1,260,0,260
R074956,8,540,0,540
R074957,8,640,0,640
R074958,8,1760,0,1760
R074959,1,720,0,720
R074960,1,600,0,600
R074961,1,40,0,40
R074962,1,810,0,810
R074963,1,200,0,200
R074964,6,1300,0,1300
R074965,8,6340,0,6340
R074966,1,12980,0,12980
R074968,8,350,0,350
R074970,370111004001,177600,612650,790250
R074971,370111004002,177600,0,177600
R074972,8,860,0,860
R074973,8,30,0,30
R074974,8,100,0,100
R074975,8,100,0,100
R074976,,170,0,170
R074977,8,220,0,220
R074978,8,150,0,150
R074979,8,150,0,150
R074980,8,560,0,560
R074981,8,300,0,300
R074983,8,150,0,150
R074984,8,720,0,720
R074985,8,1210,0,1210
R074986,8,430,0,430
R074987,8,8310,0,8310
R074988,8,1490,0,1490
R074989,8,130,0,130
R074990,291727102026,78800,0,78800
R074991,8,850,0,850
R074992,8,1560,0,1560
R074993,343700001038,2220,0,2220
R074994,343700002002,520,0,520
R074995,405107001016,62730,0,62730
R074996,405107001017,15300,0,15300
R074997,378702145011,239230,0,239230
R074998,378702145010,259600,0,259600
R074999,291707304002,143800,792680,936480
R075000,291707304001,143800,749720,893520
R075001,325727240026,164800,110460,275260
R075004,325303015010,87210,269310,356520
R075005,398300003001,31200,2936070,2967270
R075006,398300003002,31540,774980,806520
R075007,317900001001,52970,0,52970
R075008,317900001002,134020,0,134020
R075009,317900001003,128300,54330,182630
R075010,378702143005,1192510,110920,1303430
R075011,378702143004,347070,36980,384050
R075013,317713304044,19500,659960,679460
R075014,317713304045,19500,659960,679460
R075016,351733306001,107550,0,107550
R075017,351733306003,107550,0,107550
R075018,351733305004,134120,401960,536080
R075019,351733306002,51100,0,51100
R075020,378702142004,319560,65310,384870
R075021,378702142006,446010,0,446010
R075023,317700006002,3880,0,3880
R075024,317700006001,1350,0,1350
R075029,378701236012,347070,71300,418370
R075030,378701236013,347070,240760,587830
R075031,325503131026,453900,2784820,3238720
R075032,325503131027,753260,0,753260
R075033,325503131025,595480,2713040,3308520
R075034,378703100010,123560,0,123560
R075035,378703100009,248800,266180,514980
R075036,370136015001,1420,0,1420
R075037,370136016001,1210,0,1210
R075038,350900001001,83330,0,83330
R075039,350900001002,94150,132240,226390
R075040,298900000074,81570,0,81570
R075041,298900000075,790,0,790
R075042,378702266002,50000,326130,376130
R075043,378702266003,50000,309450,359450
R075045,378702267002,50000,592900,642900
R075046,378702267003,50000,447430,497430
R075048,378700004001,39830,0,39830
R075049,378710036001,1270,0,1270
R075050,378711002001,2930,46980,49910
R075051,378702155006,0,475120,475120
R075052,378702155007,0,282150,282150
R075053,378702155008,0,365390,365390
R075054,378702155009,0,280470,280470
R075055,325512047001,0,554990,554990
R075056,325512047005,0,935910,935910
R075057,325512047004,0,935910,935910
R075058,325512047003,0,935910,935910
R075059,325512047002,0,935910,935910
R075060,325503186038,0,118690,118690
R075061,325503186036,0,234100,234100
R075062,325503186037,0,240340,240340
R075063,378702186001,121320,480460,601780
R075064,378702186002,133410,505630,639040
R075065,378702128013,181400,0,181400
R075066,378702187002,0,354620,354620
R075067,378702187001,0,519080,519080
R075068,378702142005,320770,54590,375360
R075069,405307300001,90050,247460,337510
R075070,405307300002,10080,0,10080
R075071,405307300003,63530,273380,336910
R075072,405307300004,10080,0,10080
R075073,325727260001,133650,630390,764040
R075074,325727260002,133650,630390,764040
R075075,352700000015,4830,0,4830
R075076,291726216013,12800,0,12800
R075077,325300000061,274920,192590,467510
R075078,325300000060,161110,0,161110
R075079,352529000055,74730,0,74730
R075080,369110218015,30820,0,30820
R075081,369110218016,8960,0,8960
R075082,369110218017,11520,0,11520
R075083,369110218018,60190,0,60190
R075084,369110218014,125140,192650,317790
R075085,318500000056,92530,0,92530
R075086,318500000057,579270,0,579270
R075087,351700000047,64530,0,64530
R075088,351700000048,2830,1129830,1132660
M000002,370135300045,0,37670,37670
M000003,370135300017,0,82740,82740
M000012,378702213005,0,10640,10640
M000013,378702200058,0,18860,18860
M000014,378702213005,0,79000,79000
M000017,378702233001,0,15160,15160
M000020,378702213005,0,10470,10470
M000021,378702213005,0,23060,23060
M000022,378702107007,0,8280,8280
M000024,378702200058,0,17970,17970
M000025,378702213005,0,16470,16470
M000027,378702213005,0,18940,18940
M000028,378702201010,0,8530,8530
M000030,378702213005,0,35170,35170
M000038,370135446003,0,50450,50450
M000043,378702107001,0,28910,28910
M000044,351722012002,0,49900,49900
M000045,378702213005,0,46590,46590
M000057,378702200058,0,35120,35120
M000066,378702233001,0,21420,21420
M000067,370135300045,0,62190,62190
M000069,370135437002,0,28010,28010
M000071,370135300045,0,20970,20970
M000085,370135430005,0,34860,34860
M000086,370135446003,0,39230,39230
M000087,378701238010,0,212360,212360
M000091,378500000018,0,74040,74040
M000092,370135300045,0,16620,16620
M000095,370135300045,0,18250,18250
M000097,378702107007,0,46850,46850
M000098,370135300045,0,55130,55130
M000103,378702107001,0,38050,38050
M000104,378702200058,0,43900,43900
M000105,398300000027,0,44130,44130
M000107,378702200058,0,31450,31450
M000108,370135446003,0,1540,1540
M000109,378702200058,0,20970,20970
M000111,378702200058,0,45860,45860
M000114,378701238007,0,15160,15160
M000115,378702213005,0,40360,40360
M000118,370135332001,0,20580,20580
M000120,378702200058,0,20970,20970
M000121,378702200058,0,43900,43900
M000123,378701238007,0,32290,32290
M000126,378702200058,0,43240,43240
M000129,370135300045,0,19170,19170
M000130,378702213005,0,18740,18740
M000131,378702233001,0,16060,16060
M000134,378702200058,0,35120,35120
M000136,378702117004,0,19090,19090
M000138,370135300045,0,71670,71670
M000141,378702200058,0,39970,39970
M000142,370135430005,0,19770,19770
M000148,370135429007,0,55700,55700
M000149,378702213005,0,22650,22650
M000150,370135437007,0,14280,14280
M000152,370135300045,0,41090,41090
M000155,378701238010,0,18940,18940
M000156,378702106003,0,32290,32290
M000158,378702200058,0,54870,54870
M000161,378702213005,0,36380,36380
M000165,378702200058,0,34590,34590
M000169,378702201021,0,15880,15880
M000174,378701238010,0,18450,18450
M000179,378702213005,0,15160,15160
M000183,378702117005,0,37300,37300
M000187,370135300045,0,89110,89110
M000189,378701238010,0,15970,15970
M000190,378702233001,0,40360,40360
M000192,378702200058,0,101400,101400
M000193,378702213005,0,46130,46130
M000196,370135300045,0,19170,19170
M000199,378702200058,0,113570,113570
M000206,370124000081,0,26360,26360
M000208,378702106003,0,29280,29280
M000210,370135300045,0,17040,17040
M000212,378702200058,0,19160,19160
M000214,370135300045,0,43240,43240
M000216,370135300045,0,49140,49140
M000218,370135429007,0,22650,22650
M000223,378533003001,0,36320,36320
M000224,378701238010,0,28830,28830
M000225,370135446003,0,48290,48290
M000227,370135300045,0,22460,22460
M000228,378702213005,0,15160,15160
M000233,378702110004,0,28740,28740
M000236,378702233001,0,37480,37480
M000239,370135300045,0,39970,39970
M000240,378702200058,0,46400,46400
M000243,378702200058,0,17220,17220
M000245,378701238010,0,21830,21830
M000248,370135300045,0,49470,49470
M000249,370135446003,0,23060,23060
M000252,370135300045,0,163930,163930
M000253,378702200058,0,49800,49800
M000254,378702213005,0,33130,33130
M000255,378701238007,0,20520,20520
M000256,378702115004,0,36690,36690
M000257,378702200058,0,19460,19460
M000260,370135446003,0,1110,1110
M000262,378702213005,0,37480,37480
M000265,370135431001,0,16470,16470
M000266,370135432001,0,16470,16470
M000267,370135431001,0,18120,18120
M000268,370135431001,0,18120,18120
M000269,370135431001,0,18120,18120
M000270,370135431001,0,18120,18120
M000271,370135431001,0,18120,18120
M000272,370135432001,0,13180,13180
M000273,370135432001,0,13180,13180
M000274,370135431001,0,13180,13180
M000275,370135432001,0,16470,16470
M000276,370135431001,0,15810,15810
M000277,370135431001,0,15810,15810
M000278,370135431001,0,16470,16470
M000279,370135431001,0,16470,16470
M000280,370135432001,0,16470,16470
M000281,370135432001,0,16470,16470
M000282,370135432001,0,16470,16470
M000283,370135432001,0,16470,16470
M000284,370135432001,0,16470,16470
M000285,370135432001,0,16470,16470
M000287,370135432001,0,20590,20590
M000288,370135432001,0,16470,16470
M000289,370135432001,0,16470,16470
M000290,370135432001,0,16470,16470
M000291,370135432001,0,16470,16470
M000292,370135432001,0,20590,20590
M000293,370135432001,0,16470,16470
M000294,370135432001,0,18120,18120
M000295,370135431001,0,15810,15810
M000296,370135431001,0,13180,13180
M000297,370135431001,0,22650,22650
M000298,370135431001,0,13180,13180
M000299,370135431001,0,13180,13180
M000301,370135431001,0,13180,13180
M000302,370135431001,0,16470,16470
M000304,370135431001,0,16470,16470
M000305,370135431001,0,16470,16470
M000306,378702107007,0,14990,14990
M000309,378702213005,0,55860,55860
M000311,378701238007,0,10470,10470
M000313,378702107001,0,23060,23060
M000319,370135300045,0,16770,16770
M000321,370135300045,0,24960,24960
M000323,378702200058,0,16770,16770
M000324,378702213005,0,48130,48130
M000326,378702233001,0,15160,15160
M000328,370124011013,0,16680,16680
M000330,343700000019,0,34600,34600
M000335,378702201021,0,71390,71390
M000337,370135300045,0,135200,135200
M000339,378702233001,0,33150,33150
M000340,378701238007,0,45760,45760
M000344,378701238007,0,89230,89230
M000345,370135300045,0,39310,39310
M000348,370135437002,0,18870,18870
M000350,370135300045,0,43240,43240
M000351,378702200058,0,46520,46520
M000352,378702200058,0,39310,39310
M000355,378702233001,0,15160,15160
M000358,370135300045,0,22460,22460
M000371,378702233001,0,18070,18070
M000372,370124000081,0,35140,35140
M000374,370124000081,0,23060,23060
M000493,378702107001,0,18740,18740
M000495,370124000081,0,54050,54050
M000498,378702200058,0,34590,34590
M002474,325503126022,0,71180,71180
M002478,370135300045,0,36390,36390
M002481,325503126026,0,40740,40740
M002488,325503126015,0,71180,71180
M002490,325503129005,0,91440,91440
M002493,398100000024,0,3060,3060
M002497,325503126011,0,140730,140730
M003615,369110209003,0,11240,11240
M003617,369105000023,0,14050,14050
M003622,369109136006,0,41620,41620
M003624,369109137012,0,25770,25770
M003625,369110210004,0,14470,14470
M003626,369109137013,0,21720,21720
M003627,369109407003,0,18100,18100
M006348,370124000081,0,54470,54470
M006351,378702115004,0,60360,60360
M006354,370124000081,0,48290,48290
M006355,370122301011,0,22680,22680
M006356,369932000004,0,28110,28110
M006359,370134000024,0,14690,14690
M006365,397100000016,0,14570,14570
M006366,379100000042,0,29670,29670
M006370,378500000012,0,23700,23700
M006373,370122301006,0,36170,36170
M006377,370124000081,0,14500,14500
M006378,351722012002,0,14680,14680
M006380,370124000081,0,43240,43240
M006385,369526200013,0,35770,35770
M006391,370122305002,0,29840,29840
M006395,351500000013,0,36870,36870
M006396,378700000052,0,24770,24770
M006397,369932000003,0,21620,21620
M006400,379300000054,0,39210,39210
M006402,370124000081,0,16470,16470
M006403,370124000081,0,18940,18940
M006404,370124000081,0,15160,15160
M006406,370124000081,0,16470,16470
M006407,370124000081,0,13180,13180
M006410,370124000081,0,17740,17740
M006411,370124000081,0,31270,31270
M006412,370124000081,0,22650,22650
M006413,370124000081,0,13180,13180
M006414,370124000081,0,13180,13180
M006415,370125000002,0,23980,23980
M006416,370125000002,0,37930,37930
M006417,378702233001,0,34590,34590
M006421,370125000010,0,206270,206270
M006422,378708001007,0,15720,15720
M006429,370124000081,0,16470,16470
M006431,397100000016,0,25020,25020
M006438,378702200058,0,16470,16470
M006440,351722012002,0,25420,25420
M006445,370125000035,0,41970,41970
M006450,351722012002,0,64670,64670
M006469,351722012002,0,44360,44360
M006472,370124011007,0,16220,16220
M006474,405300000118,0,19800,19800
M006478,378702106003,0,29660,29660
M006489,378500000018,0,35490,35490
M006490,370135300045,0,49800,49800
M006491,378708000028,0,8900,8900
M006504,369500000030,0,11580,11580
M006507,378500000028,0,26730,26730
M006512,351722012002,0,60150,60150
M006513,370124000081,0,21470,21470
M006515,378703400022,0,22800,22800
M006518,370124000081,0,32030,32030
M006523,378903000004,0,40730,40730
M006524,351722012002,0,22360,22360
M006526,378702201010,0,29980,29980
M006530,379300000024,0,23350,23350
M006532,378500000018,0,49750,49750
M006538,370124000081,0,29410,29410
M006541,370122304011,0,22550,22550
M006542,351722012002,0,46140,46140
M006543,351722012002,0,29350,29350
M006547,378708000058,0,16470,16470
M006548,351722012002,0,62380,62380
M006556,351722012002,0,49960,49960
M006558,378708000028,0,10110,10110
M006559,351722012002,0,51370,51370
M006570,378702200058,0,35120,35120
M006571,351722012002,0,20970,20970
M006581,351700000013,0,44030,44030
M006583,370122304069,0,49730,49730
M006584,370124000081,0,43960,43960
M006585,351722012002,0,55040,55040
M006587,370124000081,0,19120,19120
M006590,370124000081,0,28740,28740
M006591,378704000003,0,45410,45410
M006592,351722012002,0,64470,64470
M006594,424300000051,0,1360,1360
M006596,378708001011,0,32430,32430
M006601,370124000081,0,21000,21000
M006603,378500000018,0,29180,29180
M006608,370122301025,0,38360,38360
M006609,378702200058,0,44550,44550
M006614,370124000081,0,29980,29980
M006615,378500000018,0,87990,87990
M006617,378500000018,0,76300,76300
M006621,378702115004,0,26770,26770
M006622,351722012002,0,40290,40290
M006625,370122305004,0,34060,34060
M006626,378702201010,0,53000,53000
M006630,378703400027,0,47570,47570
M006631,370124000081,0,36690,36690
M006632,378702213005,0,16060,16060
M006637,370124000081,0,28910,28910
M006642,370124011026,0,16940,16940
M006643,370124000081,0,37480,37480
M006645,351722012002,0,47700,47700
M006646,378500000018,0,32970,32970
M006648,370135446003,0,23060,23060
M006649,378702200058,0,34070,34070
M006654,351722012002,0,47910,47910
M006655,397100000016,0,19480,19480
M006656,351722012002,0,42860,42860
M006658,370124000081,0,13340,13340
M006660,351714401011,0,23980,23980
M006665,351722012002,0,56610,56610
M006667,370135446003,0,32760,32760
M006668,370124000081,0,31400,31400
M006672,370125000033,0,18210,18210
M006674,351722012002,0,28130,28130
M006675,370135446003,0,20210,20210
M006677,378708001010,0,45150,45150
M006680,378702200058,0,36690,36690
M006682,370124000081,0,16140,16140
M006684,378702115004,0,107080,107080
M006685,378704000003,0,36320,36320
M006687,378708001009,0,32430,32430
M006696,378708001013,0,22010,22010
M006699,370124000082,0,41280,41280
M006700,370124000081,0,19050,19050
M006702,351722012002,0,29350,29350
M006704,370124011003,0,6870,6870
M006707,351722012002,0,60540,60540
M006708,379114300005,0,37430,37430
M006719,370124000081,0,23420,23420
M011061,370135446003,0,20100,20100
M011063,398300000109,0,13770,13770
M011065,369932000003,0,45410,45410
M011069,326300001001,0,21230,21230
M011075,398300000027,0,38490,38490
M011076,326300000004,0,27150,27150
M016201,398500000076,0,43610,43610
M017577,431300000039,0,21210,21210
M017578,370122301014,0,21750,21750
M017582,378702213005,0,26210,26210
M017810,378500000018,0,24640,24640
M017813,325503126020,0,93410,93410
M024626,378702200058,0,33550,33550
M024627,370124000081,0,23420,23420
M024629,370124000081,0,16470,16470
M024631,370135429007,0,47260,47260
M024636,370124011024,0,21620,21620
M024637,378702233001,0,20100,20100
M024641,370122306010,0,17790,17790
M024642,351722012002,0,62380,62380
M024644,351722012002,0,20830,20830
M024645,351722012002,0,67220,67220
M025323,378702200058,0,43900,43900
M025327,378702200058,0,103430,103430
M025455,378708000028,0,13100,13100
M025556,378702200058,0,36690,36690
M025557,378702200058,0,143210,143210
M025769,369100000013,0,275180,275180
M025934,379123000008,0,35300,35300
M025991,370135429007,0,68470,68470
M026025,298900000016,0,18210,18210
M026409,378500000028,0,122050,122050
M026410,370124000081,0,48290,48290
M026505,378702200058,0,99540,99540
M026520,370124000081,0,139000,139000
M026522,378500000028,0,309120,309120
M026584,378702233001,0,19780,19780
M026801,370124000081,0,38340,38340
M026802,378702200058,0,29810,29810
M026803,378702200058,0,48020,48020
M026957,378500000018,0,46000,46000
M027357,378702200058,0,46520,46520
M027381,378500000018,0,49660,49660
M027447,318300000074,0,69840,69840
M027448,378702200058,0,101400,101400
M027479,378500000018,0,64210,64210
M027480,398500000071,0,34400,34400
M027520,370124000081,0,14430,14430
M027522,378702200058,0,33360,33360
M027711,370124000081,0,47400,47400
M027731,378702200058,0,33620,33620
M027816,378702143006,0,18840,18840
M027913,370135300045,0,98270,98270
M027914,378500000014,0,16820,16820
M027915,378702200058,0,124430,124430
M027916,378702233001,0,47570,47570
M027918,370135300045,0,99540,99540
M027921,378500000018,0,69710,69710
M027922,378500000018,0,58770,58770
M027923,378500000018,0,69220,69220
M027988,325503126014,0,145950,145950
M030094,378500000018,0,76820,76820
M030098,370135300045,0,221130,221130
M030101,378702200058,0,1890,1890
M030103,378500000018,0,31450,31450
M030106,405300000104,0,17890,17890
M030107,370124000081,0,20760,20760
M030202,378702200058,0,99540,99540
M030203,378702213005,0,47930,47930
M030204,378708001022,0,26540,26540
M030446,370124000081,0,29140,29140
M030448,351722012002,0,99750,99750
M030449,351722012002,0,58840,58840
M030482,351722012002,0,58380,58380
M030483,351722012002,0,60540,60540
M030486,370135300045,0,93290,93290
M030488,370135446003,0,57340,57340
M030489,325503126024,0,169160,169160
M030491,398300000027,0,43120,43120
M030509,378500000018,0,29650,29650
M030510,370124000081,0,37480,37480
M030583,351722012002,0,139360,139360
M030586,378702300052,0,227890,227890
M030594,370122301023,0,39780,39780
M030612,370124000081,0,24270,24270
M030619,370135446003,0,45170,45170
M030621,370124000081,0,24710,24710
M030719,370135300045,0,200660,200660
M030720,370124000081,0,95090,95090
M030722,370135446003,0,59460,59460
M030728,370124000081,0,23830,23830
M030729,378702200058,0,82200,82200
M030783,378702200058,0,41930,41930
M030788,369908000006,0,19160,19160
M030791,378700000069,0,146750,146750
M030793,370124000081,0,15350,15350
M030799,370100000064,0,171990,171990
M030808,378500000014,0,30340,30340
M030809,378500000014,0,30340,30340
M030810,378500000014,0,30340,30340
M030811,378500000014,0,30340,30340
M030812,378500000014,0,30340,30340
M030813,378500000014,0,29740,29740
M030815,378500000014,0,108110,108110
M030816,378500000014,0,137180,137180
M030943,370124000081,0,20580,20580
M031037,378702200058,0,54050,54050
M031053,370124011008,0,27030,27030
M031055,378702200058,0,54050,54050
M031056,378702213005,0,101870,101870
M031071,378702200058,0,99540,99540
M031103,370124011005,0,49770,49770
M031104,378500000018,0,41090,41090
M031107,378903001004,0,191120,191120
M031121,378701238007,0,232300,232300
M031122,378702200058,0,54050,54050
M031123,378903001003,0,109500,109500
M031124,351722012002,0,87140,87140
M031132,370135300045,0,170530,170530
M031139,325503126028,0,162210,162210
M031140,370135446003,0,19770,19770
M031141,378500000014,0,31770,31770
M031142,378500000014,0,29970,29970
M031143,378500000014,0,30120,30120
M031144,378500000014,0,30120,30120
M031145,378500000014,0,30190,30190
M031146,378500000014,0,30190,30190
M031147,431300000019,0,277790,277790
M031166,405300000078,0,320950,320950
M031171,378903001002,0,96580,96580
M031174,404500000064,0,119250,119250
M031175,370135446003,0,59460,59460
M031228,378702201011,0,250000,250000
M031285,378702200058,0,108160,108160
M031287,325503401007,0,73260,73260
M031289,325503401004,0,60450,60450
M031291,325503401006,0,61090,61090
M031293,370122304063,0,59940,59940
M031294,351722012002,0,103060,103060
M031298,378702233001,0,54050,54050
M031405,378702200058,0,42590,42590
M031432,370125000035,0,77010,77010
M031433,378702106003,0,40360,40360
M031434,325503126008,0,74740,74740
M031440,378711000015,0,457280,457280
M031470,378500000018,0,51320,51320
M031471,398300000003,0,13630,13630
M031520,398700000035,0,270270,270270
M031606,378500000014,0,114110,114110
M031607,378500000014,0,113020,113020
M031608,378500000014,0,108110,108110
M031609,378500000014,0,108110,108110
M031610,378500000014,0,29820,29820
M031612,378500000014,0,29820,29820
M031613,378500000014,0,29820,29820
M031614,378500000014,0,29820,29820
M031615,378500000014,0,29820,29820
M031675,378702200058,0,102750,102750
M032052,351722012002,0,75680,75680
M032069,370135446003,0,59460,59460
M032120,351722012002,0,73380,73380
M032171,378702106003,0,34440,34440
M032234,378702107001,0,156160,156160
M032241,370135300045,0,217040,217040
M032248,325503126010,0,101880,101880
M032258,325503126009,0,168060,168060
M032649,398700000035,0,149720,149720
M032650,378703411001,0,24710,24710
M032657,378708001025,0,81900,81900
M032658,378708000028,0,40040,40040
M032659,370124011009,0,51380,51380
M032676,378702200079,0,99540,99540
M032679,370124011002,0,51380,51380
M032690,378708000028,0,40040,40040
M032716,378708000028,0,41180,41180
M032717,378702200079,0,99540,99540
M032789,378702200079,0,99540,99540
M032790,378702200079,0,96330,96330
M032877,378702200079,0,124430,124430
M032990,378702200079,0,97010,97010
M032991,378702200079,0,99540,99540
M033053,378702200079,0,99540,99540
M033135,378702200079,0,99540,99540
M033136,378702200079,0,99540,99540
M033137,370125000010,0,113570,113570
M033138,378702200058,0,45210,45210
M033140,397500000005,0,21960,21960
M033141,370135446003,0,46850,46850
M033142,378702200058,0,45860,45860
M033143,370122304062,0,141290,141290
M033145,369900000066,0,79500,79500
M033148,378500000014,0,31170,31170
M033149,378500000014,0,31170,31170
M033150,378500000014,0,31170,31170
M033151,378500000014,0,31170,31170
M033152,378500000014,0,31170,31170
M033153,378500000014,0,29820,29820
M033154,378500000014,0,29820,29820
M033158,370124000081,0,47570,47570
M033160,370122303053,0,124380,124380
M033161,370122304003,0,114470,114470
M033167,378702200058,0,73350,73350
M033169,370124000081,0,24710,24710
M033172,370135300045,0,102750,102750
M033173,325503126017,0,159210,159210
M033175,378129100008,0,12280,12280
M033177,378708000028,0,41810,41810
M033179,397900000037,0,113570,113570
M033181,370135300045,0,189540,189540
M033182,396900000030,0,309270,309270
M033183,378702200058,0,108160,108160
M033185,378702200058,0,108160,108160
M033186,378702200058,0,108160,108160
M033187,370124000081,0,41130,41130
M033188,378500000014,0,31250,31250
M033190,378500000014,0,31170,31170
M033191,378500000014,0,31170,31170
M033192,378500000014,0,31170,31170
M033193,378500000014,0,31170,31170
M033194,378500000014,0,31170,31170
M033195,378500000014,0,31170,31170
M033196,378500000014,0,31170,31170
M033197,378500000014,0,31170,31170
M033198,378500000014,0,31170,31170
M033199,370124000081,0,19140,19140
M033209,378702200058,0,102750,102750
M033211,378500000018,0,143850,143850
M033216,378702200058,0,103430,103430
M033217,351722012002,0,143850,143850
M033218,378700000050,0,126750,126750
M033220,370135300045,0,102750,102750
M033221,378708000028,0,40250,40250
M033226,378702200058,0,95060,95060
M033229,378708000028,0,41910,41910
M033230,378708000028,0,40560,40560
M033231,378500000018,0,26210,26210
M033232,378708000028,0,41180,41180
M033233,370135431001,0,46850,46850
M033237,378708000028,0,41910,41910
M033238,405300000104,0,107890,107890
M033240,378708000028,0,60220,60220
M033242,378702200058,0,89230,89230
M033244,378708000028,0,42430,42430
M033247,378702200058,0,89230,89230
M033248,370135432001,0,43240,43240
M033251,370124000082,0,61330,61330
M033252,370124000082,0,61330,61330
M033253,370124000082,0,39310,39310
M033254,370124000082,0,39310,39310
M033256,325502002003,0,663390,663390
M033258,378903001001,0,22410,22410
M033262,370124000082,0,67700,67700
M033264,370134000019,0,44030,44030
M033268,378702200058,0,99370,99370
M033270,378708000028,0,41500,41500
M033271,396900000011,0,110070,110070
M033273,370122304066,0,62630,62630
M033278,369110210006,0,10430,10430
M033279,378708000028,0,102210,102210
M033282,378702200058,0,135200,135200
M033285,378702200058,0,79630,79630
M033286,318517008006,0,50370,50370
M071050,378500000018,0,42370,42370
M071248,378714000001,0,59620,59620
M071372,370135300045,0,117880,117880
M071373,370135300045,0,121680,121680
M071573,378500000014,0,30950,30950
M072141,370100009002,0,294840,294840
M072521,378702200058,0,128440,128440
M072627,370122305055,0,178860,178860
M072628,370135437005,0,296490,296490
M072708,351722012002,0,174200,174200
M073137,370135300045,0,110910,110910
M073138,370135300045,0,110910,110910
M073221,378701238010,0,78830,78830
M073398,378702200058,0,143650,143650
M073600,378701238007,0,122000,122000
M073606,378702200058,0,130710,130710
M073615,378702200058,0,158020,158020
M074234,351722012002,0,90210,90210
M074282,378700000006,0,142590,142590
M074403,378701238010,0,126060,126060
M074566,370135331012,0,319740,319740
M074613,378702116004,0,122000,122000
M074685,378702116004,0,122000,122000
M074686,378702116004,0,122000,122000
M074687,370135300045,0,121680,121680
M074691,378702116004,0,122000,122000
M074692,378702116004,0,122000,122000
M074861,378702116004,0,122000,122000
M074862,378702116004,0,122000,122000
M074863,378702116004,0,122000,122000
M074924,378702116004,0,122000,122000
M074925,378702116004,0,122000,122000
M074926,378702116004,0,122000,122000
M074927,378702116004,0,122000,122000
